{"type":"FeatureCollection","features":[{"type":"Feature","id":"6632686976:trunk","properties":{"part":"trunk","base":0,"height":3,"osmId":6632686976},"geometry":{"type":"Polygon","coordinates":[[[149.1258245013269,-35.273941],[149.1258239116609,-35.27393920337765],[149.12582230066343,-35.273937888158805],[149.1258201,-35.2739374067553],[149.12581789933657,-35.273937888158805],[149.1258162883391,-35.27393920337765],[149.1258156986731,-35.273941],[149.1258162883391,-35.27394279662235],[149.12581789933657,-35.273944111841196],[149.1258201,-35.2739445932447],[149.12582230066343,-35.273944111841196],[149.1258239116609,-35.27394279662235],[149.1258245013269,-35.273941]]]}},{"type":"Feature","id":"6632686976:crown","properties":{"part":"crown","base":2.5,"height":5.5,"osmId":6632686976},"geometry":{"type":"Polygon","coordinates":[[[149.12585861161028,-35.273941],[149.12585345203286,-35.27392527955444],[149.12583935580514,-35.273913771389566],[149.1258201,-35.27390955910887],[149.12580084419486,-35.273913771389566],[149.12578674796714,-35.27392527955444],[149.1257815883897,-35.273941],[149.12578674796714,-35.27395672044556],[149.12580084419486,-35.273968228610435],[149.1258201,-35.27397244089113],[149.12583935580514,-35.273968228610435],[149.12585345203286,-35.27395672044556],[149.12585861161028,-35.273941]]]}},{"type":"Feature","id":"6632686976:top","properties":{"part":"top","base":5.5,"height":7,"osmId":6632686976},"geometry":{"type":"Polygon","coordinates":[[[149.12584650796134,-35.273941],[149.1258429699654,-35.2739302202659],[149.12583330398067,-35.27392232895285],[149.1258201,-35.2739194405318],[149.12580689601933,-35.27392232895285],[149.1257972300346,-35.2739302202659],[149.12579369203866,-35.273941],[149.1257972300346,-35.2739517797341],[149.12580689601933,-35.27395967104715],[149.1258201,-35.2739625594682],[149.12583330398067,-35.27395967104715],[149.1258429699654,-35.2739517797341],[149.12584650796134,-35.273941]]]}},{"type":"Feature","id":"6720206314:trunk","properties":{"part":"trunk","base":0,"height":3,"osmId":6720206314},"geometry":{"type":"Polygon","coordinates":[[[149.12553700146344,-35.2764538],[149.12553641177917,-35.27645200337765],[149.12553480073174,-35.2764506881588],[149.1255326,-35.2764502067553],[149.12553039926829,-35.2764506881588],[149.12552878822086,-35.27645200337765],[149.12552819853659,-35.2764538],[149.12552878822086,-35.27645559662235],[149.12553039926829,-35.276456911841194],[149.1255326,-35.2764573932447],[149.12553480073174,-35.276456911841194],[149.12553641177917,-35.27645559662235],[149.12553700146344,-35.2764538]]]}},{"type":"Feature","id":"6720206314:crown","properties":{"part":"crown","base":2.5,"height":5.5,"osmId":6720206314},"geometry":{"type":"Polygon","coordinates":[[[149.1255711128051,-35.2764538],[149.1255659530676,-35.27643807955444],[149.12555185640255,-35.276426571389564],[149.1255326,-35.27642235910887],[149.12551334359748,-35.276426571389564],[149.12549924693243,-35.27643807955444],[149.12549408719494,-35.2764538],[149.12549924693243,-35.27646952044556],[149.12551334359748,-35.276481028610434],[149.1255326,-35.27648524089113],[149.12555185640255,-35.276481028610434],[149.1255659530676,-35.27646952044556],[149.1255711128051,-35.2764538]]]}},{"type":"Feature","id":"6720206314:top","properties":{"part":"top","base":5.5,"height":7,"osmId":6720206314},"geometry":{"type":"Polygon","coordinates":[[[149.12555900878064,-35.2764538],[149.12555547067493,-35.2764430202659],[149.12554580439033,-35.27643512895285],[149.1255326,-35.2764322405318],[149.1255193956097,-35.27643512895285],[149.1255097293251,-35.2764430202659],[149.1255061912194,-35.2764538],[149.1255097293251,-35.276464579734096],[149.1255193956097,-35.27647247104715],[149.1255326,-35.2764753594682],[149.12554580439033,-35.27647247104715],[149.12555547067493,-35.276464579734096],[149.12555900878064,-35.2764538]]]}},{"type":"Feature","id":"6720206319:trunk","properties":{"part":"trunk","base":0,"height":3,"osmId":6720206319},"geometry":{"type":"Polygon","coordinates":[[[149.12571130146898,-35.2765558],[149.12571071178397,-35.27655400337765],[149.1257091007345,-35.2765526881588],[149.1257069,-35.2765522067553],[149.12570469926553,-35.2765526881588],[149.12570308821606,-35.27655400337765],[149.12570249853104,-35.2765558],[149.12570308821606,-35.27655759662235],[149.12570469926553,-35.27655891184119],[149.1257069,-35.276559393244696],[149.1257091007345,-35.27655891184119],[149.12571071178397,-35.27655759662235],[149.12571130146898,-35.2765558]]]}},{"type":"Feature","id":"6720206319:crown","properties":{"part":"crown","base":2.5,"height":5.5,"osmId":6720206319},"geometry":{"type":"Polygon","coordinates":[[[149.1257454128536,-35.2765558],[149.1257402531096,-35.27654007955444],[149.1257261564268,-35.27652857138956],[149.1257069,-35.27652435910887],[149.12568764357323,-35.27652857138956],[149.12567354689043,-35.27654007955444],[149.12566838714642,-35.2765558],[149.12567354689043,-35.27657152044556],[149.12568764357323,-35.27658302861043],[149.1257069,-35.276587240891125],[149.1257261564268,-35.27658302861043],[149.1257402531096,-35.27657152044556],[149.1257454128536,-35.2765558]]]}},{"type":"Feature","id":"6720206319:top","properties":{"part":"top","base":5.5,"height":7,"osmId":6720206319},"geometry":{"type":"Polygon","coordinates":[[[149.1257333088139,-35.2765558],[149.1257297707037,-35.2765450202659],[149.12572010440695,-35.276537128952846],[149.1257069,-35.276534240531795],[149.12569369559307,-35.276537128952846],[149.1256840292963,-35.2765450202659],[149.12568049118613,-35.2765558],[149.1256840292963,-35.276566579734094],[149.12569369559307,-35.27657447104715],[149.1257069,-35.2765773594682],[149.12572010440695,-35.27657447104715],[149.1257297707037,-35.276566579734094],[149.1257333088139,-35.2765558]]]}},{"type":"Feature","id":"6720206321:trunk","properties":{"part":"trunk","base":0,"height":3,"osmId":6720206321},"geometry":{"type":"Polygon","coordinates":[[[149.1250290014468,-35.2761479],[149.12502841176473,-35.27614610337765],[149.1250268007234,-35.2761447881588],[149.1250246,-35.2761443067553],[149.1250223992766,-35.2761447881588],[149.12502078823525,-35.27614610337765],[149.1250201985532,-35.2761479],[149.12502078823525,-35.27614969662235],[149.1250223992766,-35.27615101184119],[149.1250246,-35.2761514932447],[149.1250268007234,-35.27615101184119],[149.12502841176473,-35.27614969662235],[149.1250290014468,-35.2761479]]]}},{"type":"Feature","id":"6720206321:crown","properties":{"part":"crown","base":2.5,"height":5.5,"osmId":6720206321},"geometry":{"type":"Polygon","coordinates":[[[149.1250631126596,-35.2761479],[149.1250579529416,-35.27613217955444],[149.1250438563298,-35.27612067138956],[149.1250246,-35.27611645910887],[149.12500534367018,-35.27612067138956],[149.12499124705838,-35.27613217955444],[149.12498608734037,-35.2761479],[149.12499124705838,-35.27616362044556],[149.12500534367018,-35.27617512861043],[149.1250246,-35.276179340891126],[149.1250438563298,-35.27617512861043],[149.1250579529416,-35.27616362044556],[149.1250631126596,-35.2761479]]]}},{"type":"Feature","id":"6720206321:top","properties":{"part":"top","base":5.5,"height":7,"osmId":6720206321},"geometry":{"type":"Polygon","coordinates":[[[149.12505100868088,-35.2761479],[149.12504747058853,-35.2761371202659],[149.12503780434042,-35.27612922895285],[149.1250246,-35.276126340531796],[149.12501139565956,-35.27612922895285],[149.12500172941145,-35.2761371202659],[149.1249981913191,-35.2761479],[149.12500172941145,-35.276158679734095],[149.12501139565956,-35.27616657104715],[149.1250246,-35.2761694594682],[149.12503780434042,-35.27616657104715],[149.12504747058853,-35.276158679734095],[149.12505100868088,-35.2761479]]]}},{"type":"Feature","id":"6720206324:trunk","properties":{"part":"trunk","base":0,"height":3,"osmId":6720206324},"geometry":{"type":"Polygon","coordinates":[[[149.12518940145233,-35.2762498],[149.12518881176953,-35.27624800337765],[149.12518720072617,-35.27624668815881],[149.125185,-35.2762462067553],[149.1251827992738,-35.27624668815881],[149.12518118823044,-35.27624800337765],[149.12518059854764,-35.2762498],[149.12518118823044,-35.27625159662235],[149.1251827992738,-35.2762529118412],[149.125185,-35.2762533932447],[149.12518720072617,-35.2762529118412],[149.12518881176953,-35.27625159662235],[149.12518940145233,-35.2762498]]]}},{"type":"Feature","id":"6720206324:crown","properties":{"part":"crown","base":2.5,"height":5.5,"osmId":6720206324},"geometry":{"type":"Polygon","coordinates":[[[149.12522351270806,-35.2762498],[149.12521835298355,-35.27623407955444],[149.12520425635404,-35.27622257138957],[149.125185,-35.276218359108874],[149.12516574364594,-35.27622257138957],[149.12515164701642,-35.27623407955444],[149.12514648729191,-35.2762498],[149.12515164701642,-35.27626552044556],[149.12516574364594,-35.27627702861044],[149.125185,-35.27628124089113],[149.12520425635404,-35.27627702861044],[149.12521835298355,-35.27626552044556],[149.12522351270806,-35.2762498]]]}},{"type":"Feature","id":"6720206324:top","properties":{"part":"top","base":5.5,"height":7,"osmId":6720206324},"geometry":{"type":"Polygon","coordinates":[[[149.1252114087141,-35.2762498],[149.1252078706173,-35.276239020265905],[149.12519820435705,-35.27623112895285],[149.125185,-35.2762282405318],[149.12517179564293,-35.27623112895285],[149.1251621293827,-35.276239020265905],[149.12515859128587,-35.2762498],[149.1251621293827,-35.2762605797341],[149.12517179564293,-35.27626847104715],[149.125185,-35.276271359468204],[149.12519820435705,-35.27626847104715],[149.1252078706173,-35.2762605797341],[149.1252114087141,-35.2762498]]]}},{"type":"Feature","id":"6720206326:trunk","properties":{"part":"trunk","base":0,"height":3,"osmId":6720206326},"geometry":{"type":"Polygon","coordinates":[[[149.12559490147018,-35.2765781],[149.125594311785,-35.27657630337765],[149.1255927007351,-35.276574988158806],[149.1255905,-35.2765745067553],[149.12558829926488,-35.276574988158806],[149.12558668821498,-35.27657630337765],[149.1255860985298,-35.2765781],[149.12558668821498,-35.27657989662235],[149.12558829926488,-35.2765812118412],[149.1255905,-35.2765816932447],[149.1255927007351,-35.2765812118412],[149.125594311785,-35.27657989662235],[149.12559490147018,-35.2765781]]]}},{"type":"Feature","id":"6720206326:crown","properties":{"part":"crown","base":2.5,"height":5.5,"osmId":6720206326},"geometry":{"type":"Polygon","coordinates":[[[149.12562901286418,-35.2765781],[149.12562385311875,-35.27656237955444],[149.12560975643208,-35.27655087138957],[149.1255905,-35.276546659108874],[149.1255712435679,-35.27655087138957],[149.12555714688122,-35.27656237955444],[149.1255519871358,-35.2765781],[149.12555714688122,-35.27659382044556],[149.1255712435679,-35.27660532861044],[149.1255905,-35.27660954089113],[149.12560975643208,-35.27660532861044],[149.12562385311875,-35.27659382044556],[149.12562901286418,-35.2765781]]]}},{"type":"Feature","id":"6720206326:top","properties":{"part":"top","base":5.5,"height":7,"osmId":6720206326},"geometry":{"type":"Polygon","coordinates":[[[149.12561690882114,-35.2765781],[149.12561337071,-35.276567320265904],[149.12560370441057,-35.27655942895285],[149.1255905,-35.2765565405318],[149.1255772955894,-35.27655942895285],[149.12556762928998,-35.276567320265904],[149.12556409117883,-35.2765781],[149.12556762928998,-35.2765888797341],[149.1255772955894,-35.27659677104715],[149.1255905,-35.276599659468204],[149.12560370441057,-35.27659677104715],[149.12561337071,-35.2765888797341],[149.12561690882114,-35.2765781]]]}},{"type":"Feature","id":"6720206327:trunk","properties":{"part":"trunk","base":0,"height":3,"osmId":6720206327},"geometry":{"type":"Polygon","coordinates":[[[149.12485260144118,-35.2760439],[149.12485201175986,-35.27604210337765],[149.1248504007206,-35.2760407881588],[149.1248482,-35.2760403067553],[149.12484599927942,-35.2760407881588],[149.12484438824015,-35.27604210337765],[149.12484379855883,-35.2760439],[149.12484438824015,-35.27604569662235],[149.12484599927942,-35.27604701184119],[149.1248482,-35.2760474932447],[149.1248504007206,-35.27604701184119],[149.12485201175986,-35.27604569662235],[149.12485260144118,-35.2760439]]]}},{"type":"Feature","id":"6720206327:crown","properties":{"part":"crown","base":2.5,"height":5.5,"osmId":6720206327},"geometry":{"type":"Polygon","coordinates":[[[149.12488671261016,-35.2760439],[149.12488155289878,-35.27602817955444],[149.12486745630508,-35.27601667138956],[149.1248482,-35.27601245910887],[149.12482894369492,-35.27601667138956],[149.12481484710122,-35.27602817955444],[149.12480968738984,-35.2760439],[149.12481484710122,-35.27605962044556],[149.12482894369492,-35.27607112861043],[149.1248482,-35.276075340891126],[149.12486745630508,-35.27607112861043],[149.12488155289878,-35.27605962044556],[149.12488671261016,-35.2760439]]]}},{"type":"Feature","id":"6720206327:top","properties":{"part":"top","base":5.5,"height":7,"osmId":6720206327},"geometry":{"type":"Polygon","coordinates":[[[149.124874608647,-35.2760439],[149.12487107055915,-35.2760331202659],[149.1248614043235,-35.27602522895285],[149.1248482,-35.276022340531796],[149.1248349956765,-35.27602522895285],[149.12482532944085,-35.2760331202659],[149.124821791353,-35.2760439],[149.12482532944085,-35.276054679734095],[149.1248349956765,-35.27606257104715],[149.1248482,-35.2760654594682],[149.1248614043235,-35.27606257104715],[149.12487107055915,-35.276054679734095],[149.124874608647,-35.2760439]]]}},{"type":"Feature","id":"6720206333:trunk","properties":{"part":"trunk","base":0,"height":3,"osmId":6720206333},"geometry":{"type":"Polygon","coordinates":[[[149.12564560147038,-35.2765818],[149.12564501178517,-35.27658000337765],[149.12564340073519,-35.27657868815881],[149.1256412,-35.2765782067553],[149.1256389992648,-35.27657868815881],[149.1256373882148,-35.27658000337765],[149.1256367985296,-35.2765818],[149.1256373882148,-35.27658359662235],[149.1256389992648,-35.2765849118412],[149.1256412,-35.2765853932447],[149.12564340073519,-35.2765849118412],[149.12564501178517,-35.27658359662235],[149.12564560147038,-35.2765818]]]}},{"type":"Feature","id":"6720206333:crown","properties":{"part":"crown","base":2.5,"height":5.5,"osmId":6720206333},"geometry":{"type":"Polygon","coordinates":[[[149.12567971286595,-35.2765818],[149.12567455312026,-35.27656607955444],[149.12566045643297,-35.27655457138957],[149.1256412,-35.276550359108874],[149.125621943567,-35.27655457138957],[149.12560784687972,-35.27656607955444],[149.12560268713403,-35.2765818],[149.12560784687972,-35.27659752044556],[149.125621943567,-35.27660902861044],[149.1256412,-35.27661324089113],[149.12566045643297,-35.27660902861044],[149.12567455312026,-35.27659752044556],[149.12567971286595,-35.2765818]]]}},{"type":"Feature","id":"6720206333:top","properties":{"part":"top","base":5.5,"height":7,"osmId":6720206333},"geometry":{"type":"Polygon","coordinates":[[[149.12566760882234,-35.2765818],[149.12566407071105,-35.276571020265905],[149.12565440441116,-35.27656312895285],[149.1256412,-35.2765602405318],[149.12562799558881,-35.27656312895285],[149.12561832928893,-35.276571020265905],[149.12561479117764,-35.2765818],[149.12561832928893,-35.2765925797341],[149.12562799558881,-35.27660047104715],[149.1256412,-35.276603359468204],[149.12565440441116,-35.27660047104715],[149.12566407071105,-35.2765925797341],[149.12566760882234,-35.2765818]]]}},{"type":"Feature","id":"6720206336:trunk","properties":{"part":"trunk","base":0,"height":3,"osmId":6720206336},"geometry":{"type":"Polygon","coordinates":[[[149.12536240145786,-35.2763513],[149.12536181177433,-35.27634950337765],[149.12536020072895,-35.276348188158806],[149.125358,-35.2763477067553],[149.12535579927106,-35.276348188158806],[149.12535418822569,-35.27634950337765],[149.12535359854215,-35.2763513],[149.12535418822569,-35.27635309662235],[149.12535579927106,-35.2763544118412],[149.125358,-35.2763548932447],[149.12536020072895,-35.2763544118412],[149.12536181177433,-35.27635309662235],[149.12536240145786,-35.2763513]]]}},{"type":"Feature","id":"6720206336:crown","properties":{"part":"crown","base":2.5,"height":5.5,"osmId":6720206336},"geometry":{"type":"Polygon","coordinates":[[[149.12539651275634,-35.2763513],[149.12539135302538,-35.27633557955444],[149.1253772563782,-35.27632407138957],[149.125358,-35.276319859108874],[149.12533874362182,-35.27632407138957],[149.12532464697463,-35.27633557955444],[149.12531948724367,-35.2763513],[149.12532464697463,-35.27636702044556],[149.12533874362182,-35.27637852861044],[149.125358,-35.27638274089113],[149.1253772563782,-35.27637852861044],[149.12539135302538,-35.27636702044556],[149.12539651275634,-35.2763513]]]}},{"type":"Feature","id":"6720206336:top","properties":{"part":"top","base":5.5,"height":7,"osmId":6720206336},"geometry":{"type":"Polygon","coordinates":[[[149.1253844087472,-35.2763513],[149.12538087064596,-35.276340520265904],[149.1253712043736,-35.27633262895285],[149.125358,-35.2763297405318],[149.1253447956264,-35.27633262895285],[149.12533512935406,-35.276340520265904],[149.1253315912528,-35.2763513],[149.12533512935406,-35.2763620797341],[149.1253447956264,-35.27636997104715],[149.125358,-35.276372859468204],[149.1253712043736,-35.27636997104715],[149.12538087064596,-35.2763620797341],[149.1253844087472,-35.2763513]]]}},{"type":"Feature","id":"7792893019:trunk","properties":{"part":"trunk","base":0,"height":3,"osmId":7792893019},"geometry":{"type":"Polygon","coordinates":[[[149.12296990190848,-35.2846415],[149.12296931216457,-35.28463970337765],[149.12296770095423,-35.284638388158804],[149.1229655,-35.2846379067553],[149.12296329904575,-35.284638388158804],[149.1229616878354,-35.28463970337765],[149.1229610980915,-35.2846415],[149.1229616878354,-35.28464329662235],[149.12296329904575,-35.284644611841195],[149.1229655,-35.2846450932447],[149.12296770095423,-35.284644611841195],[149.12296931216457,-35.28464329662235],[149.12296990190848,-35.2846415]]]}},{"type":"Feature","id":"7792893019:crown","properties":{"part":"crown","base":2.5,"height":5.5,"osmId":7792893019},"geometry":{"type":"Polygon","coordinates":[[[149.1230040166992,-35.2846415],[149.12299885643998,-35.28462577955444],[149.1229847583496,-35.284614271389565],[149.1229655,-35.28461005910887],[149.1229462416504,-35.284614271389565],[149.12293214356,-35.28462577955444],[149.12292698330077,-35.2846415],[149.12293214356,-35.28465722044556],[149.1229462416504,-35.284668728610434],[149.1229655,-35.28467294089113],[149.1229847583496,-35.284668728610434],[149.12299885643998,-35.28465722044556],[149.1230040166992,-35.2846415]]]}},{"type":"Feature","id":"7792893019:top","properties":{"part":"top","base":5.5,"height":7,"osmId":7792893019},"geometry":{"type":"Polygon","coordinates":[[[149.1229919114509,-35.2846415],[149.1229883729874,-35.2846307202659],[149.12297870572544,-35.28462282895285],[149.1229655,-35.2846199405318],[149.12295229427454,-35.28462282895285],[149.12294262701258,-35.2846307202659],[149.1229390885491,-35.2846415],[149.12294262701258,-35.2846522797341],[149.12295229427454,-35.28466017104715],[149.1229655,-35.2846630594682],[149.12297870572544,-35.28466017104715],[149.1229883729874,-35.2846522797341],[149.1229919114509,-35.2846415]]]}},{"type":"Feature","id":"7792893020:trunk","properties":{"part":"trunk","base":0,"height":3,"osmId":7792893020},"geometry":{"type":"Polygon","coordinates":[[[149.123384901922,-35.2848906],[149.12338431217628,-35.28488880337765],[149.123382700961,-35.2848874881588],[149.1233805,-35.2848870067553],[149.123378299039,-35.2848874881588],[149.1233766878237,-35.28488880337765],[149.12337609807798,-35.2848906],[149.1233766878237,-35.28489239662235],[149.123378299039,-35.28489371184119],[149.1233805,-35.284894193244696],[149.123382700961,-35.28489371184119],[149.12338431217628,-35.28489239662235],[149.123384901922,-35.2848906]]]}},{"type":"Feature","id":"7792893020:crown","properties":{"part":"crown","base":2.5,"height":5.5,"osmId":7792893020},"geometry":{"type":"Polygon","coordinates":[[[149.1234190168177,-35.2848906],[149.1234138565426,-35.28487487955444],[149.12339975840885,-35.28486337138956],[149.1233805,-35.28485915910887],[149.12336124159114,-35.28486337138956],[149.12334714345738,-35.28487487955444],[149.12334198318229,-35.2848906],[149.12334714345738,-35.28490632044556],[149.12336124159114,-35.28491782861043],[149.1233805,-35.284922040891125],[149.12339975840885,-35.28491782861043],[149.1234138565426,-35.28490632044556],[149.1234190168177,-35.2848906]]]}},{"type":"Feature","id":"7792893020:top","properties":{"part":"top","base":5.5,"height":7,"osmId":7792893020},"geometry":{"type":"Polygon","coordinates":[[[149.12340691153216,-35.2848906],[149.12340337305778,-35.2848798202659],[149.12339370576606,-35.284871928952846],[149.1233805,-35.284869040531795],[149.12336729423393,-35.284871928952846],[149.1233576269422,-35.2848798202659],[149.12335408846783,-35.2848906],[149.1233576269422,-35.284901379734094],[149.12336729423393,-35.28490927104715],[149.1233805,-35.2849121594682],[149.12339370576606,-35.28490927104715],[149.12340337305778,-35.284901379734094],[149.12340691153216,-35.2848906]]]}},{"type":"Feature","id":"7792893021:trunk","properties":{"part":"trunk","base":0,"height":3,"osmId":7792893021},"geometry":{"type":"Polygon","coordinates":[[[149.12347160192982,-35.2850339],[149.12347101218305,-35.28503210337765],[149.1234694009649,-35.28503078815881],[149.1234672,-35.2850303067553],[149.1234649990351,-35.28503078815881],[149.12346338781694,-35.28503210337765],[149.12346279807016,-35.2850339],[149.12346338781694,-35.28503569662235],[149.1234649990351,-35.2850370118412],[149.1234672,-35.2850374932447],[149.1234694009649,-35.2850370118412],[149.12347101218305,-35.28503569662235],[149.12347160192982,-35.2850339]]]}},{"type":"Feature","id":"7792893021:crown","properties":{"part":"crown","base":2.5,"height":5.5,"osmId":7792893021},"geometry":{"type":"Polygon","coordinates":[[[149.1235057168859,-35.2850339],[149.12350055660164,-35.28501817955444],[149.12348645844293,-35.28500667138957],[149.1234672,-35.285002459108874],[149.12344794155706,-35.28500667138957],[149.12343384339835,-35.28501817955444],[149.1234286831141,-35.2850339],[149.12343384339835,-35.28504962044556],[149.12344794155706,-35.28506112861044],[149.1234672,-35.28506534089113],[149.12348645844293,-35.28506112861044],[149.12350055660164,-35.28504962044556],[149.1235057168859,-35.2850339]]]}},{"type":"Feature","id":"7792893021:top","properties":{"part":"top","base":5.5,"height":7,"osmId":7792893021},"geometry":{"type":"Polygon","coordinates":[[[149.12349361157888,-35.2850339],[149.12349007309828,-35.285023120265905],[149.12348040578945,-35.28501522895285],[149.1234672,-35.2850123405318],[149.12345399421054,-35.28501522895285],[149.1234443269017,-35.285023120265905],[149.1234407884211,-35.2850339],[149.1234443269017,-35.2850446797341],[149.12345399421054,-35.28505257104715],[149.1234672,-35.285055459468204],[149.12348040578945,-35.28505257104715],[149.12349007309828,-35.2850446797341],[149.12349361157888,-35.2850339]]]}},{"type":"Feature","id":"7792893027:trunk","properties":{"part":"trunk","base":0,"height":3,"osmId":7792893027},"geometry":{"type":"Polygon","coordinates":[[[149.12307060191804,-35.284817],[149.12307001217283,-35.28481520337765],[149.12306840095903,-35.2848138881588],[149.1230662,-35.2848134067553],[149.123063999041,-35.2848138881588],[149.1230623878272,-35.28481520337765],[149.12306179808198,-35.284817],[149.1230623878272,-35.284818796622346],[149.123063999041,-35.28482011184119],[149.1230662,-35.284820593244696],[149.12306840095903,-35.28482011184119],[149.12307001217283,-35.284818796622346],[149.12307060191804,-35.284817]]]}},{"type":"Feature","id":"7792893027:crown","properties":{"part":"crown","base":2.5,"height":5.5,"osmId":7792893027},"geometry":{"type":"Polygon","coordinates":[[[149.1231047167827,-35.284817],[149.1230995565123,-35.284801279554436],[149.12308545839136,-35.28478977138956],[149.1230662,-35.28478555910887],[149.12304694160866,-35.28478977138956],[149.12303284348772,-35.284801279554436],[149.12302768321732,-35.284817],[149.12303284348772,-35.28483272044556],[149.12304694160866,-35.28484422861043],[149.1230662,-35.284848440891125],[149.12308545839136,-35.28484422861043],[149.1230995565123,-35.28483272044556],[149.1231047167827,-35.284817]]]}},{"type":"Feature","id":"7792893027:top","properties":{"part":"top","base":5.5,"height":7,"osmId":7792893027},"geometry":{"type":"Polygon","coordinates":[[[149.12309261150816,-35.284817],[149.12308907303702,-35.2848062202659],[149.12307940575408,-35.284798328952846],[149.1230662,-35.284795440531795],[149.12305299424594,-35.284798328952846],[149.123043326963,-35.2848062202659],[149.12303978849187,-35.284817],[149.123043326963,-35.284827779734094],[149.12305299424594,-35.28483567104715],[149.1230662,-35.2848385594682],[149.12307940575408,-35.28483567104715],[149.12308907303702,-35.284827779734094],[149.12309261150816,-35.284817]]]}},{"type":"Feature","id":"8670191990:trunk","properties":{"part":"trunk","base":0,"height":3,"osmId":8670191990},"geometry":{"type":"Polygon","coordinates":[[[149.11861260170267,-35.2808554],[149.11861201198633,-35.28085360337765],[149.11861040085134,-35.280852288158805],[149.1186082,-35.2808518067553],[149.11860599914868,-35.280852288158805],[149.1186043880137,-35.28085360337765],[149.11860379829736,-35.2808554],[149.1186043880137,-35.28085719662235],[149.11860599914868,-35.280858511841195],[149.1186082,-35.2808589932447],[149.11861040085134,-35.280858511841195],[149.11861201198633,-35.28085719662235],[149.11861260170267,-35.2808554]]]}},{"type":"Feature","id":"8670191990:crown","properties":{"part":"crown","base":2.5,"height":5.5,"osmId":8670191990},"geometry":{"type":"Polygon","coordinates":[[[149.11864671489835,-35.2808554],[149.11864155488038,-35.28083967955444],[149.11862745744918,-35.280828171389565],[149.1186082,-35.28082395910887],[149.11858894255084,-35.280828171389565],[149.11857484511964,-35.28083967955444],[149.11856968510168,-35.2808554],[149.11857484511964,-35.28087112044556],[149.11858894255084,-35.280882628610435],[149.1186082,-35.28088684089113],[149.11862745744918,-35.280882628610435],[149.11864155488038,-35.28087112044556],[149.11864671489835,-35.2808554]]]}},{"type":"Feature","id":"8670191990:top","properties":{"part":"top","base":5.5,"height":7,"osmId":8670191990},"geometry":{"type":"Polygon","coordinates":[[[149.118634610216,-35.2808554],[149.11863107191797,-35.2808446202659],[149.118621405108,-35.28083672895285],[149.1186082,-35.2808338405318],[149.11859499489202,-35.28083672895285],[149.11858532808205,-35.2808446202659],[149.11858178978403,-35.2808554],[149.11858532808205,-35.2808661797341],[149.11859499489202,-35.28087407104715],[149.1186082,-35.2808769594682],[149.118621405108,-35.28087407104715],[149.11863107191797,-35.2808661797341],[149.118634610216,-35.2808554]]]}},{"type":"Feature","id":"8670191991:trunk","properties":{"part":"trunk","base":0,"height":3,"osmId":8670191991},"geometry":{"type":"Polygon","coordinates":[[[149.11885670170324,-35.2808663],[149.11885611198682,-35.28086450337765],[149.11885450085163,-35.280863188158804],[149.1188523,-35.2808627067553],[149.11885009914835,-35.280863188158804],[149.11884848801316,-35.28086450337765],[149.11884789829674,-35.2808663],[149.11884848801316,-35.28086809662235],[149.11885009914835,-35.280869411841195],[149.1188523,-35.2808698932447],[149.11885450085163,-35.280869411841195],[149.11885611198682,-35.28086809662235],[149.11885670170324,-35.2808663]]]}},{"type":"Feature","id":"8670191991:crown","properties":{"part":"crown","base":2.5,"height":5.5,"osmId":8670191991},"geometry":{"type":"Polygon","coordinates":[[[149.1188908149035,-35.2808663],[149.11888565488485,-35.28085057955444],[149.11887155745174,-35.280839071389565],[149.1188523,-35.28083485910887],[149.11883304254823,-35.280839071389565],[149.11881894511512,-35.28085057955444],[149.11881378509648,-35.2808663],[149.11881894511512,-35.28088202044556],[149.11883304254823,-35.280893528610434],[149.1188523,-35.28089774089113],[149.11887155745174,-35.280893528610434],[149.11888565488485,-35.28088202044556],[149.1188908149035,-35.2808663]]]}},{"type":"Feature","id":"8670191991:top","properties":{"part":"top","base":5.5,"height":7,"osmId":8670191991},"geometry":{"type":"Polygon","coordinates":[[[149.11887871021955,-35.2808663],[149.11887517192105,-35.2808555202659],[149.11886550510977,-35.28084762895285],[149.1188523,-35.2808447405318],[149.1188390948902,-35.28084762895285],[149.11882942807893,-35.2808555202659],[149.11882588978042,-35.2808663],[149.11882942807893,-35.2808770797341],[149.1188390948902,-35.28088497104715],[149.1188523,-35.2808878594682],[149.11886550510977,-35.28088497104715],[149.11887517192105,-35.2808770797341],[149.11887871021955,-35.2808663]]]}},{"type":"Feature","id":"8670191992:trunk","properties":{"part":"trunk","base":0,"height":3,"osmId":8670191992},"geometry":{"type":"Polygon","coordinates":[[[149.11904580170258,-35.2808543],[149.11904521198628,-35.28085250337765],[149.11904360085128,-35.280851188158806],[149.1190414,-35.2808507067553],[149.1190391991487,-35.280851188158806],[149.1190375880137,-35.28085250337765],[149.1190369982974,-35.2808543],[149.1190375880137,-35.28085609662235],[149.1190391991487,-35.2808574118412],[149.1190414,-35.2808578932447],[149.11904360085128,-35.2808574118412],[149.11904521198628,-35.28085609662235],[149.11904580170258,-35.2808543]]]}},{"type":"Feature","id":"8670191992:crown","properties":{"part":"crown","base":2.5,"height":5.5,"osmId":8670191992},"geometry":{"type":"Polygon","coordinates":[[[149.11907991489778,-35.2808543],[149.1190747548799,-35.28083857955444],[149.1190606574489,-35.28082707138957],[149.1190414,-35.28082285910887],[149.11902214255107,-35.28082707138957],[149.11900804512007,-35.28083857955444],[149.1190028851022,-35.2808543],[149.11900804512007,-35.28087002044556],[149.11902214255107,-35.280881528610436],[149.1190414,-35.28088574089113],[149.1190606574489,-35.280881528610436],[149.1190747548799,-35.28087002044556],[149.11907991489778,-35.2808543]]]}},{"type":"Feature","id":"8670191992:top","properties":{"part":"top","base":5.5,"height":7,"osmId":8670191992},"geometry":{"type":"Polygon","coordinates":[[[149.11906781021563,-35.2808543],[149.11906427191764,-35.280843520265904],[149.1190546051078,-35.28083562895285],[149.1190414,-35.2808327405318],[149.11902819489217,-35.28083562895285],[149.11901852808234,-35.280843520265904],[149.11901498978435,-35.2808543],[149.11901852808234,-35.2808650797341],[149.11902819489217,-35.28087297104715],[149.1190414,-35.2808758594682],[149.1190546051078,-35.28087297104715],[149.11906427191764,-35.2808650797341],[149.11906781021563,-35.2808543]]]}},{"type":"Feature","id":"8670191993:trunk","properties":{"part":"trunk","base":0,"height":3,"osmId":8670191993},"geometry":{"type":"Polygon","coordinates":[[[149.1192898017017,-35.2808379],[149.1192892119855,-35.28083610337765],[149.11928760085084,-35.280834788158806],[149.1192854,-35.2808343067553],[149.11928319914915,-35.280834788158806],[149.1192815880145,-35.28083610337765],[149.11928099829828,-35.2808379],[149.1192815880145,-35.28083969662235],[149.11928319914915,-35.2808410118412],[149.1192854,-35.2808414932447],[149.11928760085084,-35.2808410118412],[149.1192892119855,-35.28083969662235],[149.1192898017017,-35.2808379]]]}},{"type":"Feature","id":"8670191993:crown","properties":{"part":"crown","base":2.5,"height":5.5,"osmId":8670191993},"geometry":{"type":"Polygon","coordinates":[[[149.11932391489,-35.2808379],[149.11931875487315,-35.28082217955444],[149.11930465744499,-35.28081067138957],[149.1192854,-35.280806459108874],[149.119266142555,-35.28081067138957],[149.11925204512684,-35.28082217955444],[149.11924688511,-35.2808379],[149.11925204512684,-35.28085362044556],[149.119266142555,-35.280865128610436],[149.1192854,-35.28086934089113],[149.11930465744499,-35.280865128610436],[149.11931875487315,-35.28085362044556],[149.11932391489,-35.2808379]]]}},{"type":"Feature","id":"8670191993:top","properties":{"part":"top","base":5.5,"height":7,"osmId":8670191993},"geometry":{"type":"Polygon","coordinates":[[[149.1193118102103,-35.2808379],[149.119308271913,-35.280827120265904],[149.11929860510514,-35.28081922895285],[149.1192854,-35.2808163405318],[149.11927219489485,-35.28081922895285],[149.11926252808698,-35.280827120265904],[149.1192589897897,-35.2808379],[149.11926252808698,-35.2808486797341],[149.11927219489485,-35.28085657104715],[149.1192854,-35.2808594594682],[149.11929860510514,-35.28085657104715],[149.119308271913,-35.2808486797341],[149.1193118102103,-35.2808379]]]}},{"type":"Feature","id":"8670191994:trunk","properties":{"part":"trunk","base":0,"height":3,"osmId":8670191994},"geometry":{"type":"Polygon","coordinates":[[[149.11850130170117,-35.280828],[149.11850071198504,-35.28082620337765],[149.11849910085058,-35.280824888158804],[149.1184969,-35.2808244067553],[149.1184946991494,-35.280824888158804],[149.11849308801496,-35.28082620337765],[149.11849249829882,-35.280828],[149.11849308801496,-35.28082979662235],[149.1184946991494,-35.280831111841195],[149.1184969,-35.2808315932447],[149.11849910085058,-35.280831111841195],[149.11850071198504,-35.28082979662235],[149.11850130170117,-35.280828]]]}},{"type":"Feature","id":"8670191994:crown","properties":{"part":"crown","base":2.5,"height":5.5,"osmId":8670191994},"geometry":{"type":"Polygon","coordinates":[[[149.1185354148853,-35.280828],[149.11853025486909,-35.28081227955444],[149.11851615744266,-35.280800771389565],[149.1184969,-35.28079655910887],[149.11847764255734,-35.280800771389565],[149.1184635451309,-35.28081227955444],[149.1184583851147,-35.280828],[149.1184635451309,-35.28084372044556],[149.11847764255734,-35.280855228610434],[149.1184969,-35.28085944089113],[149.11851615744266,-35.280855228610434],[149.11853025486909,-35.28084372044556],[149.1185354148853,-35.280828]]]}},{"type":"Feature","id":"8670191994:top","properties":{"part":"top","base":5.5,"height":7,"osmId":8670191994},"geometry":{"type":"Polygon","coordinates":[[[149.11852331020705,-35.280828],[149.11851977191023,-35.2808172202659],[149.11851010510352,-35.28080932895285],[149.1184969,-35.2808064405318],[149.11848369489647,-35.28080932895285],[149.11847402808976,-35.2808172202659],[149.11847048979294,-35.280828],[149.11847402808976,-35.2808387797341],[149.11848369489647,-35.28084667104715],[149.1184969,-35.2808495594682],[149.11851010510352,-35.28084667104715],[149.11851977191023,-35.2808387797341],[149.11852331020705,-35.280828]]]}},{"type":"Feature","id":"8670191995:trunk","properties":{"part":"trunk","base":0,"height":3,"osmId":8670191995},"geometry":{"type":"Polygon","coordinates":[[[149.11843560168214,-35.2804777],[149.11843501196856,-35.28047590337765],[149.11843340084107,-35.2804745881588],[149.1184312,-35.2804741067553],[149.11842899915894,-35.2804745881588],[149.11842738803145,-35.28047590337765],[149.11842679831787,-35.2804777],[149.11842738803145,-35.28047949662235],[149.11842899915894,-35.280480811841194],[149.1184312,-35.2804812932447],[149.11843340084107,-35.280480811841194],[149.11843501196856,-35.28047949662235],[149.11843560168214,-35.2804777]]]}},{"type":"Feature","id":"8670191995:crown","properties":{"part":"crown","base":2.5,"height":5.5,"osmId":8670191995},"geometry":{"type":"Polygon","coordinates":[[[149.11846971471869,-35.2804777],[149.1184645547248,-35.28046197955444],[149.11845045735936,-35.280450471389564],[149.1184312,-35.28044625910887],[149.11841194264065,-35.280450471389564],[149.1183978452752,-35.28046197955444],[149.11839268528132,-35.2804777],[149.1183978452752,-35.28049342044556],[149.11841194264065,-35.28050492861043],[149.1184312,-35.28050914089113],[149.11845045735936,-35.28050492861043],[149.1184645547248,-35.28049342044556],[149.11846971471869,-35.2804777]]]}},{"type":"Feature","id":"8670191995:top","properties":{"part":"top","base":5.5,"height":7,"osmId":8670191995},"geometry":{"type":"Polygon","coordinates":[[[149.1184576100928,-35.2804777],[149.1184540718113,-35.2804669202659],[149.1184444050464,-35.28045902895285],[149.1184312,-35.2804561405318],[149.1184179949536,-35.28045902895285],[149.1184083281887,-35.2804669202659],[149.1184047899072,-35.2804777],[149.1184083281887,-35.280488479734096],[149.1184179949536,-35.28049637104715],[149.1184312,-35.2804992594682],[149.1184444050464,-35.28049637104715],[149.1184540718113,-35.280488479734096],[149.1184576100928,-35.2804777]]]}},{"type":"Feature","id":"8670191996:trunk","properties":{"part":"trunk","base":0,"height":3,"osmId":8670191996},"geometry":{"type":"Polygon","coordinates":[[[149.1187078016842,-35.280516],[149.11870721197033,-35.28051420337765],[149.1187056008421,-35.2805128881588],[149.1187034,-35.2805124067553],[149.11870119915787,-35.2805128881588],[149.11869958802964,-35.28051420337765],[149.11869899831578,-35.280516],[149.11869958802964,-35.28051779662235],[149.11870119915787,-35.280519111841194],[149.1187034,-35.2805195932447],[149.1187056008421,-35.280519111841194],[149.11870721197033,-35.28051779662235],[149.1187078016842,-35.280516]]]}},{"type":"Feature","id":"8670191996:crown","properties":{"part":"crown","base":2.5,"height":5.5,"osmId":8670191996},"geometry":{"type":"Polygon","coordinates":[[[149.1187419147369,-35.280516],[149.11873675474055,-35.28050027955444],[149.11872265736844,-35.280488771389564],[149.1187034,-35.28048455910887],[149.11868414263154,-35.280488771389564],[149.11867004525942,-35.28050027955444],[149.1186648852631,-35.280516],[149.11867004525942,-35.28053172044556],[149.11868414263154,-35.28054322861043],[149.1187034,-35.28054744089113],[149.11872265736844,-35.28054322861043],[149.11873675474055,-35.28053172044556],[149.1187419147369,-35.280516]]]}},{"type":"Feature","id":"8670191996:top","properties":{"part":"top","base":5.5,"height":7,"osmId":8670191996},"geometry":{"type":"Polygon","coordinates":[[[149.1187298101053,-35.280516],[149.11872627182208,-35.2805052202659],[149.11871660505264,-35.28049732895285],[149.1187034,-35.2804944405318],[149.11869019494733,-35.28049732895285],[149.1186805281779,-35.2805052202659],[149.11867698989468,-35.280516],[149.1186805281779,-35.280526779734096],[149.11869019494733,-35.28053467104715],[149.1187034,-35.2805375594682],[149.11871660505264,-35.28053467104715],[149.11872627182208,-35.280526779734096],[149.1187298101053,-35.280516]]]}},{"type":"Feature","id":"8670191997:trunk","properties":{"part":"trunk","base":0,"height":3,"osmId":8670191997},"geometry":{"type":"Polygon","coordinates":[[[149.11888750168458,-35.2805226],[149.11888691197066,-35.28052080337765],[149.1188853008423,-35.2805194881588],[149.1188831,-35.2805190067553],[149.11888089915772,-35.2805194881588],[149.11887928802935,-35.28052080337765],[149.11887869831543,-35.2805226],[149.11887928802935,-35.28052439662235],[149.11888089915772,-35.28052571184119],[149.1188831,-35.2805261932447],[149.1188853008423,-35.28052571184119],[149.11888691197066,-35.28052439662235],[149.11888750168458,-35.2805226]]]}},{"type":"Feature","id":"8670191997:crown","properties":{"part":"crown","base":2.5,"height":5.5,"osmId":8670191997},"geometry":{"type":"Polygon","coordinates":[[[149.11892161474003,-35.2805226],[149.1189164547433,-35.28050687955444],[149.11890235737002,-35.28049537138956],[149.1188831,-35.28049115910887],[149.11886384263,-35.28049537138956],[149.1188497452567,-35.28050687955444],[149.11884458525998,-35.2805226],[149.1188497452567,-35.28053832044556],[149.11886384263,-35.28054982861043],[149.1188831,-35.280554040891126],[149.11890235737002,-35.28054982861043],[149.1189164547433,-35.28053832044556],[149.11892161474003,-35.2805226]]]}},{"type":"Feature","id":"8670191997:top","properties":{"part":"top","base":5.5,"height":7,"osmId":8670191997},"geometry":{"type":"Polygon","coordinates":[[[149.11890951010747,-35.2805226],[149.11890597182398,-35.2805118202659],[149.11889630505374,-35.28050392895285],[149.1188831,-35.280501040531796],[149.11886989494627,-35.28050392895285],[149.11886022817603,-35.2805118202659],[149.11885668989254,-35.2805226],[149.11886022817603,-35.280533379734095],[149.11886989494627,-35.28054127104715],[149.1188831,-35.2805441594682],[149.11889630505374,-35.28054127104715],[149.11890597182398,-35.280533379734095],[149.11890951010747,-35.2805226]]]}},{"type":"Feature","id":"8670191998:trunk","properties":{"part":"trunk","base":0,"height":3,"osmId":8670191998},"geometry":{"type":"Polygon","coordinates":[[[149.11921210168583,-35.2805456],[149.11921151197174,-35.280543803377654],[149.11920990084292,-35.28054248815881],[149.1192077,-35.280542006755304],[149.1192054991571,-35.28054248815881],[149.11920388802827,-35.280543803377654],[149.11920329831418,-35.2805456],[149.11920388802827,-35.28054739662235],[149.1192054991571,-35.2805487118412],[149.1192077,-35.2805491932447],[149.11920990084292,-35.2805487118412],[149.11921151197174,-35.28054739662235],[149.11921210168583,-35.2805456]]]}},{"type":"Feature","id":"8670191998:crown","properties":{"part":"crown","base":2.5,"height":5.5,"osmId":8670191998},"geometry":{"type":"Polygon","coordinates":[[[149.11924621475097,-35.2805456],[149.11924105475276,-35.28052987955444],[149.1192269573755,-35.28051837138957],[149.1192077,-35.280514159108876],[149.1191884426245,-35.28051837138957],[149.11917434524725,-35.28052987955444],[149.11916918524904,-35.2805456],[149.11917434524725,-35.280561320445564],[149.1191884426245,-35.28057282861044],[149.1192077,-35.28057704089113],[149.1192269573755,-35.28057282861044],[149.11924105475276,-35.280561320445564],[149.11924621475097,-35.2805456]]]}},{"type":"Feature","id":"8670191998:top","properties":{"part":"top","base":5.5,"height":7,"osmId":8670191998},"geometry":{"type":"Polygon","coordinates":[[[149.11923411011497,-35.2805456],[149.11923057183049,-35.280534820265906],[149.1192209050575,-35.28052692895285],[149.1192077,-35.2805240405318],[149.11919449494252,-35.28052692895285],[149.11918482816952,-35.280534820265906],[149.11918128988503,-35.2805456],[149.11918482816952,-35.2805563797341],[149.11919449494252,-35.280564271047155],[149.1192077,-35.280567159468205],[149.1192209050575,-35.280564271047155],[149.11923057183049,-35.2805563797341],[149.11923411011497,-35.2805456]]]}},{"type":"Feature","id":"8699901898:trunk","properties":{"part":"trunk","base":0,"height":3,"osmId":8699901898},"geometry":{"type":"Polygon","coordinates":[[[149.12463520184065,-35.2833935],[149.1246346121058,-35.28339170337765],[149.1246330009203,-35.28339038815881],[149.1246308,-35.2833899067553],[149.1246285990797,-35.28339038815881],[149.1246269878942,-35.28339170337765],[149.12462639815936,-35.2833935],[149.1246269878942,-35.28339529662235],[149.1246285990797,-35.2833966118412],[149.1246308,-35.2833970932447],[149.1246330009203,-35.2833966118412],[149.1246346121058,-35.28339529662235],[149.12463520184065,-35.2833935]]]}},{"type":"Feature","id":"8699901898:crown","properties":{"part":"crown","base":2.5,"height":5.5,"osmId":8699901898},"geometry":{"type":"Polygon","coordinates":[[[149.12466931610555,-35.2833935],[149.12466415592587,-35.28337777955444],[149.1246500580528,-35.28336627138957],[149.1246308,-35.283362059108875],[149.12461154194722,-35.28336627138957],[149.12459744407414,-35.28337777955444],[149.12459228389446,-35.2833935],[149.12459744407414,-35.28340922044556],[149.12461154194722,-35.28342072861044],[149.1246308,-35.28342494089113],[149.1246500580528,-35.28342072861044],[149.12466415592587,-35.28340922044556],[149.12466931610555,-35.2833935]]]}},{"type":"Feature","id":"8699901898:top","properties":{"part":"top","base":5.5,"height":7,"osmId":8699901898},"geometry":{"type":"Polygon","coordinates":[[[149.12465721104383,-35.2833935],[149.12465367263488,-35.283382720265905],[149.1246440055219,-35.28337482895285],[149.1246308,-35.2833719405318],[149.1246175944781,-35.28337482895285],[149.12460792736513,-35.283382720265905],[149.1246043889562,-35.2833935],[149.12460792736513,-35.2834042797341],[149.1246175944781,-35.28341217104715],[149.1246308,-35.283415059468204],[149.1246440055219,-35.28341217104715],[149.12465367263488,-35.2834042797341],[149.12465721104383,-35.2833935]]]}},{"type":"Feature","id":"8699921526:trunk","properties":{"part":"trunk","base":0,"height":3,"osmId":8699921526},"geometry":{"type":"Polygon","coordinates":[[[149.12426800180626,-35.282761],[149.12426741207605,-35.28275920337765],[149.12426580090315,-35.282757888158805],[149.1242636,-35.2827574067553],[149.12426139909687,-35.282757888158805],[149.12425978792396,-35.28275920337765],[149.12425919819376,-35.282761],[149.12425978792396,-35.28276279662235],[149.12426139909687,-35.282764111841196],[149.1242636,-35.2827645932447],[149.12426580090315,-35.282764111841196],[149.12426741207605,-35.28276279662235],[149.12426800180626,-35.282761]]]}},{"type":"Feature","id":"8699921526:crown","properties":{"part":"crown","base":2.5,"height":5.5,"osmId":8699921526},"geometry":{"type":"Polygon","coordinates":[[[149.1243021158047,-35.282761],[149.12429695566533,-35.28274527955444],[149.12428285790236,-35.282733771389566],[149.1242636,-35.28272955910887],[149.12424434209765,-35.282733771389566],[149.12423024433468,-35.28274527955444],[149.1242250841953,-35.282761],[149.12423024433468,-35.28277672044556],[149.12424434209765,-35.282788228610436],[149.1242636,-35.28279244089113],[149.12428285790236,-35.282788228610436],[149.12429695566533,-35.28277672044556],[149.1243021158047,-35.282761]]]}},{"type":"Feature","id":"8699921526:top","properties":{"part":"top","base":5.5,"height":7,"osmId":8699921526},"geometry":{"type":"Polygon","coordinates":[[[149.1242900108375,-35.282761],[149.12428647245622,-35.2827502202659],[149.12427680541876,-35.28274232895285],[149.1242636,-35.2827394405318],[149.12425039458125,-35.28274232895285],[149.1242407275438,-35.2827502202659],[149.1242371891625,-35.282761],[149.1242407275438,-35.2827717797341],[149.12425039458125,-35.28277967104715],[149.1242636,-35.2827825594682],[149.12427680541876,-35.28277967104715],[149.12428647245622,-35.2827717797341],[149.1242900108375,-35.282761]]]}},{"type":"Feature","id":"8699921527:trunk","properties":{"part":"trunk","base":0,"height":3,"osmId":8699921527},"geometry":{"type":"Polygon","coordinates":[[[149.12449400182783,-35.2831579],[149.12449341209472,-35.28315610337765],[149.12449180091392,-35.283154788158804],[149.1244896,-35.2831543067553],[149.1244873990861,-35.283154788158804],[149.1244857879053,-35.28315610337765],[149.12448519817218,-35.2831579],[149.1244857879053,-35.28315969662235],[149.1244873990861,-35.283161011841194],[149.1244896,-35.2831614932447],[149.12449180091392,-35.283161011841194],[149.12449341209472,-35.28315969662235],[149.12449400182783,-35.2831579]]]}},{"type":"Feature","id":"8699921527:crown","properties":{"part":"crown","base":2.5,"height":5.5,"osmId":8699921527},"geometry":{"type":"Polygon","coordinates":[[[149.12452811599348,-35.2831579],[149.1245229558288,-35.28314217955444],[149.12450885799674,-35.283130671389564],[149.1244896,-35.28312645910887],[149.12447034200326,-35.283130671389564],[149.1244562441712,-35.28314217955444],[149.12445108400652,-35.2831579],[149.1244562441712,-35.28317362044556],[149.12447034200326,-35.283185128610434],[149.1244896,-35.28318934089113],[149.12450885799674,-35.283185128610434],[149.1245229558288,-35.28317362044556],[149.12452811599348,-35.2831579]]]}},{"type":"Feature","id":"8699921527:top","properties":{"part":"top","base":5.5,"height":7,"osmId":8699921527},"geometry":{"type":"Polygon","coordinates":[[[149.12451601096697,-35.2831579],[149.12451247256834,-35.2831471202659],[149.12450280548347,-35.28313922895285],[149.1244896,-35.2831363405318],[149.12447639451653,-35.28313922895285],[149.12446672743167,-35.2831471202659],[149.12446318903304,-35.2831579],[149.12446672743167,-35.283168679734096],[149.12447639451653,-35.28317657104715],[149.1244896,-35.2831794594682],[149.12450280548347,-35.28317657104715],[149.12451247256834,-35.283168679734096],[149.12451601096697,-35.2831579]]]}},{"type":"Feature","id":"8699921528:trunk","properties":{"part":"trunk","base":0,"height":3,"osmId":8699921528},"geometry":{"type":"Polygon","coordinates":[[[149.1254727018238,-35.2830842],[149.12547211209124,-35.28308240337765],[149.12547050091192,-35.2830810881588],[149.1254683,-35.2830806067553],[149.12546609908807,-35.2830810881588],[149.12546448790874,-35.28308240337765],[149.12546389817618,-35.2830842],[149.12546448790874,-35.28308599662235],[149.12546609908807,-35.28308731184119],[149.1254683,-35.2830877932447],[149.12547050091192,-35.28308731184119],[149.12547211209124,-35.28308599662235],[149.1254727018238,-35.2830842]]]}},{"type":"Feature","id":"8699921528:crown","properties":{"part":"crown","base":2.5,"height":5.5,"osmId":8699921528},"geometry":{"type":"Polygon","coordinates":[[[149.12550681595843,-35.2830842],[149.12550165579844,-35.28306847955444],[149.1254875579792,-35.28305697138956],[149.1254683,-35.28305275910887],[149.1254490420208,-35.28305697138956],[149.12543494420154,-35.28306847955444],[149.12542978404156,-35.2830842],[149.12543494420154,-35.28309992044556],[149.1254490420208,-35.28311142861043],[149.1254683,-35.283115640891126],[149.1254875579792,-35.28311142861043],[149.12550165579844,-35.28309992044556],[149.12550681595843,-35.2830842]]]}},{"type":"Feature","id":"8699921528:top","properties":{"part":"top","base":5.5,"height":7,"osmId":8699921528},"geometry":{"type":"Polygon","coordinates":[[[149.12549471094292,-35.2830842],[149.1254911725475,-35.2830734202659],[149.12548150547147,-35.28306552895285],[149.1254683,-35.283062640531796],[149.12545509452852,-35.28306552895285],[149.1254454274525,-35.2830734202659],[149.12544188905707,-35.2830842],[149.1254454274525,-35.283094979734095],[149.12545509452852,-35.28310287104715],[149.1254683,-35.2831057594682],[149.12548150547147,-35.28310287104715],[149.1254911725475,-35.283094979734095],[149.12549471094292,-35.2830842]]]}},{"type":"Feature","id":"8699921529:trunk","properties":{"part":"trunk","base":0,"height":3,"osmId":8699921529},"geometry":{"type":"Polygon","coordinates":[[[149.12541070185094,-35.2835828],[149.12541011211474,-35.28358100337765],[149.12540850092546,-35.2835796881588],[149.1254063,-35.2835792067553],[149.12540409907456,-35.2835796881588],[149.12540248788528,-35.28358100337765],[149.12540189814908,-35.2835828],[149.12540248788528,-35.28358459662235],[149.12540409907456,-35.28358591184119],[149.1254063,-35.2835863932447],[149.12540850092546,-35.28358591184119],[149.12541011211474,-35.28358459662235],[149.12541070185094,-35.2835828]]]}},{"type":"Feature","id":"8699921529:crown","properties":{"part":"crown","base":2.5,"height":5.5,"osmId":8699921529},"geometry":{"type":"Polygon","coordinates":[[[149.12544481619562,-35.2835828],[149.12543965600386,-35.28356707955444],[149.12542555809782,-35.28355557138956],[149.1254063,-35.28355135910887],[149.1253870419022,-35.28355557138956],[149.12537294399615,-35.28356707955444],[149.1253677838044,-35.2835828],[149.12537294399615,-35.28359852044556],[149.1253870419022,-35.28361002861043],[149.1254063,-35.283614240891126],[149.12542555809782,-35.28361002861043],[149.12543965600386,-35.28359852044556],[149.12544481619562,-35.2835828]]]}},{"type":"Feature","id":"8699921529:top","properties":{"part":"top","base":5.5,"height":7,"osmId":8699921529},"geometry":{"type":"Polygon","coordinates":[[[149.12543271110556,-35.2835828],[149.12542917268837,-35.2835720202659],[149.1254195055528,-35.28356412895285],[149.1254063,-35.283561240531796],[149.12539309444722,-35.28356412895285],[149.12538342731165,-35.2835720202659],[149.12537988889446,-35.2835828],[149.12538342731165,-35.283593579734095],[149.12539309444722,-35.28360147104715],[149.1254063,-35.2836043594682],[149.1254195055528,-35.28360147104715],[149.12542917268837,-35.283593579734095],[149.12543271110556,-35.2835828]]]}},{"type":"Feature","id":"8699921559:trunk","properties":{"part":"trunk","base":0,"height":3,"osmId":8699921559},"geometry":{"type":"Polygon","coordinates":[[[149.12222680184956,-35.2835578],[149.12222621211356,-35.28355600337765],[149.1222246009248,-35.2835546881588],[149.1222224,-35.2835542067553],[149.1222201990752,-35.2835546881588],[149.12221858788644,-35.28355600337765],[149.12221799815043,-35.2835578],[149.12221858788644,-35.28355959662235],[149.1222201990752,-35.28356091184119],[149.1222224,-35.283561393244696],[149.1222246009248,-35.28356091184119],[149.12222621211356,-35.28355959662235],[149.12222680184956,-35.2835578]]]}},{"type":"Feature","id":"8699921559:crown","properties":{"part":"crown","base":2.5,"height":5.5,"osmId":8699921559},"geometry":{"type":"Polygon","coordinates":[[[149.1222609161837,-35.2835578],[149.12225575599354,-35.28354207955444],[149.12224165809187,-35.28353057138956],[149.1222224,-35.28352635910887],[149.12220314190813,-35.28353057138956],[149.12218904400646,-35.28354207955444],[149.1221838838163,-35.2835578],[149.12218904400646,-35.28357352044556],[149.12220314190813,-35.28358502861043],[149.1222224,-35.283589240891125],[149.12224165809187,-35.28358502861043],[149.12225575599354,-35.28357352044556],[149.1222609161837,-35.2835578]]]}},{"type":"Feature","id":"8699921559:top","properties":{"part":"top","base":5.5,"height":7,"osmId":8699921559},"geometry":{"type":"Polygon","coordinates":[[[149.1222488110974,-35.2835578],[149.12224527268128,-35.2835470202659],[149.1222356055487,-35.283539128952846],[149.1222224,-35.283536240531795],[149.1222091944513,-35.283539128952846],[149.1221995273187,-35.2835470202659],[149.1221959889026,-35.2835578],[149.1221995273187,-35.283568579734094],[149.1222091944513,-35.28357647104715],[149.1222224,-35.2835793594682],[149.1222356055487,-35.28357647104715],[149.12224527268128,-35.283568579734094],[149.1222488110974,-35.2835578]]]}},{"type":"Feature","id":"8699921560:trunk","properties":{"part":"trunk","base":0,"height":3,"osmId":8699921560},"geometry":{"type":"Polygon","coordinates":[[[149.1217508018292,-35.283183],[149.12175021209592,-35.28318120337765],[149.1217486009146,-35.283179888158806],[149.1217464,-35.2831794067553],[149.1217441990854,-35.283179888158806],[149.1217425879041,-35.28318120337765],[149.12174199817082,-35.283183],[149.1217425879041,-35.28318479662235],[149.1217441990854,-35.2831861118412],[149.1217464,-35.2831865932447],[149.1217486009146,-35.2831861118412],[149.12175021209592,-35.28318479662235],[149.1217508018292,-35.283183]]]}},{"type":"Feature","id":"8699921560:crown","properties":{"part":"crown","base":2.5,"height":5.5,"osmId":8699921560},"geometry":{"type":"Polygon","coordinates":[[[149.12178491600542,-35.283183],[149.12177975583916,-35.28316727955444],[149.12176565800272,-35.283155771389566],[149.1217464,-35.28315155910887],[149.1217271419973,-35.283155771389566],[149.12171304416086,-35.28316727955444],[149.1217078839946,-35.283183],[149.12171304416086,-35.28319872044556],[149.1217271419973,-35.283210228610436],[149.1217464,-35.28321444089113],[149.12176565800272,-35.283210228610436],[149.12177975583916,-35.28319872044556],[149.12178491600542,-35.283183]]]}},{"type":"Feature","id":"8699921560:top","properties":{"part":"top","base":5.5,"height":7,"osmId":8699921560},"geometry":{"type":"Polygon","coordinates":[[[149.12177281097516,-35.283183],[149.12176927257542,-35.283172220265904],[149.12175960548757,-35.28316432895285],[149.1217464,-35.2831614405318],[149.12173319451244,-35.28316432895285],[149.1217235274246,-35.283172220265904],[149.12171998902485,-35.283183],[149.1217235274246,-35.2831937797341],[149.12173319451244,-35.28320167104715],[149.1217464,-35.2832045594682],[149.12175960548757,-35.28320167104715],[149.12176927257542,-35.2831937797341],[149.12177281097516,-35.283183]]]}},{"type":"Feature","id":"8699921561:trunk","properties":{"part":"trunk","base":0,"height":3,"osmId":8699921561},"geometry":{"type":"Polygon","coordinates":[[[149.12205430182607,-35.2831252],[149.1220537120932,-35.28312340337765],[149.12205210091304,-35.283122088158805],[149.1220499,-35.2831216067553],[149.12204769908698,-35.283122088158805],[149.12204608790682,-35.28312340337765],[149.12204549817395,-35.2831252],[149.12204608790682,-35.28312699662235],[149.12204769908698,-35.283128311841196],[149.1220499,-35.2831287932447],[149.12205210091304,-35.283128311841196],[149.1220537120932,-35.28312699662235],[149.12205430182607,-35.2831252]]]}},{"type":"Feature","id":"8699921561:crown","properties":{"part":"crown","base":2.5,"height":5.5,"osmId":8699921561},"geometry":{"type":"Polygon","coordinates":[[[149.12208841597794,-35.2831252],[149.12208325581534,-35.28310947955444],[149.122069157989,-35.283097971389566],[149.1220499,-35.28309375910887],[149.12203064201103,-35.283097971389566],[149.12201654418467,-35.28310947955444],[149.12201138402207,-35.2831252],[149.12201654418467,-35.28314092044556],[149.12203064201103,-35.283152428610435],[149.1220499,-35.28315664089113],[149.122069157989,-35.283152428610435],[149.12208325581534,-35.28314092044556],[149.12208841597794,-35.2831252]]]}},{"type":"Feature","id":"8699921561:top","properties":{"part":"top","base":5.5,"height":7,"osmId":8699921561},"geometry":{"type":"Polygon","coordinates":[[[149.12207631095632,-35.2831252],[149.1220727725591,-35.2831144202659],[149.12206310547816,-35.28310652895285],[149.1220499,-35.2831036405318],[149.12203669452185,-35.28310652895285],[149.1220270274409,-35.2831144202659],[149.1220234890437,-35.2831252],[149.1220270274409,-35.2831359797341],[149.12203669452185,-35.28314387104715],[149.1220499,-35.2831467594682],[149.12206310547816,-35.28314387104715],[149.1220727725591,-35.2831359797341],[149.12207631095632,-35.2831252]]]}},{"type":"Feature","id":"8699921562:trunk","properties":{"part":"trunk","base":0,"height":3,"osmId":8699921562},"geometry":{"type":"Polygon","coordinates":[[[149.12187100183186,-35.2832321],[149.12187041209822,-35.28323030337765],[149.12186880091593,-35.283228988158804],[149.1218666,-35.2832285067553],[149.12186439908407,-35.283228988158804],[149.1218627879018,-35.28323030337765],[149.12186219816815,-35.2832321],[149.1218627879018,-35.28323389662235],[149.12186439908407,-35.283235211841195],[149.1218666,-35.2832356932447],[149.12186880091593,-35.283235211841195],[149.12187041209822,-35.28323389662235],[149.12187100183186,-35.2832321]]]}},{"type":"Feature","id":"8699921562:crown","properties":{"part":"crown","base":2.5,"height":5.5,"osmId":8699921562},"geometry":{"type":"Polygon","coordinates":[[[149.12190511602878,-35.2832321],[149.1218999558594,-35.28321637955444],[149.1218858580144,-35.283204871389565],[149.1218666,-35.28320065910887],[149.1218473419856,-35.283204871389565],[149.12183324414062,-35.28321637955444],[149.12182808397122,-35.2832321],[149.12183324414062,-35.28324782044556],[149.1218473419856,-35.283259328610434],[149.1218666,-35.28326354089113],[149.1218858580144,-35.283259328610434],[149.1218999558594,-35.28324782044556],[149.12190511602878,-35.2832321]]]}},{"type":"Feature","id":"8699921562:top","properties":{"part":"top","base":5.5,"height":7,"osmId":8699921562},"geometry":{"type":"Polygon","coordinates":[[[149.12189301099116,-35.2832321],[149.1218894725893,-35.2832213202659],[149.12187980549558,-35.28321342895285],[149.1218666,-35.2832105405318],[149.12185339450443,-35.28321342895285],[149.12184372741072,-35.2832213202659],[149.12184018900885,-35.2832321],[149.12184372741072,-35.2832428797341],[149.12185339450443,-35.28325077104715],[149.1218666,-35.2832536594682],[149.12187980549558,-35.28325077104715],[149.1218894725893,-35.2832428797341],[149.12189301099116,-35.2832321]]]}},{"type":"Feature","id":"8699921563:trunk","properties":{"part":"trunk","base":0,"height":3,"osmId":8699921563},"geometry":{"type":"Polygon","coordinates":[[[149.12165990185088,-35.2835817],[149.12165931211467,-35.28357990337765],[149.12165770092543,-35.283578588158804],[149.1216555,-35.2835781067553],[149.12165329907458,-35.283578588158804],[149.12165168788533,-35.28357990337765],[149.12165109814913,-35.2835817],[149.12165168788533,-35.28358349662235],[149.12165329907458,-35.283584811841195],[149.1216555,-35.2835852932447],[149.12165770092543,-35.283584811841195],[149.12165931211467,-35.28358349662235],[149.12165990185088,-35.2835817]]]}},{"type":"Feature","id":"8699921563:crown","properties":{"part":"crown","base":2.5,"height":5.5,"osmId":8699921563},"geometry":{"type":"Polygon","coordinates":[[[149.12169401619508,-35.2835817],[149.1216888560034,-35.28356597955444],[149.12167475809756,-35.283554471389564],[149.1216555,-35.28355025910887],[149.12163624190245,-35.283554471389564],[149.1216221439966,-35.28356597955444],[149.12161698380493,-35.2835817],[149.1216221439966,-35.28359742044556],[149.12163624190245,-35.283608928610434],[149.1216555,-35.28361314089113],[149.12167475809756,-35.283608928610434],[149.1216888560034,-35.28359742044556],[149.12169401619508,-35.2835817]]]}},{"type":"Feature","id":"8699921563:top","properties":{"part":"top","base":5.5,"height":7,"osmId":8699921563},"geometry":{"type":"Polygon","coordinates":[[[149.1216819111052,-35.2835817],[149.12167837268805,-35.2835709202659],[149.1216687055526,-35.28356302895285],[149.1216555,-35.2835601405318],[149.1216422944474,-35.28356302895285],[149.12163262731195,-35.2835709202659],[149.1216290888948,-35.2835817],[149.12163262731195,-35.2835924797341],[149.1216422944474,-35.28360037104715],[149.1216555,-35.2836032594682],[149.1216687055526,-35.28360037104715],[149.12167837268805,-35.2835924797341],[149.1216819111052,-35.2835817]]]}},{"type":"Feature","id":"8822615847:trunk","properties":{"part":"trunk","base":0,"height":3,"osmId":8822615847},"geometry":{"type":"Polygon","coordinates":[[[149.11673250132773,-35.2739565],[149.11673191166162,-35.27395470337765],[149.11673030066385,-35.2739533881588],[149.1167281,-35.2739529067553],[149.11672589933613,-35.2739533881588],[149.11672428833836,-35.27395470337765],[149.11672369867225,-35.2739565],[149.11672428833836,-35.27395829662235],[149.11672589933613,-35.27395961184119],[149.1167281,-35.273960093244696],[149.11673030066385,-35.27395961184119],[149.11673191166162,-35.27395829662235],[149.11673250132773,-35.2739565]]]}},{"type":"Feature","id":"8822615847:crown","properties":{"part":"crown","base":2.5,"height":5.5,"osmId":8822615847},"geometry":{"type":"Polygon","coordinates":[[[149.11676661161763,-35.2739565],[149.1167614520392,-35.27394077955444],[149.11674735580883,-35.27392927138956],[149.1167281,-35.27392505910887],[149.11670884419115,-35.27392927138956],[149.11669474796076,-35.27394077955444],[149.11668958838234,-35.2739565],[149.11669474796076,-35.27397222044556],[149.11670884419115,-35.27398372861043],[149.1167281,-35.273987940891125],[149.11674735580883,-35.27398372861043],[149.1167614520392,-35.27397222044556],[149.11676661161763,-35.2739565]]]}},{"type":"Feature","id":"8822615847:top","properties":{"part":"top","base":5.5,"height":7,"osmId":8822615847},"geometry":{"type":"Polygon","coordinates":[[[149.1167545079664,-35.2739565],[149.11675096996976,-35.2739457202659],[149.1167413039832,-35.273937828952846],[149.1167281,-35.273934940531795],[149.1167148960168,-35.273937828952846],[149.11670523003022,-35.2739457202659],[149.1167016920336,-35.2739565],[149.11670523003022,-35.273967279734094],[149.1167148960168,-35.27397517104715],[149.1167281,-35.2739780594682],[149.1167413039832,-35.27397517104715],[149.11675096996976,-35.273967279734094],[149.1167545079664,-35.2739565]]]}},{"type":"Feature","id":"8822615848:trunk","properties":{"part":"trunk","base":0,"height":3,"osmId":8822615848},"geometry":{"type":"Polygon","coordinates":[[[149.11675120133305,-35.2740546],[149.11675061166622,-35.27405280337765],[149.11674900066652,-35.274051488158804],[149.1167468,-35.2740510067553],[149.11674459933346,-35.274051488158804],[149.11674298833375,-35.27405280337765],[149.11674239866693,-35.2740546],[149.11674298833375,-35.27405639662235],[149.11674459933346,-35.274057711841195],[149.1167468,-35.2740581932447],[149.11674900066652,-35.274057711841195],[149.11675061166622,-35.27405639662235],[149.11675120133305,-35.2740546]]]}},{"type":"Feature","id":"8822615848:crown","properties":{"part":"crown","base":2.5,"height":5.5,"osmId":8822615848},"geometry":{"type":"Polygon","coordinates":[[[149.1167853116643,-35.2740546],[149.11678015207963,-35.27403887955444],[149.11676605583213,-35.274027371389565],[149.1167468,-35.27402315910887],[149.11672754416784,-35.274027371389565],[149.11671344792035,-35.27403887955444],[149.11670828833567,-35.2740546],[149.11671344792035,-35.27407032044556],[149.11672754416784,-35.274081828610434],[149.1167468,-35.27408604089113],[149.11676605583213,-35.274081828610434],[149.11678015207963,-35.27407032044556],[149.1167853116643,-35.2740546]]]}},{"type":"Feature","id":"8822615848:top","properties":{"part":"top","base":5.5,"height":7,"osmId":8822615848},"geometry":{"type":"Polygon","coordinates":[[[149.11677320799836,-35.2740546],[149.11676966999744,-35.2740438202659],[149.1167600039992,-35.27403592895285],[149.1167468,-35.2740330405318],[149.11673359600078,-35.27403592895285],[149.11672393000254,-35.2740438202659],[149.1167203920016,-35.2740546],[149.11672393000254,-35.2740653797341],[149.11673359600078,-35.27407327104715],[149.1167468,-35.2740761594682],[149.1167600039992,-35.27407327104715],[149.11676966999744,-35.2740653797341],[149.11677320799836,-35.2740546]]]}},{"type":"Feature","id":"8822615849:trunk","properties":{"part":"trunk","base":0,"height":3,"osmId":8822615849},"geometry":{"type":"Polygon","coordinates":[[[149.11748680133275,-35.2740489],[149.11748621166598,-35.27404710337765],[149.1174846006664,-35.2740457881588],[149.1174824,-35.2740453067553],[149.1174801993336,-35.2740457881588],[149.11747858833402,-35.27404710337765],[149.11747799866725,-35.2740489],[149.11747858833402,-35.274050696622346],[149.1174801993336,-35.27405201184119],[149.1174824,-35.274052493244696],[149.1174846006664,-35.27405201184119],[149.11748621166598,-35.274050696622346],[149.11748680133275,-35.2740489]]]}},{"type":"Feature","id":"8822615849:crown","properties":{"part":"crown","base":2.5,"height":5.5,"osmId":8822615849},"geometry":{"type":"Polygon","coordinates":[[[149.1175209116616,-35.2740489],[149.11751575207728,-35.274033179554436],[149.1175016558308,-35.27402167138956],[149.1174824,-35.27401745910887],[149.1174631441692,-35.27402167138956],[149.11744904792272,-35.274033179554436],[149.1174438883384,-35.2740489],[149.11744904792272,-35.27406462044556],[149.1174631441692,-35.27407612861043],[149.1174824,-35.274080340891125],[149.1175016558308,-35.27407612861043],[149.11751575207728,-35.27406462044556],[149.1175209116616,-35.2740489]]]}},{"type":"Feature","id":"8822615849:top","properties":{"part":"top","base":5.5,"height":7,"osmId":8822615849},"geometry":{"type":"Polygon","coordinates":[[[149.11750880799653,-35.2740489],[149.11750526999586,-35.2740381202659],[149.11749560399826,-35.274030228952846],[149.1174824,-35.274027340531795],[149.11746919600174,-35.274030228952846],[149.11745953000414,-35.2740381202659],[149.11745599200347,-35.2740489],[149.11745953000414,-35.274059679734094],[149.11746919600174,-35.27406757104715],[149.1174824,-35.2740704594682],[149.11749560399826,-35.27406757104715],[149.11750526999586,-35.274059679734094],[149.11750880799653,-35.2740489]]]}},{"type":"Feature","id":"8822615850:trunk","properties":{"part":"trunk","base":0,"height":3,"osmId":8822615850},"geometry":{"type":"Polygon","coordinates":[[[149.11789420133155,-35.274027],[149.11789361166495,-35.27402520337765],[149.1178920006658,-35.2740238881588],[149.1178898,-35.2740234067553],[149.1178875993342,-35.2740238881588],[149.11788598833505,-35.27402520337765],[149.11788539866845,-35.274027],[149.11788598833505,-35.274028796622346],[149.1178875993342,-35.27403011184119],[149.1178898,-35.274030593244696],[149.1178920006658,-35.27403011184119],[149.11789361166495,-35.274028796622346],[149.11789420133155,-35.274027]]]}},{"type":"Feature","id":"8822615850:crown","properties":{"part":"crown","base":2.5,"height":5.5,"osmId":8822615850},"geometry":{"type":"Polygon","coordinates":[[[149.11792831165118,-35.274027],[149.11792315206827,-35.274011279554436],[149.11790905582558,-35.27399977138956],[149.1178898,-35.27399555910887],[149.11787054417442,-35.27399977138956],[149.11785644793173,-35.274011279554436],[149.11785128834882,-35.274027],[149.11785644793173,-35.27404272044556],[149.11787054417442,-35.27405422861043],[149.1178898,-35.274058440891125],[149.11790905582558,-35.27405422861043],[149.11792315206827,-35.27404272044556],[149.11792831165118,-35.274027]]]}},{"type":"Feature","id":"8822615850:top","properties":{"part":"top","base":5.5,"height":7,"osmId":8822615850},"geometry":{"type":"Polygon","coordinates":[[[149.11791620798937,-35.274027],[149.11791266998966,-35.2740162202659],[149.11790300399468,-35.274008328952846],[149.1178898,-35.274005440531795],[149.11787659600532,-35.274008328952846],[149.11786693001034,-35.2740162202659],[149.11786339201063,-35.274027],[149.11786693001034,-35.274037779734094],[149.11787659600532,-35.27404567104715],[149.1178898,-35.2740485594682],[149.11790300399468,-35.27404567104715],[149.11791266998966,-35.274037779734094],[149.11791620798937,-35.274027]]]}},{"type":"Feature","id":"8822615851:trunk","properties":{"part":"trunk","base":0,"height":3,"osmId":8822615851},"geometry":{"type":"Polygon","coordinates":[[[149.11820130134117,-35.2742043],[149.11820071167327,-35.27420250337765],[149.11819910067058,-35.274201188158806],[149.1181969,-35.2742007067553],[149.1181946993294,-35.274201188158806],[149.1181930883267,-35.27420250337765],[149.1181924986588,-35.2742043],[149.1181930883267,-35.27420609662235],[149.1181946993294,-35.274207411841196],[149.1181969,-35.2742078932447],[149.11819910067058,-35.274207411841196],[149.11820071167327,-35.27420609662235],[149.11820130134117,-35.2742043]]]}},{"type":"Feature","id":"8822615851:crown","properties":{"part":"crown","base":2.5,"height":5.5,"osmId":8822615851},"geometry":{"type":"Polygon","coordinates":[[[149.11823541173547,-35.2742043],[149.11823025214125,-35.27418857955444],[149.1182161558677,-35.274177071389566],[149.1181969,-35.27417285910887],[149.11817764413226,-35.274177071389566],[149.11816354785873,-35.27418857955444],[149.1181583882645,-35.2742043],[149.11816354785873,-35.27422002044556],[149.11817764413226,-35.274231528610436],[149.1181969,-35.27423574089113],[149.1182161558677,-35.274231528610436],[149.11823025214125,-35.27422002044556],[149.11823541173547,-35.2742043]]]}},{"type":"Feature","id":"8822615851:top","properties":{"part":"top","base":5.5,"height":7,"osmId":8822615851},"geometry":{"type":"Polygon","coordinates":[[[149.11822330804716,-35.2742043],[149.1182197700397,-35.274193520265904],[149.11821010402358,-35.27418562895285],[149.1181969,-35.2741827405318],[149.1181836959764,-35.27418562895285],[149.11817402996027,-35.274193520265904],[149.1181704919528,-35.2742043],[149.11817402996027,-35.2742150797341],[149.1181836959764,-35.27422297104715],[149.1181969,-35.2742258594682],[149.11821010402358,-35.27422297104715],[149.1182197700397,-35.2742150797341],[149.11822330804716,-35.2742043]]]}},{"type":"Feature","id":"8822615852:trunk","properties":{"part":"trunk","base":0,"height":3,"osmId":8822615852},"geometry":{"type":"Polygon","coordinates":[[[149.11810900132022,-35.2738183],[149.11810841165513,-35.27381650337765],[149.11810680066012,-35.27381518815881],[149.1181046,-35.2738147067553],[149.1181023993399,-35.27381518815881],[149.1181007883449,-35.27381650337765],[149.1181001986798,-35.2738183],[149.1181007883449,-35.27382009662235],[149.1181023993399,-35.2738214118412],[149.1181046,-35.2738218932447],[149.11810680066012,-35.2738214118412],[149.11810841165513,-35.27382009662235],[149.11810900132022,-35.2738183]]]}},{"type":"Feature","id":"8822615852:crown","properties":{"part":"crown","base":2.5,"height":5.5,"osmId":8822615852},"geometry":{"type":"Polygon","coordinates":[[[149.11814311155197,-35.2738183],[149.11813795198233,-35.27380257955444],[149.118123855776,-35.27379107138957],[149.1181046,-35.273786859108874],[149.11808534422403,-35.27379107138957],[149.11807124801769,-35.27380257955444],[149.11806608844805,-35.2738183],[149.11807124801769,-35.27383402044556],[149.11808534422403,-35.27384552861044],[149.1181046,-35.27384974089113],[149.118123855776,-35.27384552861044],[149.11813795198233,-35.27383402044556],[149.11814311155197,-35.2738183]]]}},{"type":"Feature","id":"8822615852:top","properties":{"part":"top","base":5.5,"height":7,"osmId":8822615852},"geometry":{"type":"Polygon","coordinates":[[[149.11813100792133,-35.2738183],[149.11812746993076,-35.273807520265905],[149.11811780396067,-35.27379962895285],[149.1181046,-35.2737967405318],[149.11809139603935,-35.27379962895285],[149.11808173006926,-35.273807520265905],[149.11807819207868,-35.2738183],[149.11808173006926,-35.2738290797341],[149.11809139603935,-35.27383697104715],[149.1181046,-35.273839859468204],[149.11811780396067,-35.27383697104715],[149.11812746993076,-35.2738290797341],[149.11813100792133,-35.2738183]]]}},{"type":"Feature","id":"8822615853:trunk","properties":{"part":"trunk","base":0,"height":3,"osmId":8822615853},"geometry":{"type":"Polygon","coordinates":[[[149.1183028013288,-35.2739765],[149.11830221166255,-35.273974703377654],[149.11830060066438,-35.27397338815881],[149.1182984,-35.273972906755304],[149.1182961993356,-35.27397338815881],[149.11829458833742,-35.273974703377654],[149.11829399867116,-35.2739765],[149.11829458833742,-35.27397829662235],[149.1182961993356,-35.2739796118412],[149.1182984,-35.2739800932447],[149.11830060066438,-35.2739796118412],[149.11830221166255,-35.27397829662235],[149.1183028013288,-35.2739765]]]}},{"type":"Feature","id":"8822615853:crown","properties":{"part":"crown","base":2.5,"height":5.5,"osmId":8822615853},"geometry":{"type":"Polygon","coordinates":[[[149.11833691162715,-35.2739765],[149.11833175204745,-35.27396077955444],[149.11831765581357,-35.27394927138957],[149.1182984,-35.273945059108875],[149.1182791441864,-35.27394927138957],[149.11826504795252,-35.27396077955444],[149.11825988837282,-35.2739765],[149.11826504795252,-35.273992220445564],[149.1182791441864,-35.27400372861044],[149.1182984,-35.27400794089113],[149.11831765581357,-35.27400372861044],[149.11833175204745,-35.273992220445564],[149.11833691162715,-35.2739765]]]}},{"type":"Feature","id":"8822615853:top","properties":{"part":"top","base":5.5,"height":7,"osmId":8822615853},"geometry":{"type":"Polygon","coordinates":[[[149.1183248079729,-35.2739765],[149.11832126997538,-35.273965720265906],[149.11831160398646,-35.27395782895285],[149.1182984,-35.2739549405318],[149.11828519601352,-35.27395782895285],[149.1182755300246,-35.273965720265906],[149.11827199202708,-35.2739765],[149.1182755300246,-35.2739872797341],[149.11828519601352,-35.273995171047154],[149.1182984,-35.273998059468205],[149.11831160398646,-35.273995171047154],[149.11832126997538,-35.2739872797341],[149.1183248079729,-35.2739765]]]}},{"type":"Feature","id":"8822615854:trunk","properties":{"part":"trunk","base":0,"height":3,"osmId":8822615854},"geometry":{"type":"Polygon","coordinates":[[[149.11843710132916,-35.2739831],[149.11843651166288,-35.27398130337765],[149.1184349006646,-35.27397998815881],[149.1184327,-35.2739795067553],[149.1184304993354,-35.27397998815881],[149.11842888833712,-35.27398130337765],[149.11842829867084,-35.2739831],[149.11842888833712,-35.27398489662235],[149.1184304993354,-35.2739862118412],[149.1184327,-35.2739866932447],[149.1184349006646,-35.2739862118412],[149.11843651166288,-35.27398489662235],[149.11843710132916,-35.2739831]]]}},{"type":"Feature","id":"8822615854:crown","properties":{"part":"crown","base":2.5,"height":5.5,"osmId":8822615854},"geometry":{"type":"Polygon","coordinates":[[[149.1184712116303,-35.2739831],[149.1184660520502,-35.27396737955444],[149.11845195581515,-35.27395587138957],[149.1184327,-35.273951659108874],[149.11841344418485,-35.27395587138957],[149.1183993479498,-35.27396737955444],[149.1183941883697,-35.2739831],[149.1183993479498,-35.27399882044556],[149.11841344418485,-35.27401032861044],[149.1184327,-35.27401454089113],[149.11845195581515,-35.27401032861044],[149.1184660520502,-35.27399882044556],[149.1184712116303,-35.2739831]]]}},{"type":"Feature","id":"8822615854:top","properties":{"part":"top","base":5.5,"height":7,"osmId":8822615854},"geometry":{"type":"Polygon","coordinates":[[[149.11845910797507,-35.2739831],[149.11845556997727,-35.273972320265905],[149.11844590398752,-35.27396442895285],[149.1184327,-35.2739615405318],[149.11841949601248,-35.27396442895285],[149.11840983002273,-35.273972320265905],[149.11840629202493,-35.2739831],[149.11840983002273,-35.2739938797341],[149.11841949601248,-35.27400177104715],[149.1184327,-35.274004659468204],[149.11844590398752,-35.27400177104715],[149.11845556997727,-35.2739938797341],[149.11845910797507,-35.2739831]]]}},{"type":"Feature","id":"8822615855:trunk","properties":{"part":"trunk","base":0,"height":3,"osmId":8822615855},"geometry":{"type":"Polygon","coordinates":[[[149.1187150013352,-35.2740937],[149.1187144116681,-35.27409190337765],[149.1187128006676,-35.274090588158806],[149.1187106,-35.2740901067553],[149.11870839933243,-35.274090588158806],[149.11870678833193,-35.27409190337765],[149.11870619866482,-35.2740937],[149.11870678833193,-35.27409549662235],[149.11870839933243,-35.2740968118412],[149.1187106,-35.2740972932447],[149.1187128006676,-35.2740968118412],[149.1187144116681,-35.27409549662235],[149.1187150013352,-35.2740937]]]}},{"type":"Feature","id":"8822615855:crown","properties":{"part":"crown","base":2.5,"height":5.5,"osmId":8822615855},"geometry":{"type":"Polygon","coordinates":[[[149.11874911168292,-35.2740937],[149.11874395209574,-35.27407797955444],[149.11872985584145,-35.27406647138957],[149.1187106,-35.274062259108874],[149.11869134415858,-35.27406647138957],[149.1186772479043,-35.27407797955444],[149.1186720883171,-35.2740937],[149.1186772479043,-35.27410942044556],[149.11869134415858,-35.27412092861044],[149.1187106,-35.27412514089113],[149.11872985584145,-35.27412092861044],[149.11874395209574,-35.27410942044556],[149.11874911168292,-35.2740937]]]}},{"type":"Feature","id":"8822615855:top","properties":{"part":"top","base":5.5,"height":7,"osmId":8822615855},"geometry":{"type":"Polygon","coordinates":[[[149.11873700801115,-35.2740937],[149.11873347000852,-35.274082920265904],[149.11872380400558,-35.27407502895285],[149.1187106,-35.2740721405318],[149.11869739599445,-35.27407502895285],[149.1186877299915,-35.274082920265904],[149.11868419198888,-35.2740937],[149.1186877299915,-35.2741044797341],[149.11869739599445,-35.27411237104715],[149.1187106,-35.2741152594682],[149.11872380400558,-35.27411237104715],[149.11873347000852,-35.2741044797341],[149.11873700801115,-35.2740937]]]}},{"type":"Feature","id":"8822615856:trunk","properties":{"part":"trunk","base":0,"height":3,"osmId":8822615856},"geometry":{"type":"Polygon","coordinates":[[[149.11819780135482,-35.274455],[149.11819721168507,-35.274453203377654],[149.1181956006774,-35.27445188815881],[149.1181934,-35.274451406755304],[149.11819119932258,-35.27445188815881],[149.11818958831492,-35.274453203377654],[149.11818899864517,-35.274455],[149.11818958831492,-35.27445679662235],[149.11819119932258,-35.2744581118412],[149.1181934,-35.2744585932447],[149.1181956006774,-35.2744581118412],[149.11819721168507,-35.27445679662235],[149.11819780135482,-35.274455]]]}},{"type":"Feature","id":"8822615856:crown","properties":{"part":"crown","base":2.5,"height":5.5,"osmId":8822615856},"geometry":{"type":"Polygon","coordinates":[[[149.11823191185468,-35.274455],[149.11822675224448,-35.27443927955444],[149.11821265592732,-35.27442777138957],[149.1181934,-35.274423559108875],[149.11817414407267,-35.27442777138957],[149.1181600477555,-35.27443927955444],[149.1181548881453,-35.274455],[149.1181600477555,-35.274470720445564],[149.11817414407267,-35.27448222861044],[149.1181934,-35.27448644089113],[149.11821265592732,-35.27448222861044],[149.11822675224448,-35.274470720445564],[149.11823191185468,-35.274455]]]}},{"type":"Feature","id":"8822615856:top","properties":{"part":"top","base":5.5,"height":7,"osmId":8822615856},"geometry":{"type":"Polygon","coordinates":[[[149.1182198081289,-35.274455],[149.1182162701105,-35.274444220265906],[149.11820660406445,-35.27443632895285],[149.1181934,-35.2744334405318],[149.11818019593554,-35.27443632895285],[149.11817052988948,-35.274444220265906],[149.11816699187108,-35.274455],[149.11817052988948,-35.2744657797341],[149.11818019593554,-35.274473671047154],[149.1181934,-35.274476559468205],[149.11820660406445,-35.274473671047154],[149.1182162701105,-35.2744657797341],[149.1182198081289,-35.274455]]]}},{"type":"Feature","id":"8822615857:trunk","properties":{"part":"trunk","base":0,"height":3,"osmId":8822615857},"geometry":{"type":"Polygon","coordinates":[[[149.118340201357,-35.274495],[149.118339611687,-35.27449320337765],[149.1183380006785,-35.274491888158806],[149.1183358,-35.2744914067553],[149.11833359932152,-35.274491888158806],[149.11833198831303,-35.27449320337765],[149.11833139864302,-35.274495],[149.11833198831303,-35.27449679662235],[149.11833359932152,-35.2744981118412],[149.1183358,-35.2744985932447],[149.1183380006785,-35.2744981118412],[149.118339611687,-35.27449679662235],[149.118340201357,-35.274495]]]}},{"type":"Feature","id":"8822615857:crown","properties":{"part":"crown","base":2.5,"height":5.5,"osmId":8822615857},"geometry":{"type":"Polygon","coordinates":[[[149.1183743118737,-35.274495],[149.11836915226098,-35.27447927955444],[149.11835505593686,-35.27446777138957],[149.1183358,-35.274463559108874],[149.11831654406316,-35.27446777138957],[149.11830244773904,-35.27447927955444],[149.1182972881263,-35.274495],[149.11830244773904,-35.27451072044556],[149.11831654406316,-35.27452222861044],[149.1183358,-35.27452644089113],[149.11835505593686,-35.27452222861044],[149.11836915226098,-35.27451072044556],[149.1183743118737,-35.274495]]]}},{"type":"Feature","id":"8822615857:top","properties":{"part":"top","base":5.5,"height":7,"osmId":8822615857},"geometry":{"type":"Polygon","coordinates":[[[149.11836220814197,-35.274495],[149.1183586701218,-35.274484220265904],[149.11834900407098,-35.27447632895285],[149.1183358,-35.2744734405318],[149.11832259592904,-35.27447632895285],[149.11831292987821,-35.274484220265904],[149.11830939185805,-35.274495],[149.11831292987821,-35.2745057797341],[149.11832259592904,-35.27451367104715],[149.1183358,-35.2745165594682],[149.11834900407098,-35.27451367104715],[149.1183586701218,-35.2745057797341],[149.11836220814197,-35.274495]]]}},{"type":"Feature","id":"8822615858:trunk","properties":{"part":"trunk","base":0,"height":3,"osmId":8822615858},"geometry":{"type":"Polygon","coordinates":[[[149.11748560135962,-35.2745434],[149.11748501168924,-35.27454160337765],[149.1174834006798,-35.2745402881588],[149.1174812,-35.2745398067553],[149.11747899932018,-35.2745402881588],[149.11747738831073,-35.27454160337765],[149.11747679864035,-35.2745434],[149.11747738831073,-35.27454519662235],[149.11747899932018,-35.274546511841194],[149.1174812,-35.2745469932447],[149.1174834006798,-35.274546511841194],[149.11748501168924,-35.27454519662235],[149.11748560135962,-35.2745434]]]}},{"type":"Feature","id":"8822615858:crown","properties":{"part":"crown","base":2.5,"height":5.5,"osmId":8822615858},"geometry":{"type":"Polygon","coordinates":[[[149.1175197118967,-35.2745434],[149.11751455228088,-35.27452767955444],[149.11750045594835,-35.274516171389564],[149.1174812,-35.27451195910887],[149.11746194405163,-35.274516171389564],[149.1174478477191,-35.27452767955444],[149.11744268810327,-35.2745434],[149.1174478477191,-35.27455912044556],[149.11746194405163,-35.274570628610434],[149.1174812,-35.27457484089113],[149.11750045594835,-35.274570628610434],[149.11751455228088,-35.27455912044556],[149.1175197118967,-35.2745434]]]}},{"type":"Feature","id":"8822615858:top","properties":{"part":"top","base":5.5,"height":7,"osmId":8822615858},"geometry":{"type":"Polygon","coordinates":[[[149.11750760815772,-35.2745434],[149.11750407013545,-35.2745326202659],[149.11749440407885,-35.27452472895285],[149.1174812,-35.2745218405318],[149.11746799592112,-35.27452472895285],[149.11745832986452,-35.2745326202659],[149.11745479184225,-35.2745434],[149.11745832986452,-35.274554179734096],[149.11746799592112,-35.27456207104715],[149.1174812,-35.2745649594682],[149.11749440407885,-35.27456207104715],[149.11750407013545,-35.274554179734096],[149.11750760815772,-35.2745434]]]}},{"type":"Feature","id":"8822615859:trunk","properties":{"part":"trunk","base":0,"height":3,"osmId":8822615859},"geometry":{"type":"Polygon","coordinates":[[[149.11737230135984,-35.2745472],[149.11737171168943,-35.27454540337765],[149.11737010067992,-35.274544088158805],[149.1173679,-35.2745436067553],[149.1173656993201,-35.274544088158805],[149.11736408831058,-35.27454540337765],[149.11736349864017,-35.2745472],[149.11736408831058,-35.27454899662235],[149.1173656993201,-35.274550311841196],[149.1173679,-35.2745507932447],[149.11737010067992,-35.274550311841196],[149.11737171168943,-35.27454899662235],[149.11737230135984,-35.2745472]]]}},{"type":"Feature","id":"8822615859:crown","properties":{"part":"crown","base":2.5,"height":5.5,"osmId":8822615859},"geometry":{"type":"Polygon","coordinates":[[[149.11740641189851,-35.2745472],[149.11740125228246,-35.27453147955444],[149.11738715594927,-35.274519971389566],[149.1173679,-35.27451575910887],[149.11734864405074,-35.274519971389566],[149.11733454771755,-35.27453147955444],[149.1173293881015,-35.2745472],[149.11733454771755,-35.27456292044556],[149.11734864405074,-35.274574428610435],[149.1173679,-35.27457864089113],[149.11738715594927,-35.274574428610435],[149.11740125228246,-35.27456292044556],[149.11740641189851,-35.2745472]]]}},{"type":"Feature","id":"8822615859:top","properties":{"part":"top","base":5.5,"height":7,"osmId":8822615859},"geometry":{"type":"Polygon","coordinates":[[[149.117394308159,-35.2745472],[149.11739077013655,-35.2745364202659],[149.1173811040795,-35.27452852895285],[149.1173679,-35.2745256405318],[149.1173546959205,-35.27452852895285],[149.11734502986346,-35.2745364202659],[149.11734149184102,-35.2745472],[149.11734502986346,-35.2745579797341],[149.1173546959205,-35.27456587104715],[149.1173679,-35.2745687594682],[149.1173811040795,-35.27456587104715],[149.11739077013655,-35.2745579797341],[149.117394308159,-35.2745472]]]}},{"type":"Feature","id":"8822615860:trunk","properties":{"part":"trunk","base":0,"height":3,"osmId":8822615860},"geometry":{"type":"Polygon","coordinates":[[[149.11746690135496,-35.2744576],[149.1174663116852,-35.27445580337765],[149.11746470067746,-35.2744544881588],[149.1174625,-35.2744540067553],[149.11746029932252,-35.2744544881588],[149.11745868831477,-35.27445580337765],[149.11745809864502,-35.2744576],[149.11745868831477,-35.27445939662235],[149.11746029932252,-35.27446071184119],[149.1174625,-35.2744611932447],[149.11746470067746,-35.27446071184119],[149.1174663116852,-35.27445939662235],[149.11746690135496,-35.2744576]]]}},{"type":"Feature","id":"8822615860:crown","properties":{"part":"crown","base":2.5,"height":5.5,"osmId":8822615860},"geometry":{"type":"Polygon","coordinates":[[[149.1175010118559,-35.2744576],[149.11749585224555,-35.27444187955444],[149.11748175592794,-35.27443037138956],[149.1174625,-35.27442615910887],[149.11744324407204,-35.27443037138956],[149.11742914775442,-35.27444187955444],[149.11742398814408,-35.2744576],[149.11742914775442,-35.27447332044556],[149.11744324407204,-35.27448482861043],[149.1174625,-35.274489040891126],[149.11748175592794,-35.27448482861043],[149.11749585224555,-35.27447332044556],[149.1175010118559,-35.2744576]]]}},{"type":"Feature","id":"8822615860:top","properties":{"part":"top","base":5.5,"height":7,"osmId":8822615860},"geometry":{"type":"Polygon","coordinates":[[[149.11748890812976,-35.2744576],[149.11748537011124,-35.2744468202659],[149.11747570406487,-35.27443892895285],[149.1174625,-35.274436040531796],[149.1174492959351,-35.27443892895285],[149.11743962988874,-35.2744468202659],[149.11743609187022,-35.2744576],[149.11743962988874,-35.274468379734095],[149.1174492959351,-35.27447627104715],[149.1174625,-35.2744791594682],[149.11747570406487,-35.27447627104715],[149.11748537011124,-35.274468379734095],[149.11748890812976,-35.2744576]]]}},{"type":"Feature","id":"8822615861:trunk","properties":{"part":"trunk","base":0,"height":3,"osmId":8822615861},"geometry":{"type":"Polygon","coordinates":[[[149.1174597013753,-35.2748324],[149.11745911170283,-35.27483060337765],[149.11745750068766,-35.274829288158806],[149.1174553,-35.2748288067553],[149.1174530993123,-35.274829288158806],[149.11745148829715,-35.27483060337765],[149.11745089862467,-35.2748324],[149.11745148829715,-35.27483419662235],[149.1174530993123,-35.2748355118412],[149.1174553,-35.2748359932447],[149.11745750068766,-35.2748355118412],[149.11745911170283,-35.27483419662235],[149.1174597013753,-35.2748324]]]}},{"type":"Feature","id":"8822615861:crown","properties":{"part":"crown","base":2.5,"height":5.5,"osmId":8822615861},"geometry":{"type":"Polygon","coordinates":[[[149.1174938120341,-35.2748324],[149.11748865239989,-35.27481667955444],[149.11747455601704,-35.274805171389566],[149.1174553,-35.27480095910887],[149.11743604398293,-35.274805171389566],[149.1174219476001,-35.27481667955444],[149.11741678796588,-35.2748324],[149.1174219476001,-35.27484812044556],[149.11743604398293,-35.274859628610436],[149.1174553,-35.27486384089113],[149.11747455601704,-35.274859628610436],[149.11748865239989,-35.27484812044556],[149.1174938120341,-35.2748324]]]}},{"type":"Feature","id":"8822615861:top","properties":{"part":"top","base":5.5,"height":7,"osmId":8822615861},"geometry":{"type":"Polygon","coordinates":[[[149.11748170825194,-35.2748324],[149.11747817021705,-35.274821620265904],[149.11746850412598,-35.27481372895285],[149.1174553,-35.2748108405318],[149.117442095874,-35.27481372895285],[149.11743242978292,-35.274821620265904],[149.11742889174803,-35.2748324],[149.11743242978292,-35.2748431797341],[149.117442095874,-35.27485107104715],[149.1174553,-35.2748539594682],[149.11746850412598,-35.27485107104715],[149.11747817021705,-35.2748431797341],[149.11748170825194,-35.2748324]]]}},{"type":"Feature","id":"8822615862:trunk","properties":{"part":"trunk","base":0,"height":3,"osmId":8822615862},"geometry":{"type":"Polygon","coordinates":[[[149.11741810138844,-35.2750739],[149.1174175117142,-35.27507210337765],[149.1174159006942,-35.27507078815881],[149.1174137,-35.2750703067553],[149.11741149930577,-35.27507078815881],[149.11740988828578,-35.27507210337765],[149.11740929861153,-35.2750739],[149.11740988828578,-35.27507569662235],[149.11741149930577,-35.2750770118412],[149.1174137,-35.2750774932447],[149.1174159006942,-35.2750770118412],[149.1174175117142,-35.27507569662235],[149.11741810138844,-35.2750739]]]}},{"type":"Feature","id":"8822615862:crown","properties":{"part":"crown","base":2.5,"height":5.5,"osmId":8822615862},"geometry":{"type":"Polygon","coordinates":[[[149.11745221214892,-35.2750739],[149.11744705249933,-35.27505817955444],[149.11743295607445,-35.27504667138957],[149.1174137,-35.275042459108874],[149.11739444392552,-35.27504667138957],[149.11738034750064,-35.27505817955444],[149.11737518785105,-35.2750739],[149.11738034750064,-35.27508962044556],[149.11739444392552,-35.27510112861044],[149.1174137,-35.27510534089113],[149.11743295607445,-35.27510112861044],[149.11744705249933,-35.27508962044556],[149.11745221214892,-35.2750739]]]}},{"type":"Feature","id":"8822615862:top","properties":{"part":"top","base":5.5,"height":7,"osmId":8822615862},"geometry":{"type":"Polygon","coordinates":[[[149.1174401083307,-35.2750739],[149.11743657028524,-35.275063120265905],[149.11742690416534,-35.27505522895285],[149.1174137,-35.2750523405318],[149.11740049583463,-35.27505522895285],[149.11739082971474,-35.275063120265905],[149.11738729166927,-35.2750739],[149.11739082971474,-35.2750846797341],[149.11740049583463,-35.27509257104715],[149.1174137,-35.275095459468204],[149.11742690416534,-35.27509257104715],[149.11743657028524,-35.2750846797341],[149.1174401083307,-35.2750739]]]}},{"type":"Feature","id":"8822615863:trunk","properties":{"part":"trunk","base":0,"height":3,"osmId":8822615863},"geometry":{"type":"Polygon","coordinates":[[[149.11734570139413,-35.2751783],[149.11734511171912,-35.27517650337765],[149.11734350069705,-35.275175188158805],[149.1173413,-35.2751747067553],[149.11733909930294,-35.275175188158805],[149.11733748828087,-35.27517650337765],[149.11733689860586,-35.2751783],[149.11733748828087,-35.27518009662235],[149.11733909930294,-35.275181411841196],[149.1173413,-35.2751818932447],[149.11734350069705,-35.275181411841196],[149.11734511171912,-35.27518009662235],[149.11734570139413,-35.2751783]]]}},{"type":"Feature","id":"8822615863:crown","properties":{"part":"crown","base":2.5,"height":5.5,"osmId":8822615863},"geometry":{"type":"Polygon","coordinates":[[[149.11737981219858,-35.2751783],[149.1173746525423,-35.27516257955444],[149.11736055609927,-35.275151071389566],[149.1173413,-35.27514685910887],[149.1173220439007,-35.275151071389566],[149.11730794745768,-35.27516257955444],[149.1173027878014,-35.2751783],[149.11730794745768,-35.27519402044556],[149.1173220439007,-35.275205528610435],[149.1173413,-35.27520974089113],[149.11736055609927,-35.275205528610435],[149.1173746525423,-35.27519402044556],[149.11737981219858,-35.2751783]]]}},{"type":"Feature","id":"8822615863:top","properties":{"part":"top","base":5.5,"height":7,"osmId":8822615863},"geometry":{"type":"Polygon","coordinates":[[[149.11736770836472,-35.2751783],[149.11736417031474,-35.2751675202659],[149.11735450418237,-35.27515962895285],[149.1173413,-35.2751567405318],[149.1173280958176,-35.27515962895285],[149.11731842968524,-35.2751675202659],[149.11731489163526,-35.2751783],[149.11731842968524,-35.2751890797341],[149.1173280958176,-35.27519697104715],[149.1173413,-35.2751998594682],[149.11735450418237,-35.27519697104715],[149.11736417031474,-35.2751890797341],[149.11736770836472,-35.2751783]]]}},{"type":"Feature","id":"8822615864:trunk","properties":{"part":"trunk","base":0,"height":3,"osmId":8822615864},"geometry":{"type":"Polygon","coordinates":[[[149.11713150139386,-35.2751732],[149.11713091171887,-35.27517140337765],[149.11712930069692,-35.2751700881588],[149.1171271,-35.2751696067553],[149.1171248993031,-35.2751700881588],[149.11712328828114,-35.27517140337765],[149.11712269860615,-35.2751732],[149.11712328828114,-35.27517499662235],[149.1171248993031,-35.27517631184119],[149.1171271,-35.2751767932447],[149.11712930069692,-35.27517631184119],[149.11713091171887,-35.27517499662235],[149.11713150139386,-35.2751732]]]}},{"type":"Feature","id":"8822615864:crown","properties":{"part":"crown","base":2.5,"height":5.5,"osmId":8822615864},"geometry":{"type":"Polygon","coordinates":[[[149.11716561219617,-35.2751732],[149.11716045254025,-35.27515747955444],[149.1171463560981,-35.27514597138956],[149.1171271,-35.27514175910887],[149.11710784390192,-35.27514597138956],[149.11709374745976,-35.27515747955444],[149.11708858780383,-35.2751732],[149.11709374745976,-35.27518892044556],[149.11710784390192,-35.27520042861043],[149.1171271,-35.275204640891126],[149.1171463560981,-35.27520042861043],[149.11716045254025,-35.27518892044556],[149.11716561219617,-35.2751732]]]}},{"type":"Feature","id":"8822615864:top","properties":{"part":"top","base":5.5,"height":7,"osmId":8822615864},"geometry":{"type":"Polygon","coordinates":[[[149.1171535083631,-35.2751732],[149.1171499703133,-35.2751624202659],[149.11714030418153,-35.27515452895285],[149.1171271,-35.275151640531796],[149.11711389581848,-35.27515452895285],[149.1171042296867,-35.2751624202659],[149.11710069163692,-35.2751732],[149.1171042296867,-35.275183979734095],[149.11711389581848,-35.27519187104715],[149.1171271,-35.2751947594682],[149.11714030418153,-35.27519187104715],[149.1171499703133,-35.275183979734095],[149.1171535083631,-35.2751732]]]}},{"type":"Feature","id":"8822615865:trunk","properties":{"part":"trunk","base":0,"height":3,"osmId":8822615865},"geometry":{"type":"Polygon","coordinates":[[[149.11726710138333,-35.2749796],[149.11726651170977,-35.27497780337765],[149.11726490069165,-35.274976488158806],[149.1172627,-35.2749760067553],[149.11726049930834,-35.274976488158806],[149.11725888829022,-35.27497780337765],[149.11725829861666,-35.2749796],[149.11725888829022,-35.27498139662235],[149.11726049930834,-35.2749827118412],[149.1172627,-35.2749831932447],[149.11726490069165,-35.2749827118412],[149.11726651170977,-35.27498139662235],[149.11726710138333,-35.2749796]]]}},{"type":"Feature","id":"8822615865:crown","properties":{"part":"crown","base":2.5,"height":5.5,"osmId":8822615865},"geometry":{"type":"Polygon","coordinates":[[[149.1173012121041,-35.2749796],[149.11729605246052,-35.27496387955444],[149.11728195605204,-35.27495237138957],[149.1172627,-35.274948159108874],[149.11724344394796,-35.27495237138957],[149.11722934753948,-35.27496387955444],[149.11722418789589,-35.2749796],[149.11722934753948,-35.27499532044556],[149.11724344394796,-35.27500682861044],[149.1172627,-35.27501104089113],[149.11728195605204,-35.27500682861044],[149.11729605246052,-35.27499532044556],[149.1173012121041,-35.2749796]]]}},{"type":"Feature","id":"8822615865:top","properties":{"part":"top","base":5.5,"height":7,"osmId":8822615865},"geometry":{"type":"Polygon","coordinates":[[[149.11728910829996,-35.2749796],[149.11728557025864,-35.274968820265904],[149.11727590414998,-35.27496092895285],[149.1172627,-35.2749580405318],[149.11724949585002,-35.27496092895285],[149.11723982974135,-35.274968820265904],[149.11723629170004,-35.2749796],[149.11723982974135,-35.2749903797341],[149.11724949585002,-35.27499827104715],[149.1172627,-35.275001159468204],[149.11727590414998,-35.27499827104715],[149.11728557025864,-35.2749903797341],[149.11728910829996,-35.2749796]]]}},{"type":"Feature","id":"8822615866:trunk","properties":{"part":"trunk","base":0,"height":3,"osmId":8822615866},"geometry":{"type":"Polygon","coordinates":[[[149.11762450140384,-35.2753569],[149.11762391172755,-35.27535510337765],[149.11762230070192,-35.2753537881588],[149.1176201,-35.2753533067553],[149.1176178992981,-35.2753537881588],[149.11761628827247,-35.27535510337765],[149.11761569859618,-35.2753569],[149.11761628827247,-35.27535869662235],[149.1176178992981,-35.275360011841194],[149.1176201,-35.2753604932447],[149.11762230070192,-35.275360011841194],[149.11762391172755,-35.27535869662235],[149.11762450140384,-35.2753569]]]}},{"type":"Feature","id":"8822615866:crown","properties":{"part":"crown","base":2.5,"height":5.5,"osmId":8822615866},"geometry":{"type":"Polygon","coordinates":[[[149.11765861228352,-35.2753569],[149.11765345261588,-35.27534117955444],[149.11763935614175,-35.275329671389564],[149.1176201,-35.27532545910887],[149.11760084385827,-35.275329671389564],[149.11758674738414,-35.27534117955444],[149.1175815877165,-35.2753569],[149.11758674738414,-35.27537262044556],[149.11760084385827,-35.27538412861043],[149.1176201,-35.275388340891126],[149.11763935614175,-35.27538412861043],[149.11765345261588,-35.27537262044556],[149.11765861228352,-35.2753569]]]}},{"type":"Feature","id":"8822615866:top","properties":{"part":"top","base":5.5,"height":7,"osmId":8822615866},"geometry":{"type":"Polygon","coordinates":[[[149.11764650842298,-35.2753569],[149.11764297036518,-35.2753461202659],[149.1176333042115,-35.27533822895285],[149.1176201,-35.2753353405318],[149.11760689578853,-35.27533822895285],[149.11759722963484,-35.2753461202659],[149.11759369157704,-35.2753569],[149.11759722963484,-35.275367679734096],[149.11760689578853,-35.27537557104715],[149.1176201,-35.2753784594682],[149.1176333042115,-35.27537557104715],[149.11764297036518,-35.275367679734096],[149.11764650842298,-35.2753569]]]}},{"type":"Feature","id":"8822615867:trunk","properties":{"part":"trunk","base":0,"height":3,"osmId":8822615867},"geometry":{"type":"Polygon","coordinates":[[[149.11786940141093,-35.2754877],[149.11786881173367,-35.27548590337765],[149.11786720070546,-35.275484588158804],[149.117865,-35.2754841067553],[149.11786279929453,-35.275484588158804],[149.11786118826632,-35.27548590337765],[149.11786059858906,-35.2754877],[149.11786118826632,-35.27548949662235],[149.11786279929453,-35.275490811841195],[149.117865,-35.2754912932447],[149.11786720070546,-35.275490811841195],[149.11786881173367,-35.27548949662235],[149.11786940141093,-35.2754877]]]}},{"type":"Feature","id":"8822615867:crown","properties":{"part":"crown","base":2.5,"height":5.5,"osmId":8822615867},"geometry":{"type":"Polygon","coordinates":[[[149.1179035123457,-35.2754877],[149.11789835266973,-35.27547197955444],[149.11788425617286,-35.275460471389565],[149.117865,-35.27545625910887],[149.11784574382713,-35.275460471389565],[149.11783164733026,-35.27547197955444],[149.1178264876543,-35.2754877],[149.11783164733026,-35.27550342044556],[149.11784574382713,-35.275514928610434],[149.117865,-35.27551914089113],[149.11788425617286,-35.275514928610434],[149.11789835266973,-35.27550342044556],[149.1179035123457,-35.2754877]]]}},{"type":"Feature","id":"8822615867:top","properties":{"part":"top","base":5.5,"height":7,"osmId":8822615867},"geometry":{"type":"Polygon","coordinates":[[[149.11789140846562,-35.2754877],[149.1178878704021,-35.2754769202659],[149.1178782042328,-35.27546902895285],[149.117865,-35.2754661405318],[149.1178517957672,-35.27546902895285],[149.1178421295979,-35.2754769202659],[149.11783859153437,-35.2754877],[149.1178421295979,-35.2754984797341],[149.1178517957672,-35.27550637104715],[149.117865,-35.2755092594682],[149.1178782042328,-35.27550637104715],[149.1178878704021,-35.2754984797341],[149.11789140846562,-35.2754877]]]}},{"type":"Feature","id":"8822615868:trunk","properties":{"part":"trunk","base":0,"height":3,"osmId":8822615868},"geometry":{"type":"Polygon","coordinates":[[[149.11716850140806,-35.2754348],[149.1171679117312,-35.27543300337765],[149.117166300704,-35.275431688158804],[149.1171641,-35.2754312067553],[149.11716189929598,-35.275431688158804],[149.1171602882688,-35.27543300337765],[149.11715969859193,-35.2754348],[149.1171602882688,-35.27543659662235],[149.11716189929598,-35.275437911841195],[149.1171641,-35.2754383932447],[149.117166300704,-35.275437911841195],[149.1171679117312,-35.27543659662235],[149.11716850140806,-35.2754348]]]}},{"type":"Feature","id":"8822615868:crown","properties":{"part":"crown","base":2.5,"height":5.5,"osmId":8822615868},"geometry":{"type":"Polygon","coordinates":[[[149.11720261232054,-35.2754348],[149.11719745264796,-35.27541907955444],[149.11718335616027,-35.275407571389565],[149.1171641,-35.27540335910887],[149.11714484383972,-35.275407571389565],[149.11713074735204,-35.27541907955444],[149.11712558767945,-35.2754348],[149.11713074735204,-35.27545052044556],[149.11714484383972,-35.275462028610434],[149.1171641,-35.27546624089113],[149.11718335616027,-35.275462028610434],[149.11719745264796,-35.27545052044556],[149.11720261232054,-35.2754348]]]}},{"type":"Feature","id":"8822615868:top","properties":{"part":"top","base":5.5,"height":7,"osmId":8822615868},"geometry":{"type":"Polygon","coordinates":[[[149.11719050844837,-35.2754348],[149.11718697038717,-35.2754240202659],[149.11717730422419,-35.27541612895285],[149.1171641,-35.2754132405318],[149.1171508957758,-35.27541612895285],[149.11714122961283,-35.2754240202659],[149.11713769155162,-35.2754348],[149.11714122961283,-35.2754455797341],[149.1171508957758,-35.27545347104715],[149.1171641,-35.2754563594682],[149.11717730422419,-35.27545347104715],[149.11718697038717,-35.2754455797341],[149.11719050844837,-35.2754348]]]}},{"type":"Feature","id":"8822615869:trunk","properties":{"part":"trunk","base":0,"height":3,"osmId":8822615869},"geometry":{"type":"Polygon","coordinates":[[[149.11786790141798,-35.2756172],[149.1178673117398,-35.27561540337765],[149.117865700709,-35.275614088158804],[149.1178635,-35.2756136067553],[149.117861299291,-35.275614088158804],[149.1178596882602,-35.27561540337765],[149.11785909858202,-35.2756172],[149.1178596882602,-35.27561899662235],[149.117861299291,-35.275620311841195],[149.1178635,-35.2756207932447],[149.117865700709,-35.275620311841195],[149.1178673117398,-35.27561899662235],[149.11786790141798,-35.2756172]]]}},{"type":"Feature","id":"8822615869:crown","properties":{"part":"crown","base":2.5,"height":5.5,"osmId":8822615869},"geometry":{"type":"Polygon","coordinates":[[[149.11790201240728,-35.2756172],[149.11789685272305,-35.27560147955444],[149.11788275620364,-35.275589971389564],[149.1178635,-35.27558575910887],[149.11784424379636,-35.275589971389564],[149.11783014727695,-35.27560147955444],[149.1178249875927,-35.2756172],[149.11783014727695,-35.27563292044556],[149.11784424379636,-35.275644428610434],[149.1178635,-35.27564864089113],[149.11788275620364,-35.275644428610434],[149.11789685272305,-35.27563292044556],[149.11790201240728,-35.2756172]]]}},{"type":"Feature","id":"8822615869:top","properties":{"part":"top","base":5.5,"height":7,"osmId":8822615869},"geometry":{"type":"Polygon","coordinates":[[[149.11788990850783,-35.2756172],[149.11788637043867,-35.2756064202659],[149.11787670425392,-35.27559852895285],[149.1178635,-35.2755956405318],[149.11785029574608,-35.27559852895285],[149.11784062956133,-35.2756064202659],[149.11783709149216,-35.2756172],[149.11784062956133,-35.2756279797341],[149.11785029574608,-35.27563587104715],[149.1178635,-35.2756387594682],[149.11787670425392,-35.27563587104715],[149.11788637043867,-35.2756279797341],[149.11788990850783,-35.2756172]]]}},{"type":"Feature","id":"8822615870:trunk","properties":{"part":"trunk","base":0,"height":3,"osmId":8822615870},"geometry":{"type":"Polygon","coordinates":[[[149.11784480140295,-35.2753405],[149.11784421172678,-35.27533870337765],[149.11784260070147,-35.2753373881588],[149.1178404,-35.2753369067553],[149.11783819929855,-35.2753373881588],[149.11783658827324,-35.27533870337765],[149.11783599859706,-35.2753405],[149.11783658827324,-35.27534229662235],[149.11783819929855,-35.275343611841194],[149.1178404,-35.2753440932447],[149.11784260070147,-35.275343611841194],[149.11784421172678,-35.27534229662235],[149.11784480140295,-35.2753405]]]}},{"type":"Feature","id":"8822615870:crown","properties":{"part":"crown","base":2.5,"height":5.5,"osmId":8822615870},"geometry":{"type":"Polygon","coordinates":[[[149.11787891227573,-35.2753405],[149.1178737526091,-35.27532477955444],[149.11785965613785,-35.275313271389564],[149.1178404,-35.27530905910887],[149.11782114386216,-35.275313271389564],[149.1178070473909,-35.27532477955444],[149.11780188772428,-35.2753405],[149.1178070473909,-35.27535622044556],[149.11782114386216,-35.27536772861043],[149.1178404,-35.27537194089113],[149.11785965613785,-35.27536772861043],[149.1178737526091,-35.27535622044556],[149.11787891227573,-35.2753405]]]}},{"type":"Feature","id":"8822615870:top","properties":{"part":"top","base":5.5,"height":7,"osmId":8822615870},"geometry":{"type":"Polygon","coordinates":[[[149.11786680841763,-35.2753405],[149.11786327036054,-35.2753297202659],[149.11785360420882,-35.27532182895285],[149.1178404,-35.2753189405318],[149.1178271957912,-35.27532182895285],[149.11781752963947,-35.2753297202659],[149.11781399158238,-35.2753405],[149.11781752963947,-35.275351279734096],[149.1178271957912,-35.27535917104715],[149.1178404,-35.2753620594682],[149.11785360420882,-35.27535917104715],[149.11786327036054,-35.275351279734096],[149.11786680841763,-35.2753405]]]}},{"type":"Feature","id":"8822615871:trunk","properties":{"part":"trunk","base":0,"height":3,"osmId":8822615871},"geometry":{"type":"Polygon","coordinates":[[[149.11839010141887,-35.2756335],[149.11838951174056,-35.27563170337765],[149.11838790070942,-35.2756303881588],[149.1183857,-35.2756299067553],[149.1183834992906,-35.2756303881588],[149.11838188825945,-35.27563170337765],[149.11838129858114,-35.2756335],[149.11838188825945,-35.27563529662235],[149.1183834992906,-35.27563661184119],[149.1183857,-35.2756370932447],[149.11838790070942,-35.27563661184119],[149.11838951174056,-35.27563529662235],[149.11839010141887,-35.2756335]]]}},{"type":"Feature","id":"8822615871:crown","properties":{"part":"crown","base":2.5,"height":5.5,"osmId":8822615871},"geometry":{"type":"Polygon","coordinates":[[[149.11842421241502,-35.2756335],[149.1184190527298,-35.27561777955444],[149.1184049562075,-35.27560627138956],[149.1183857,-35.27560205910887],[149.1183664437925,-35.27560627138956],[149.11835234727022,-35.27561777955444],[149.118347187585,-35.2756335],[149.11835234727022,-35.27564922044556],[149.1183664437925,-35.27566072861043],[149.1183857,-35.275664940891126],[149.1184049562075,-35.27566072861043],[149.1184190527298,-35.27564922044556],[149.11842421241502,-35.2756335]]]}},{"type":"Feature","id":"8822615871:top","properties":{"part":"top","base":5.5,"height":7,"osmId":8822615871},"geometry":{"type":"Polygon","coordinates":[[[149.11841210851316,-35.2756335],[149.11840857044328,-35.2756227202659],[149.1183989042566,-35.27561482895285],[149.1183857,-35.275611940531796],[149.11837249574342,-35.27561482895285],[149.11836282955673,-35.2756227202659],[149.11835929148685,-35.2756335],[149.11836282955673,-35.275644279734095],[149.11837249574342,-35.27565217104715],[149.1183857,-35.2756550594682],[149.1183989042566,-35.27565217104715],[149.11840857044328,-35.275644279734095],[149.11841210851316,-35.2756335]]]}},{"type":"Feature","id":"8822615872:trunk","properties":{"part":"trunk","base":0,"height":3,"osmId":8822615872},"geometry":{"type":"Polygon","coordinates":[[[149.1185750014041,-35.2753619],[149.11857441172776,-35.27536010337765],[149.11857280070205,-35.275358788158805],[149.1185706,-35.2753583067553],[149.11856839929794,-35.275358788158805],[149.11856678827223,-35.27536010337765],[149.1185661985959,-35.2753619],[149.11856678827223,-35.27536369662235],[149.11856839929794,-35.275365011841195],[149.1185706,-35.2753654932447],[149.11857280070205,-35.275365011841195],[149.11857441172776,-35.27536369662235],[149.1185750014041,-35.2753619]]]}},{"type":"Feature","id":"8822615872:crown","properties":{"part":"crown","base":2.5,"height":5.5,"osmId":8822615872},"geometry":{"type":"Polygon","coordinates":[[[149.1186091122859,-35.2753619],[149.11860395261795,-35.27534617955444],[149.11858985614293,-35.275334671389565],[149.1185706,-35.27533045910887],[149.11855134385706,-35.275334671389565],[149.11853724738205,-35.27534617955444],[149.1185320877141,-35.2753619],[149.11853724738205,-35.27537762044556],[149.11855134385706,-35.275389128610435],[149.1185706,-35.27539334089113],[149.11858985614293,-35.275389128610435],[149.11860395261795,-35.27537762044556],[149.1186091122859,-35.2753619]]]}},{"type":"Feature","id":"8822615872:top","properties":{"part":"top","base":5.5,"height":7,"osmId":8822615872},"geometry":{"type":"Polygon","coordinates":[[[149.11859700842462,-35.2753619],[149.1185934703666,-35.2753511202659],[149.1185838042123,-35.27534322895285],[149.1185706,-35.2753403405318],[149.1185573957877,-35.27534322895285],[149.1185477296334,-35.2753511202659],[149.11854419157538,-35.2753619],[149.1185477296334,-35.2753726797341],[149.1185573957877,-35.27538057104715],[149.1185706,-35.2753834594682],[149.1185838042123,-35.27538057104715],[149.1185934703666,-35.2753726797341],[149.11859700842462,-35.2753619]]]}},{"type":"Feature","id":"8822615873:trunk","properties":{"part":"trunk","base":0,"height":3,"osmId":8822615873},"geometry":{"type":"Polygon","coordinates":[[[149.11870900139849,-35.2752588],[149.1187084117229,-35.275257003377654],[149.11870680069924,-35.27525568815881],[149.1187046,-35.275255206755304],[149.11870239930076,-35.27525568815881],[149.1187007882771,-35.275257003377654],[149.11870019860152,-35.2752588],[149.1187007882771,-35.27526059662235],[149.11870239930076,-35.2752619118412],[149.1187046,-35.2752623932447],[149.11870680069924,-35.2752619118412],[149.1187084117229,-35.27526059662235],[149.11870900139849,-35.2752588]]]}},{"type":"Feature","id":"8822615873:crown","properties":{"part":"crown","base":2.5,"height":5.5,"osmId":8822615873},"geometry":{"type":"Polygon","coordinates":[[[149.11874311223687,-35.2752588],[149.1187379525755,-35.27524307955444],[149.11872385611844,-35.27523157138957],[149.1187046,-35.275227359108875],[149.11868534388157,-35.27523157138957],[149.11867124742452,-35.27524307955444],[149.11866608776313,-35.2752588],[149.11867124742452,-35.275274520445564],[149.11868534388157,-35.27528602861044],[149.1187046,-35.27529024089113],[149.11872385611844,-35.27528602861044],[149.1187379525755,-35.275274520445564],[149.11874311223687,-35.2752588]]]}},{"type":"Feature","id":"8822615873:top","properties":{"part":"top","base":5.5,"height":7,"osmId":8822615873},"geometry":{"type":"Polygon","coordinates":[[[149.118731008391,-35.2752588],[149.11872747033746,-35.275248020265906],[149.11871780419548,-35.27524012895285],[149.1187046,-35.2752372405318],[149.11869139580452,-35.27524012895285],[149.11868172966254,-35.275248020265906],[149.118678191609,-35.2752588],[149.11868172966254,-35.2752695797341],[149.11869139580452,-35.275277471047154],[149.1187046,-35.275280359468205],[149.11871780419548,-35.275277471047154],[149.11872747033746,-35.2752695797341],[149.118731008391,-35.2752588]]]}},{"type":"Feature","id":"8822615874:trunk","properties":{"part":"trunk","base":0,"height":3,"osmId":8822615874},"geometry":{"type":"Polygon","coordinates":[[[149.1188246013898,-35.275099],[149.1188240117154,-35.27509720337765],[149.11882240069488,-35.2750958881588],[149.1188202,-35.2750954067553],[149.1188179993051,-35.2750958881588],[149.11881638828459,-35.27509720337765],[149.11881579861017,-35.275099],[149.11881638828459,-35.27510079662235],[149.1188179993051,-35.27510211184119],[149.1188202,-35.275102593244696],[149.11882240069488,-35.27510211184119],[149.1188240117154,-35.27510079662235],[149.1188246013898,-35.275099]]]}},{"type":"Feature","id":"8822615874:crown","properties":{"part":"crown","base":2.5,"height":5.5,"osmId":8822615874},"geometry":{"type":"Polygon","coordinates":[[[149.11885871216086,-35.275099],[149.11885355250968,-35.27508327955444],[149.11883945608042,-35.27507177138956],[149.1188202,-35.27506755910887],[149.11880094391955,-35.27507177138956],[149.1187868474903,-35.27508327955444],[149.11878168783912,-35.275099],[149.1187868474903,-35.27511472044556],[149.11880094391955,-35.27512622861043],[149.1188202,-35.275130440891125],[149.11883945608042,-35.27512622861043],[149.11885355250968,-35.27511472044556],[149.11885871216086,-35.275099]]]}},{"type":"Feature","id":"8822615874:top","properties":{"part":"top","base":5.5,"height":7,"osmId":8822615874},"geometry":{"type":"Polygon","coordinates":[[[149.11884660833888,-35.275099],[149.11884307029234,-35.2750882202659],[149.11883340416944,-35.275080328952846],[149.1188202,-35.275077440531796],[149.11880699583054,-35.275080328952846],[149.11879732970763,-35.2750882202659],[149.1187937916611,-35.275099],[149.11879732970763,-35.275109779734095],[149.11880699583054,-35.27511767104715],[149.1188202,-35.2751205594682],[149.11883340416944,-35.27511767104715],[149.11884307029234,-35.275109779734095],[149.11884660833888,-35.275099]]]}},{"type":"Feature","id":"8822615875:trunk","properties":{"part":"trunk","base":0,"height":3,"osmId":8822615875},"geometry":{"type":"Polygon","coordinates":[[[149.1186859013758,-35.2748412],[149.11868531170327,-35.27483940337765],[149.1186837006879,-35.2748380881588],[149.1186815,-35.2748376067553],[149.1186792993121,-35.2748380881588],[149.11867768829674,-35.27483940337765],[149.1186770986242,-35.2748412],[149.11867768829674,-35.27484299662235],[149.1186792993121,-35.27484431184119],[149.1186815,-35.2748447932447],[149.1186837006879,-35.27484431184119],[149.11868531170327,-35.27484299662235],[149.1186859013758,-35.2748412]]]}},{"type":"Feature","id":"8822615875:crown","properties":{"part":"crown","base":2.5,"height":5.5,"osmId":8822615875},"geometry":{"type":"Polygon","coordinates":[[[149.11872001203832,-35.2748412],[149.11871485240354,-35.27482547955444],[149.11870075601917,-35.27481397138956],[149.1186815,-35.27480975910887],[149.11866224398085,-35.27481397138956],[149.11864814759647,-35.27482547955444],[149.1186429879617,-35.2748412],[149.11864814759647,-35.27485692044556],[149.11866224398085,-35.27486842861043],[149.1186815,-35.274872640891125],[149.11870075601917,-35.27486842861043],[149.11871485240354,-35.27485692044556],[149.11872001203832,-35.2748412]]]}},{"type":"Feature","id":"8822615875:top","properties":{"part":"top","base":5.5,"height":7,"osmId":8822615875},"geometry":{"type":"Polygon","coordinates":[[[149.11870790825483,-35.2748412],[149.11870437021958,-35.2748304202659],[149.11869470412742,-35.274822528952846],[149.1186815,-35.274819640531796],[149.1186682958726,-35.274822528952846],[149.11865862978044,-35.2748304202659],[149.11865509174518,-35.2748412],[149.11865862978044,-35.274851979734095],[149.1186682958726,-35.27485987104715],[149.1186815,-35.2748627594682],[149.11869470412742,-35.27485987104715],[149.11870437021958,-35.274851979734095],[149.11870790825483,-35.2748412]]]}},{"type":"Feature","id":"8822615876:trunk","properties":{"part":"trunk","base":0,"height":3,"osmId":8822615876},"geometry":{"type":"Polygon","coordinates":[[[149.11862890136993,-35.2747331],[149.1186283116982,-35.27473130337765],[149.11862670068498,-35.2747299881588],[149.1186245,-35.2747295067553],[149.11862229931504,-35.2747299881588],[149.11862068830183,-35.27473130337765],[149.1186200986301,-35.2747331],[149.11862068830183,-35.27473489662235],[149.11862229931504,-35.274736211841194],[149.1186245,-35.2747366932447],[149.11862670068498,-35.274736211841194],[149.1186283116982,-35.27473489662235],[149.11862890136993,-35.2747331]]]}},{"type":"Feature","id":"8822615876:crown","properties":{"part":"crown","base":2.5,"height":5.5,"osmId":8822615876},"geometry":{"type":"Polygon","coordinates":[[[149.1186630119869,-35.2747331],[149.118657852359,-35.27471737955444],[149.11864375599347,-35.274705871389564],[149.1186245,-35.27470165910887],[149.11860524400655,-35.274705871389564],[149.118591147641,-35.27471737955444],[149.1185859880131,-35.2747331],[149.118591147641,-35.27474882044556],[149.11860524400655,-35.274760328610434],[149.1186245,-35.27476454089113],[149.11864375599347,-35.274760328610434],[149.118657852359,-35.27474882044556],[149.1186630119869,-35.2747331]]]}},{"type":"Feature","id":"8822615876:top","properties":{"part":"top","base":5.5,"height":7,"osmId":8822615876},"geometry":{"type":"Polygon","coordinates":[[[149.1186509082196,-35.2747331],[149.11864737018905,-35.2747223202659],[149.1186377041098,-35.27471442895285],[149.1186245,-35.2747115405318],[149.11861129589022,-35.27471442895285],[149.11860162981097,-35.2747223202659],[149.11859809178043,-35.2747331],[149.11860162981097,-35.274743879734096],[149.11861129589022,-35.27475177104715],[149.1186245,-35.2747546594682],[149.1186377041098,-35.27475177104715],[149.11864737018905,-35.274743879734096],[149.1186509082196,-35.2747331]]]}},{"type":"Feature","id":"8955538607:trunk","properties":{"part":"trunk","base":0,"height":3,"osmId":8955538607},"geometry":{"type":"Polygon","coordinates":[[[149.11749090195198,-35.2854416],[149.11749031220225,-35.28543980337765],[149.117488700976,-35.2854384881588],[149.1174865,-35.2854380067553],[149.11748429902403,-35.2854384881588],[149.11748268779778,-35.28543980337765],[149.11748209804804,-35.2854416],[149.11748268779778,-35.28544339662235],[149.11748429902403,-35.285444711841194],[149.1174865,-35.2854451932447],[149.117488700976,-35.285444711841194],[149.11749031220225,-35.28544339662235],[149.11749090195198,-35.2854416]]]}},{"type":"Feature","id":"8955538607:crown","properties":{"part":"crown","base":2.5,"height":5.5,"osmId":8955538607},"geometry":{"type":"Polygon","coordinates":[[[149.11752501707986,-35.2854416],[149.11751985676963,-35.28542587955444],[149.11750575853992,-35.285414371389564],[149.1174865,-35.28541015910887],[149.1174672414601,-35.285414371389564],[149.1174531432304,-35.28542587955444],[149.11744798292017,-35.2854416],[149.1174531432304,-35.28545732044556],[149.1174672414601,-35.28546882861043],[149.1174865,-35.28547304089113],[149.11750575853992,-35.28546882861043],[149.11751985676963,-35.28545732044556],[149.11752501707986,-35.2854416]]]}},{"type":"Feature","id":"8955538607:top","properties":{"part":"top","base":5.5,"height":7,"osmId":8955538607},"geometry":{"type":"Polygon","coordinates":[[[149.1175129117119,-35.2854416],[149.11750937321347,-35.2854308202659],[149.11749970585595,-35.28542292895285],[149.1174865,-35.2854200405318],[149.11747329414408,-35.28542292895285],[149.11746362678656,-35.2854308202659],[149.1174600882881,-35.2854416],[149.11746362678656,-35.285452379734096],[149.11747329414408,-35.28546027104715],[149.1174865,-35.2854631594682],[149.11749970585595,-35.28546027104715],[149.11750937321347,-35.285452379734096],[149.1175129117119,-35.2854416]]]}},{"type":"Feature","id":"8955538608:trunk","properties":{"part":"trunk","base":0,"height":3,"osmId":8955538608},"geometry":{"type":"Polygon","coordinates":[[[149.11724310195822,-35.2855565],[149.11724251220767,-35.28555470337765],[149.1172409009791,-35.2855533881588],[149.1172387,-35.2855529067553],[149.1172364990209,-35.2855533881588],[149.11723488779234,-35.28555470337765],[149.11723429804178,-35.2855565],[149.11723488779234,-35.28555829662235],[149.1172364990209,-35.285559611841194],[149.1172387,-35.2855600932447],[149.1172409009791,-35.285559611841194],[149.11724251220767,-35.28555829662235],[149.11724310195822,-35.2855565]]]}},{"type":"Feature","id":"8955538608:crown","properties":{"part":"crown","base":2.5,"height":5.5,"osmId":8955538608},"geometry":{"type":"Polygon","coordinates":[[[149.1172772171345,-35.2855565],[149.11727205681694,-35.28554077955444],[149.11725795856725,-35.285529271389564],[149.1172387,-35.28552505910887],[149.11721944143275,-35.285529271389564],[149.11720534318306,-35.28554077955444],[149.1172001828655,-35.2855565],[149.11720534318306,-35.28557222044556],[149.11721944143275,-35.28558372861043],[149.1172387,-35.285587940891126],[149.11725795856725,-35.28558372861043],[149.11727205681694,-35.28557222044556],[149.1172772171345,-35.2855565]]]}},{"type":"Feature","id":"8955538608:top","properties":{"part":"top","base":5.5,"height":7,"osmId":8955538608},"geometry":{"type":"Polygon","coordinates":[[[149.11726511174936,-35.2855565],[149.1172615732459,-35.2855457202659],[149.1172519058747,-35.28553782895285],[149.1172387,-35.2855349405318],[149.1172254941253,-35.28553782895285],[149.1172158267541,-35.2855457202659],[149.11721228825064,-35.2855565],[149.1172158267541,-35.285567279734096],[149.1172254941253,-35.28557517104715],[149.1172387,-35.2855780594682],[149.1172519058747,-35.28557517104715],[149.1172615732459,-35.285567279734096],[149.11726511174936,-35.2855565]]]}},{"type":"Feature","id":"8955538609:trunk","properties":{"part":"trunk","base":0,"height":3,"osmId":8955538609},"geometry":{"type":"Polygon","coordinates":[[[149.11703350195612,-35.2855175],[149.11703291220581,-35.28551570337765],[149.11703130097806,-35.2855143881588],[149.1170291,-35.2855139067553],[149.11702689902194,-35.2855143881588],[149.11702528779418,-35.28551570337765],[149.11702469804388,-35.2855175],[149.11702528779418,-35.28551929662235],[149.11702689902194,-35.28552061184119],[149.1170291,-35.2855210932447],[149.11703130097806,-35.28552061184119],[149.11703291220581,-35.28551929662235],[149.11703350195612,-35.2855175]]]}},{"type":"Feature","id":"8955538609:crown","properties":{"part":"crown","base":2.5,"height":5.5,"osmId":8955538609},"geometry":{"type":"Polygon","coordinates":[[[149.11706761711594,-35.2855175],[149.11706245680088,-35.28550177955444],[149.11704835855798,-35.28549027138956],[149.1170291,-35.28548605910887],[149.117009841442,-35.28549027138956],[149.1169957431991,-35.28550177955444],[149.11699058288406,-35.2855175],[149.1169957431991,-35.28553322044556],[149.117009841442,-35.28554472861043],[149.1170291,-35.285548940891125],[149.11704835855798,-35.28554472861043],[149.11706245680088,-35.28553322044556],[149.11706761711594,-35.2855175]]]}},{"type":"Feature","id":"8955538609:top","properties":{"part":"top","base":5.5,"height":7,"osmId":8955538609},"geometry":{"type":"Polygon","coordinates":[[[149.11705551173665,-35.2855175],[149.11705197323488,-35.2855067202659],[149.11704230586832,-35.285498828952846],[149.1170291,-35.285495940531796],[149.11701589413167,-35.285498828952846],[149.1170062267651,-35.2855067202659],[149.11700268826334,-35.2855175],[149.1170062267651,-35.285528279734095],[149.11701589413167,-35.28553617104715],[149.1170291,-35.2855390594682],[149.11704230586832,-35.28553617104715],[149.11705197323488,-35.285528279734095],[149.11705551173665,-35.2855175]]]}},{"type":"Feature","id":"8955538610:trunk","properties":{"part":"trunk","base":0,"height":3,"osmId":8955538610},"geometry":{"type":"Polygon","coordinates":[[[149.11693350195415,-35.2854814],[149.1169329122041,-35.28547960337765],[149.11693130097706,-35.28547828815881],[149.1169291,-35.2854778067553],[149.11692689902293,-35.28547828815881],[149.11692528779588,-35.28547960337765],[149.11692469804584,-35.2854814],[149.11692528779588,-35.28548319662235],[149.11692689902293,-35.2854845118412],[149.1169291,-35.2854849932447],[149.11693130097706,-35.2854845118412],[149.1169329122041,-35.28548319662235],[149.11693350195415,-35.2854814]]]}},{"type":"Feature","id":"8955538610:crown","properties":{"part":"crown","base":2.5,"height":5.5,"osmId":8955538610},"geometry":{"type":"Polygon","coordinates":[[[149.11696761709877,-35.2854814],[149.116962456786,-35.28546567955444],[149.11694835854937,-35.28545417138957],[149.1169291,-35.285449959108874],[149.11690984145062,-35.28545417138957],[149.11689574321397,-35.28546567955444],[149.11689058290122,-35.2854814],[149.11689574321397,-35.28549712044556],[149.11690984145062,-35.28550862861044],[149.1169291,-35.28551284089113],[149.11694835854937,-35.28550862861044],[149.116962456786,-35.28549712044556],[149.11696761709877,-35.2854814]]]}},{"type":"Feature","id":"8955538610:top","properties":{"part":"top","base":5.5,"height":7,"osmId":8955538610},"geometry":{"type":"Polygon","coordinates":[[[149.11695551172485,-35.2854814],[149.1169519732247,-35.285470620265905],[149.11694230586244,-35.28546272895285],[149.1169291,-35.2854598405318],[149.11691589413755,-35.28546272895285],[149.11690622677528,-35.285470620265905],[149.11690268827513,-35.2854814],[149.11690622677528,-35.2854921797341],[149.11691589413755,-35.28550007104715],[149.1169291,-35.285502959468204],[149.11694230586244,-35.28550007104715],[149.1169519732247,-35.2854921797341],[149.11695551172485,-35.2854814]]]}},{"type":"Feature","id":"8955538611:trunk","properties":{"part":"trunk","base":0,"height":3,"osmId":8955538611},"geometry":{"type":"Polygon","coordinates":[[[149.1167716019615,-35.2856164],[149.11677101221048,-35.28561460337765],[149.11676940098073,-35.28561328815881],[149.1167672,-35.2856128067553],[149.11676499901927,-35.28561328815881],[149.11676338778952,-35.28561460337765],[149.1167627980385,-35.2856164],[149.11676338778952,-35.28561819662235],[149.11676499901927,-35.2856195118412],[149.1167672,-35.2856199932447],[149.11676940098073,-35.2856195118412],[149.11677101221048,-35.28561819662235],[149.1167716019615,-35.2856164]]]}},{"type":"Feature","id":"8955538611:crown","properties":{"part":"crown","base":2.5,"height":5.5,"osmId":8955538611},"geometry":{"type":"Polygon","coordinates":[[[149.116805717163,-35.2856164],[149.11680055684164,-35.28560067955444],[149.1167864585815,-35.28558917138957],[149.1167672,-35.285584959108874],[149.1167479414185,-35.28558917138957],[149.11673384315836,-35.28560067955444],[149.116728682837,-35.2856164],[149.11673384315836,-35.28563212044556],[149.1167479414185,-35.28564362861044],[149.1167672,-35.28564784089113],[149.1167864585815,-35.28564362861044],[149.11680055684164,-35.28563212044556],[149.116805717163,-35.2856164]]]}},{"type":"Feature","id":"8955538611:top","properties":{"part":"top","base":5.5,"height":7,"osmId":8955538611},"geometry":{"type":"Polygon","coordinates":[[[149.1167936117689,-35.2856164],[149.11679007326282,-35.285605620265905],[149.11678040588444,-35.28559772895285],[149.1167672,-35.2855948405318],[149.11675399411556,-35.28559772895285],[149.11674432673718,-35.285605620265905],[149.11674078823108,-35.2856164],[149.11674432673718,-35.2856271797341],[149.11675399411556,-35.28563507104715],[149.1167672,-35.285637959468204],[149.11678040588444,-35.28563507104715],[149.11679007326282,-35.2856271797341],[149.1167936117689,-35.2856164]]]}},{"type":"Feature","id":"8955538612:trunk","properties":{"part":"trunk","base":0,"height":3,"osmId":8955538612},"geometry":{"type":"Polygon","coordinates":[[[149.11676180197531,-35.2858706],[149.11676121222246,-35.28586880337765],[149.11675960098768,-35.28586748815881],[149.1167574,-35.2858670067553],[149.11675519901235,-35.28586748815881],[149.11675358777757,-35.28586880337765],[149.1167529980247,-35.2858706],[149.11675358777757,-35.28587239662235],[149.11675519901235,-35.2858737118412],[149.1167574,-35.2858741932447],[149.11675960098768,-35.2858737118412],[149.11676121222246,-35.28587239662235],[149.11676180197531,-35.2858706]]]}},{"type":"Feature","id":"8955538612:crown","properties":{"part":"crown","base":2.5,"height":5.5,"osmId":8955538612},"geometry":{"type":"Polygon","coordinates":[[[149.11679591728392,-35.2858706],[149.1167907569464,-35.28585487955444],[149.11677665864198,-35.28584337138957],[149.1167574,-35.285839159108875],[149.11673814135804,-35.28584337138957],[149.11672404305364,-35.28585487955444],[149.1167188827161,-35.2858706],[149.11672404305364,-35.28588632044556],[149.11673814135804,-35.28589782861044],[149.1167574,-35.28590204089113],[149.11677665864198,-35.28589782861044],[149.1167907569464,-35.28588632044556],[149.11679591728392,-35.2858706]]]}},{"type":"Feature","id":"8955538612:top","properties":{"part":"top","base":5.5,"height":7,"osmId":8955538612},"geometry":{"type":"Polygon","coordinates":[[[149.11678381185183,-35.2858706],[149.11678027333465,-35.285859820265905],[149.11677060592592,-35.28585192895285],[149.1167574,-35.2858490405318],[149.1167441940741,-35.28585192895285],[149.11673452666537,-35.285859820265905],[149.1167309881482,-35.2858706],[149.11673452666537,-35.2858813797341],[149.1167441940741,-35.285889271047154],[149.1167574,-35.285892159468204],[149.11677060592592,-35.285889271047154],[149.11678027333465,-35.2858813797341],[149.11678381185183,-35.2858706]]]}},{"type":"Feature","id":"8955538613:trunk","properties":{"part":"trunk","base":0,"height":3,"osmId":8955538613},"geometry":{"type":"Polygon","coordinates":[[[149.11661230197765,-35.285914],[149.11661171222448,-35.28591220337765],[149.11661010098882,-35.2859108881588],[149.1166079,-35.2859104067553],[149.11660569901116,-35.2859108881588],[149.1166040877755,-35.28591220337765],[149.11660349802233,-35.285914],[149.1166040877755,-35.28591579662235],[149.11660569901116,-35.285917111841194],[149.1166079,-35.2859175932447],[149.11661010098882,-35.285917111841194],[149.11661171222448,-35.28591579662235],[149.11661230197765,-35.285914]]]}},{"type":"Feature","id":"8955538613:crown","properties":{"part":"crown","base":2.5,"height":5.5,"osmId":8955538613},"geometry":{"type":"Polygon","coordinates":[[[149.11664641730457,-35.285914],[149.11664125696424,-35.28589827955444],[149.11662715865228,-35.28588677138956],[149.1166079,-35.28588255910887],[149.1165886413477,-35.28588677138956],[149.11657454303574,-35.28589827955444],[149.11656938269542,-35.285914],[149.11657454303574,-35.28592972044556],[149.1165886413477,-35.28594122861043],[149.1166079,-35.285945440891126],[149.11662715865228,-35.28594122861043],[149.11664125696424,-35.28592972044556],[149.11664641730457,-35.285914]]]}},{"type":"Feature","id":"8955538613:top","properties":{"part":"top","base":5.5,"height":7,"osmId":8955538613},"geometry":{"type":"Polygon","coordinates":[[[149.116634311866,-35.285914],[149.1166307733469,-35.2859032202659],[149.11662110593298,-35.28589532895285],[149.1166079,-35.285892440531796],[149.116594694067,-35.28589532895285],[149.11658502665307,-35.2859032202659],[149.116581488134,-35.285914],[149.11658502665307,-35.285924779734096],[149.116594694067,-35.28593267104715],[149.1166079,-35.2859355594682],[149.11662110593298,-35.28593267104715],[149.1166307733469,-35.285924779734096],[149.116634311866,-35.285914]]]}},{"type":"Feature","id":"8955538614:trunk","properties":{"part":"trunk","base":0,"height":3,"osmId":8955538614},"geometry":{"type":"Polygon","coordinates":[[[149.1175254019333,-35.2850978],[149.11752481218608,-35.28509600337765],[149.11752320096664,-35.28509468815881],[149.117521,-35.2850942067553],[149.11751879903338,-35.28509468815881],[149.11751718781395,-35.28509600337765],[149.11751659806671,-35.2850978],[149.11751718781395,-35.28509959662235],[149.11751879903338,-35.2851009118412],[149.117521,-35.2851013932447],[149.11752320096664,-35.2851009118412],[149.11752481218608,-35.28509959662235],[149.1175254019333,-35.2850978]]]}},{"type":"Feature","id":"8955538614:crown","properties":{"part":"crown","base":2.5,"height":5.5,"osmId":8955538614},"geometry":{"type":"Polygon","coordinates":[[[149.1175595169163,-35.2850978],[149.11755435662798,-35.28508207955444],[149.11754025845815,-35.28507057138957],[149.117521,-35.285066359108875],[149.11750174154187,-35.28507057138957],[149.11748764337204,-35.28508207955444],[149.11748248308373,-35.2850978],[149.11748764337204,-35.28511352044556],[149.11750174154187,-35.28512502861044],[149.117521,-35.28512924089113],[149.11754025845815,-35.28512502861044],[149.11755435662798,-35.28511352044556],[149.1175595169163,-35.2850978]]]}},{"type":"Feature","id":"8955538614:top","properties":{"part":"top","base":5.5,"height":7,"osmId":8955538614},"geometry":{"type":"Polygon","coordinates":[[[149.11754741159976,-35.2850978],[149.11754387311635,-35.285087020265905],[149.11753420579987,-35.28507912895285],[149.117521,-35.2850762405318],[149.11750779420015,-35.28507912895285],[149.11749812688367,-35.285087020265905],[149.11749458840026,-35.2850978],[149.11749812688367,-35.2851085797341],[149.11750779420015,-35.285116471047154],[149.117521,-35.285119359468204],[149.11753420579987,-35.285116471047154],[149.11754387311635,-35.2851085797341],[149.11754741159976,-35.2850978]]]}},{"type":"Feature","id":"8955538615:trunk","properties":{"part":"trunk","base":0,"height":3,"osmId":8955538615},"geometry":{"type":"Polygon","coordinates":[[[149.11725020193148,-35.2850646],[149.1172496121845,-35.28506280337765],[149.11724800096576,-35.2850614881588],[149.1172458,-35.2850610067553],[149.11724359903425,-35.2850614881588],[149.1172419878155,-35.28506280337765],[149.11724139806853,-35.2850646],[149.1172419878155,-35.28506639662235],[149.11724359903425,-35.285067711841194],[149.1172458,-35.2850681932447],[149.11724800096576,-35.285067711841194],[149.1172496121845,-35.28506639662235],[149.11725020193148,-35.2850646]]]}},{"type":"Feature","id":"8955538615:crown","properties":{"part":"crown","base":2.5,"height":5.5,"osmId":8955538615},"geometry":{"type":"Polygon","coordinates":[[[149.1172843169005,-35.2850646],[149.1172791566143,-35.28504887955444],[149.11726505845024,-35.28503737138956],[149.1172458,-35.28503315910887],[149.11722654154977,-35.28503737138956],[149.1172124433857,-35.28504887955444],[149.1172072830995,-35.2850646],[149.1172124433857,-35.28508032044556],[149.11722654154977,-35.28509182861043],[149.1172458,-35.285096040891126],[149.11726505845024,-35.28509182861043],[149.1172791566143,-35.28508032044556],[149.1172843169005,-35.2850646]]]}},{"type":"Feature","id":"8955538615:top","properties":{"part":"top","base":5.5,"height":7,"osmId":8955538615},"geometry":{"type":"Polygon","coordinates":[[[149.11727221158893,-35.2850646],[149.11726867310696,-35.2850538202659],[149.11725900579447,-35.28504592895285],[149.1172458,-35.2850430405318],[149.11723259420555,-35.28504592895285],[149.11722292689305,-35.2850538202659],[149.1172193884111,-35.2850646],[149.11722292689305,-35.285075379734096],[149.11723259420555,-35.28508327104715],[149.1172458,-35.2850861594682],[149.11725900579447,-35.28508327104715],[149.11726867310696,-35.285075379734096],[149.11727221158893,-35.2850646]]]}},{"type":"Feature","id":"8955538616:trunk","properties":{"part":"trunk","base":0,"height":3,"osmId":8955538616},"geometry":{"type":"Polygon","coordinates":[[[149.11713520194508,-35.2853145],[149.11713461219628,-35.28531270337765],[149.11713300097256,-35.2853113881588],[149.1171308,-35.2853109067553],[149.11712859902747,-35.2853113881588],[149.11712698780374,-35.28531270337765],[149.11712639805495,-35.2853145],[149.11712698780374,-35.28531629662235],[149.11712859902747,-35.285317611841194],[149.1171308,-35.2853180932447],[149.11713300097256,-35.285317611841194],[149.11713461219628,-35.28531629662235],[149.11713520194508,-35.2853145]]]}},{"type":"Feature","id":"8955538616:crown","properties":{"part":"crown","base":2.5,"height":5.5,"osmId":8955538616},"geometry":{"type":"Polygon","coordinates":[[[149.11716931701937,-35.2853145],[149.11716415671728,-35.28529877955444],[149.1171500585097,-35.285287271389564],[149.1171308,-35.28528305910887],[149.11711154149032,-35.285287271389564],[149.11709744328274,-35.28529877955444],[149.11709228298065,-35.2853145],[149.11709744328274,-35.28533022044556],[149.11711154149032,-35.28534172861043],[149.1171308,-35.285345940891126],[149.1171500585097,-35.28534172861043],[149.11716415671728,-35.28533022044556],[149.11716931701937,-35.2853145]]]}},{"type":"Feature","id":"8955538616:top","properties":{"part":"top","base":5.5,"height":7,"osmId":8955538616},"geometry":{"type":"Polygon","coordinates":[[[149.11715721167045,-35.2853145],[149.11715367317757,-35.2853037202659],[149.11714400583523,-35.28529582895285],[149.1171308,-35.2852929405318],[149.1171175941648,-35.28529582895285],[149.11710792682246,-35.2853037202659],[149.11710438832958,-35.2853145],[149.11710792682246,-35.285325279734096],[149.1171175941648,-35.28533317104715],[149.1171308,-35.2853360594682],[149.11714400583523,-35.28533317104715],[149.11715367317757,-35.285325279734096],[149.11715721167045,-35.2853145]]]}},{"type":"Feature","id":"8955538617:trunk","properties":{"part":"trunk","base":0,"height":3,"osmId":8955538617},"geometry":{"type":"Polygon","coordinates":[[[149.11703610194473,-35.285308],[149.11703551219597,-35.28530620337765],[149.11703390097236,-35.285304888158805],[149.1170317,-35.2853044067553],[149.11702949902767,-35.285304888158805],[149.11702788780406,-35.28530620337765],[149.1170272980553,-35.285308],[149.11702788780406,-35.28530979662235],[149.11702949902767,-35.285311111841196],[149.1170317,-35.2853115932447],[149.11703390097236,-35.285311111841196],[149.11703551219597,-35.28530979662235],[149.11703610194473,-35.285308]]]}},{"type":"Feature","id":"8955538617:crown","properties":{"part":"crown","base":2.5,"height":5.5,"osmId":8955538617},"geometry":{"type":"Polygon","coordinates":[[[149.1170702170163,-35.285308],[149.11706505671458,-35.28529227955444],[149.11705095850814,-35.285280771389566],[149.1170317,-35.28527655910887],[149.11701244149188,-35.285280771389566],[149.11699834328545,-35.28529227955444],[149.11699318298372,-35.285308],[149.11699834328545,-35.28532372044556],[149.11701244149188,-35.285335228610435],[149.1170317,-35.28533944089113],[149.11705095850814,-35.285335228610435],[149.11706505671458,-35.28532372044556],[149.1170702170163,-35.285308]]]}},{"type":"Feature","id":"8955538617:top","properties":{"part":"top","base":5.5,"height":7,"osmId":8955538617},"geometry":{"type":"Polygon","coordinates":[[[149.1170581116683,-35.285308],[149.11705457317572,-35.2852972202659],[149.11704490583418,-35.28528932895285],[149.1170317,-35.2852864405318],[149.11701849416585,-35.28528932895285],[149.1170088268243,-35.2852972202659],[149.1170052883317,-35.285308],[149.1170088268243,-35.2853187797341],[149.11701849416585,-35.28532667104715],[149.1170317,-35.2853295594682],[149.11704490583418,-35.28532667104715],[149.11705457317572,-35.2853187797341],[149.1170581116683,-35.285308]]]}},{"type":"Feature","id":"8955538618:trunk","properties":{"part":"trunk","base":0,"height":3,"osmId":8955538618},"geometry":{"type":"Polygon","coordinates":[[[149.11765550194062,-35.2852329],[149.1176549121924,-35.28523110337765],[149.11765330097032,-35.2852297881588],[149.1176511,-35.2852293067553],[149.11764889902966,-35.2852297881588],[149.11764728780759,-35.28523110337765],[149.11764669805936,-35.2852329],[149.11764728780759,-35.28523469662235],[149.11764889902966,-35.28523601184119],[149.1176511,-35.285236493244696],[149.11765330097032,-35.28523601184119],[149.1176549121924,-35.28523469662235],[149.11765550194062,-35.2852329]]]}},{"type":"Feature","id":"8955538618:crown","properties":{"part":"crown","base":2.5,"height":5.5,"osmId":8955538618},"geometry":{"type":"Polygon","coordinates":[[[149.11768961698056,-35.2852329],[149.11768445668363,-35.28521717955444],[149.11767035849027,-35.28520567138956],[149.1176511,-35.28520145910887],[149.1176318415097,-35.28520567138956],[149.11761774331634,-35.28521717955444],[149.11761258301942,-35.2852329],[149.11761774331634,-35.28524862044556],[149.1176318415097,-35.28526012861043],[149.1176511,-35.285264340891125],[149.11767035849027,-35.28526012861043],[149.11768445668363,-35.28524862044556],[149.11768961698056,-35.2852329]]]}},{"type":"Feature","id":"8955538618:top","properties":{"part":"top","base":5.5,"height":7,"osmId":8955538618},"geometry":{"type":"Polygon","coordinates":[[[149.1176775116438,-35.2852329],[149.1176739731545,-35.2852221202659],[149.1176643058219,-35.285214228952846],[149.1176511,-35.285211340531795],[149.11763789417807,-35.285214228952846],[149.11762822684548,-35.2852221202659],[149.1176246883562,-35.2852329],[149.11762822684548,-35.285243679734094],[149.11763789417807,-35.28525157104715],[149.1176511,-35.2852544594682],[149.1176643058219,-35.28525157104715],[149.1176739731545,-35.285243679734094],[149.1176775116438,-35.2852329]]]}},{"type":"Feature","id":"8955538619:trunk","properties":{"part":"trunk","base":0,"height":3,"osmId":8955538619},"geometry":{"type":"Polygon","coordinates":[[[149.1170768019214,-35.2848788],[149.11707621217576,-35.28487700337765],[149.1170746009607,-35.284875688158806],[149.1170724,-35.2848752067553],[149.11707019903932,-35.284875688158806],[149.11706858782426,-35.28487700337765],[149.11706799807862,-35.2848788],[149.11706858782426,-35.28488059662235],[149.11707019903932,-35.2848819118412],[149.1170724,-35.2848823932447],[149.1170746009607,-35.2848819118412],[149.11707621217576,-35.28488059662235],[149.1170768019214,-35.2848788]]]}},{"type":"Feature","id":"8955538619:crown","properties":{"part":"crown","base":2.5,"height":5.5,"osmId":8955538619},"geometry":{"type":"Polygon","coordinates":[[[149.11711091681212,-35.2848788],[149.11710575653777,-35.28486307955444],[149.11709165840605,-35.28485157138957],[149.1170724,-35.28484735910887],[149.11705314159397,-35.28485157138957],[149.11703904346226,-35.28486307955444],[149.1170338831879,-35.2848788],[149.11703904346226,-35.28489452044556],[149.11705314159397,-35.284906028610436],[149.1170724,-35.28491024089113],[149.11709165840605,-35.284906028610436],[149.11710575653777,-35.28489452044556],[149.11711091681212,-35.2848788]]]}},{"type":"Feature","id":"8955538619:top","properties":{"part":"top","base":5.5,"height":7,"osmId":8955538619},"geometry":{"type":"Polygon","coordinates":[[[149.1170988115283,-35.2848788],[149.11709527305447,-35.284868020265904],[149.11708560576417,-35.28486012895285],[149.1170724,-35.2848572405318],[149.11705919423585,-35.28486012895285],[149.11704952694555,-35.284868020265904],[149.11704598847172,-35.2848788],[149.11704952694555,-35.2848895797341],[149.11705919423585,-35.28489747104715],[149.1170724,-35.2849003594682],[149.11708560576417,-35.28489747104715],[149.11709527305447,-35.2848895797341],[149.1170988115283,-35.2848788]]]}},{"type":"Feature","id":"8955538620:trunk","properties":{"part":"trunk","base":0,"height":3,"osmId":8955538620},"geometry":{"type":"Polygon","coordinates":[[[149.11702280191565,-35.2847733],[149.11702221217078,-35.28477150337765],[149.11702060095783,-35.2847701881588],[149.1170184,-35.2847697067553],[149.11701619904218,-35.2847701881588],[149.11701458782923,-35.28477150337765],[149.11701399808436,-35.2847733],[149.11701458782923,-35.28477509662235],[149.11701619904218,-35.28477641184119],[149.1170184,-35.2847768932447],[149.11702060095783,-35.28477641184119],[149.11702221217078,-35.28477509662235],[149.11702280191565,-35.2847733]]]}},{"type":"Feature","id":"8955538620:crown","properties":{"part":"crown","base":2.5,"height":5.5,"osmId":8955538620},"geometry":{"type":"Polygon","coordinates":[[[149.11705691676192,-35.2847733],[149.1170517564943,-35.28475757955444],[149.11703765838095,-35.28474607138956],[149.1170184,-35.28474185910887],[149.11699914161906,-35.28474607138956],[149.1169850435057,-35.28475757955444],[149.1169798832381,-35.2847733],[149.1169850435057,-35.28478902044556],[149.11699914161906,-35.28480052861043],[149.1170184,-35.284804740891126],[149.11703765838095,-35.28480052861043],[149.1170517564943,-35.28478902044556],[149.11705691676192,-35.2847733]]]}},{"type":"Feature","id":"8955538620:top","properties":{"part":"top","base":5.5,"height":7,"osmId":8955538620},"geometry":{"type":"Polygon","coordinates":[[[149.11704481149388,-35.2847733],[149.11704127302465,-35.2847625202659],[149.11703160574694,-35.28475462895285],[149.1170184,-35.284751740531796],[149.11700519425307,-35.28475462895285],[149.11699552697536,-35.2847625202659],[149.11699198850613,-35.2847733],[149.11699552697536,-35.284784079734095],[149.11700519425307,-35.28479197104715],[149.1170184,-35.2847948594682],[149.11703160574694,-35.28479197104715],[149.11704127302465,-35.284784079734095],[149.11704481149388,-35.2847733]]]}},{"type":"Feature","id":"8955538621:trunk","properties":{"part":"trunk","base":0,"height":3,"osmId":8955538621},"geometry":{"type":"Polygon","coordinates":[[[149.11733430191333,-35.2847307],[149.11733371216874,-35.28472890337765],[149.11733210095665,-35.2847275881588],[149.1173299,-35.2847271067553],[149.11732769904333,-35.2847275881588],[149.11732608783123,-35.28472890337765],[149.11732549808664,-35.2847307],[149.11732608783123,-35.28473249662235],[149.11732769904333,-35.28473381184119],[149.1173299,-35.284734293244696],[149.11733210095665,-35.28473381184119],[149.11733371216874,-35.28473249662235],[149.11733430191333,-35.2847307]]]}},{"type":"Feature","id":"8955538621:crown","properties":{"part":"crown","base":2.5,"height":5.5,"osmId":8955538621},"geometry":{"type":"Polygon","coordinates":[[[149.11736841674164,-35.2847307],[149.11736325647672,-35.28471497955444],[149.1173491583708,-35.28470347138956],[149.1173299,-35.28469925910887],[149.11731064162916,-35.28470347138956],[149.11729654352325,-35.28471497955444],[149.11729138325833,-35.2847307],[149.11729654352325,-35.28474642044556],[149.11731064162916,-35.28475792861043],[149.1173299,-35.284762140891125],[149.1173491583708,-35.28475792861043],[149.11736325647672,-35.28474642044556],[149.11736841674164,-35.2847307]]]}},{"type":"Feature","id":"8955538621:top","properties":{"part":"top","base":5.5,"height":7,"osmId":8955538621},"geometry":{"type":"Polygon","coordinates":[[[149.11735631147997,-35.2847307],[149.1173527730126,-35.2847199202659],[149.11734310574,-35.284712028952846],[149.1173299,-35.284709140531795],[149.11731669425998,-35.284712028952846],[149.11730702698736,-35.2847199202659],[149.11730348852,-35.2847307],[149.11730702698736,-35.284741479734095],[149.11731669425998,-35.28474937104715],[149.1173299,-35.2847522594682],[149.11734310574,-35.28474937104715],[149.1173527730126,-35.284741479734095],[149.11735631147997,-35.2847307]]]}},{"type":"Feature","id":"8955538622:trunk","properties":{"part":"trunk","base":0,"height":3,"osmId":8955538622},"geometry":{"type":"Polygon","coordinates":[[[149.11745460192037,-35.28486],[149.11745401217487,-35.28485820337765],[149.1174524009602,-35.28485688815881],[149.1174502,-35.2848564067553],[149.11744799903983,-35.28485688815881],[149.11744638782514,-35.28485820337765],[149.11744579807964,-35.28486],[149.11744638782514,-35.28486179662235],[149.11744799903983,-35.2848631118412],[149.1174502,-35.2848635932447],[149.1174524009602,-35.2848631118412],[149.11745401217487,-35.28486179662235],[149.11745460192037,-35.28486]]]}},{"type":"Feature","id":"8955538622:crown","properties":{"part":"crown","base":2.5,"height":5.5,"osmId":8955538622},"geometry":{"type":"Polygon","coordinates":[[[149.11748871680317,-35.28486],[149.11748355653,-35.28484427955444],[149.1174694584016,-35.28483277138957],[149.1174502,-35.284828559108874],[149.11743094159843,-35.28483277138957],[149.11741684347,-35.28484427955444],[149.11741168319685,-35.28486],[149.11741684347,-35.28487572044556],[149.11743094159843,-35.28488722861044],[149.1174502,-35.28489144089113],[149.1174694584016,-35.28488722861044],[149.11748355653,-35.28487572044556],[149.11748871680317,-35.28486]]]}},{"type":"Feature","id":"8955538622:top","properties":{"part":"top","base":5.5,"height":7,"osmId":8955538622},"geometry":{"type":"Polygon","coordinates":[[[149.11747661152216,-35.28486],[149.11747307304915,-35.284849220265905],[149.1174634057611,-35.28484132895285],[149.1174502,-35.2848384405318],[149.11743699423891,-35.28484132895285],[149.11742732695086,-35.284849220265905],[149.11742378847785,-35.28486],[149.11742732695086,-35.2848707797341],[149.11743699423891,-35.28487867104715],[149.1174502,-35.284881559468204],[149.1174634057611,-35.28487867104715],[149.11747307304915,-35.2848707797341],[149.11747661152216,-35.28486]]]}},{"type":"Feature","id":"8955538623:trunk","properties":{"part":"trunk","base":0,"height":3,"osmId":8955538623},"geometry":{"type":"Polygon","coordinates":[[[149.11748820191684,-35.284795],[149.1174876121718,-35.28479320337765],[149.11748600095842,-35.28479188815881],[149.1174838,-35.2847914067553],[149.11748159904158,-35.28479188815881],[149.1174799878282,-35.28479320337765],[149.11747939808316,-35.284795],[149.1174799878282,-35.28479679662235],[149.11748159904158,-35.2847981118412],[149.1174838,-35.2847985932447],[149.11748600095842,-35.2847981118412],[149.1174876121718,-35.28479679662235],[149.11748820191684,-35.284795]]]}},{"type":"Feature","id":"8955538623:crown","properties":{"part":"crown","base":2.5,"height":5.5,"osmId":8955538623},"geometry":{"type":"Polygon","coordinates":[[[149.11752231677224,-35.284795],[149.11751715650323,-35.28477927955444],[149.11750305838612,-35.28476777138957],[149.1174838,-35.284763559108875],[149.11746454161388,-35.28476777138957],[149.11745044349678,-35.28477927955444],[149.11744528322777,-35.284795],[149.11745044349678,-35.28481072044556],[149.11746454161388,-35.28482222861044],[149.1174838,-35.28482644089113],[149.11750305838612,-35.28482222861044],[149.11751715650323,-35.28481072044556],[149.11752231677224,-35.284795]]]}},{"type":"Feature","id":"8955538623:top","properties":{"part":"top","base":5.5,"height":7,"osmId":8955538623},"geometry":{"type":"Polygon","coordinates":[[[149.11751021150096,-35.284795],[149.1175066730308,-35.284784220265905],[149.1174970057505,-35.28477632895285],[149.1174838,-35.2847734405318],[149.1174705942495,-35.28477632895285],[149.11746092696922,-35.284784220265905],[149.11745738849905,-35.284795],[149.11746092696922,-35.2848057797341],[149.1174705942495,-35.284813671047154],[149.1174838,-35.284816559468204],[149.1174970057505,-35.284813671047154],[149.1175066730308,-35.2848057797341],[149.11751021150096,-35.284795]]]}},{"type":"Feature","id":"8955538624:trunk","properties":{"part":"trunk","base":0,"height":3,"osmId":8955538624},"geometry":{"type":"Polygon","coordinates":[[[149.11786780192472,-35.2849402],[149.11786721217865,-35.28493840337765],[149.11786560096238,-35.284937088158806],[149.1178634,-35.2849366067553],[149.11786119903763,-35.284937088158806],[149.11785958782136,-35.28493840337765],[149.1178589980753,-35.2849402],[149.11785958782136,-35.28494199662235],[149.11786119903763,-35.2849433118412],[149.1178634,-35.2849437932447],[149.11786560096238,-35.2849433118412],[149.11786721217865,-35.28494199662235],[149.11786780192472,-35.2849402]]]}},{"type":"Feature","id":"8955538624:crown","properties":{"part":"crown","base":2.5,"height":5.5,"osmId":8955538624},"geometry":{"type":"Polygon","coordinates":[[[149.1179019168413,-35.2849402],[149.11789675656306,-35.28492447955444],[149.11788265842065,-35.284912971389566],[149.1178634,-35.28490875910887],[149.11784414157935,-35.284912971389566],[149.11783004343695,-35.28492447955444],[149.1178248831587,-35.2849402],[149.11783004343695,-35.28495592044556],[149.11784414157935,-35.284967428610436],[149.1178634,-35.28497164089113],[149.11788265842065,-35.284967428610436],[149.11789675656306,-35.28495592044556],[149.1179019168413,-35.2849402]]]}},{"type":"Feature","id":"8955538624:top","properties":{"part":"top","base":5.5,"height":7,"osmId":8955538624},"geometry":{"type":"Polygon","coordinates":[[[149.11788981154834,-35.2849402],[149.1178862730718,-35.284929420265904],[149.11787660577417,-35.28492152895285],[149.1178634,-35.2849186405318],[149.11785019422584,-35.28492152895285],[149.1178405269282,-35.284929420265904],[149.11783698845167,-35.2849402],[149.1178405269282,-35.2849509797341],[149.11785019422584,-35.28495887104715],[149.1178634,-35.2849617594682],[149.11787660577417,-35.28495887104715],[149.1178862730718,-35.2849509797341],[149.11788981154834,-35.2849402]]]}},{"type":"Feature","id":"9994214905:trunk","properties":{"part":"trunk","base":0,"height":3,"osmId":9994214905},"geometry":{"type":"Polygon","coordinates":[[[149.1226248017348,-35.2814468],[149.12262421201416,-35.28144500337765],[149.1226226008674,-35.2814436881588],[149.1226204,-35.2814432067553],[149.12261819913257,-35.2814436881588],[149.12261658798582,-35.28144500337765],[149.1226159982652,-35.2814468],[149.12261658798582,-35.28144859662235],[149.12261819913257,-35.28144991184119],[149.1226204,-35.2814503932447],[149.1226226008674,-35.28144991184119],[149.12262421201416,-35.28144859662235],[149.1226248017348,-35.2814468]]]}},{"type":"Feature","id":"9994214905:crown","properties":{"part":"crown","base":2.5,"height":5.5,"osmId":9994214905},"geometry":{"type":"Polygon","coordinates":[[[149.12265891517958,-35.2814468],[149.12265375512396,-35.28143107955444],[149.1226396575898,-35.28141957138956],[149.1226204,-35.28141535910887],[149.1226011424102,-35.28141957138956],[149.122587044876,-35.28143107955444],[149.1225818848204,-35.2814468],[149.122587044876,-35.28146252044556],[149.1226011424102,-35.28147402861043],[149.1226204,-35.281478240891126],[149.1226396575898,-35.28147402861043],[149.12265375512396,-35.28146252044556],[149.12265891517958,-35.2814468]]]}},{"type":"Feature","id":"9994214905:top","properties":{"part":"top","base":5.5,"height":7,"osmId":9994214905},"geometry":{"type":"Polygon","coordinates":[[[149.12264681040887,-35.2814468],[149.12264327208499,-35.2814360202659],[149.1226336052044,-35.28142812895285],[149.1226204,-35.281425240531796],[149.12260719479556,-35.28142812895285],[149.122597527915,-35.2814360202659],[149.1225939895911,-35.2814468],[149.122597527915,-35.281457579734095],[149.12260719479556,-35.28146547104715],[149.1226204,-35.2814683594682],[149.1226336052044,-35.28146547104715],[149.12264327208499,-35.281457579734095],[149.12264681040887,-35.2814468]]]}},{"type":"Feature","id":"11388828051:trunk","properties":{"part":"trunk","base":0,"height":3,"osmId":11388828051},"geometry":{"type":"Polygon","coordinates":[[[149.12643820164567,-35.2798069],[149.12643761193698,-35.27980510337765],[149.12643600082285,-35.2798037881588],[149.1264338,-35.2798033067553],[149.12643159917715,-35.2798037881588],[149.12642998806302,-35.27980510337765],[149.12642939835433,-35.2798069],[149.12642998806302,-35.27980869662235],[149.12643159917715,-35.27981001184119],[149.1264338,-35.279810493244696],[149.12643600082285,-35.27981001184119],[149.12643761193698,-35.27980869662235],[149.12643820164567,-35.2798069]]]}},{"type":"Feature","id":"11388828051:crown","properties":{"part":"crown","base":2.5,"height":5.5,"osmId":11388828051},"geometry":{"type":"Polygon","coordinates":[[[149.12647231439965,-35.2798069],[149.1264671544485,-35.27979117955444],[149.12645305719983,-35.27977967138956],[149.1264338,-35.27977545910887],[149.12641454280018,-35.27977967138956],[149.1264004455515,-35.27979117955444],[149.12639528560035,-35.2798069],[149.1264004455515,-35.27982262044556],[149.12641454280018,-35.27983412861043],[149.1264338,-35.279838340891125],[149.12645305719983,-35.27983412861043],[149.1264671544485,-35.27982262044556],[149.12647231439965,-35.2798069]]]}},{"type":"Feature","id":"11388828051:top","properties":{"part":"top","base":5.5,"height":7,"osmId":11388828051},"geometry":{"type":"Polygon","coordinates":[[[149.12646020987404,-35.2798069],[149.12645667162184,-35.2797961202659],[149.12644700493703,-35.279788228952846],[149.1264338,-35.279785340531795],[149.12642059506297,-35.279788228952846],[149.12641092837816,-35.2797961202659],[149.12640739012596,-35.2798069],[149.12641092837816,-35.279817679734094],[149.12642059506297,-35.27982557104715],[149.1264338,-35.2798284594682],[149.12644700493703,-35.27982557104715],[149.12645667162184,-35.279817679734094],[149.12646020987404,-35.2798069]]]}},{"type":"Feature","id":"11620157036:trunk","properties":{"part":"trunk","base":0,"height":3,"osmId":11620157036},"geometry":{"type":"Polygon","coordinates":[[[149.11158990169486,-35.2807121],[149.11158931197957,-35.28071030337765],[149.11158770084742,-35.28070898815881],[149.1115855,-35.2807085067553],[149.11158329915256,-35.28070898815881],[149.1115816880204,-35.28071030337765],[149.11158109830512,-35.2807121],[149.1115816880204,-35.28071389662235],[149.11158329915256,-35.2807152118412],[149.1115855,-35.2807156932447],[149.11158770084742,-35.2807152118412],[149.11158931197957,-35.28071389662235],[149.11158990169486,-35.2807121]]]}},{"type":"Feature","id":"11620157036:crown","properties":{"part":"crown","base":2.5,"height":5.5,"osmId":11620157036},"geometry":{"type":"Polygon","coordinates":[[[149.11162401483017,-35.2807121],[149.11161885482133,-35.28069637955444],[149.11160475741508,-35.28068487138957],[149.1115855,-35.280680659108874],[149.1115662425849,-35.28068487138957],[149.11155214517865,-35.28069637955444],[149.1115469851698,-35.2807121],[149.11155214517865,-35.28072782044556],[149.1115662425849,-35.28073932861044],[149.1115855,-35.28074354089113],[149.11160475741508,-35.28073932861044],[149.11161885482133,-35.28072782044556],[149.11162401483017,-35.2807121]]]}},{"type":"Feature","id":"11620157036:top","properties":{"part":"top","base":5.5,"height":7,"osmId":11620157036},"geometry":{"type":"Polygon","coordinates":[[[149.11161191016924,-35.2807121],[149.11160837187748,-35.280701320265905],[149.11159870508462,-35.28069342895285],[149.1115855,-35.2806905405318],[149.11157229491536,-35.28069342895285],[149.1115626281225,-35.280701320265905],[149.11155908983073,-35.2807121],[149.1115626281225,-35.2807228797341],[149.11157229491536,-35.28073077104715],[149.1115855,-35.280733659468204],[149.11159870508462,-35.28073077104715],[149.11160837187748,-35.2807228797341],[149.11161191016924,-35.2807121]]]}},{"type":"Feature","id":"11620157037:trunk","properties":{"part":"trunk","base":0,"height":3,"osmId":11620157037},"geometry":{"type":"Polygon","coordinates":[[[149.11166470169593,-35.2807313],[149.1116641119805,-35.28072950337765],[149.11166250084798,-35.280728188158804],[149.1116603,-35.2807277067553],[149.11165809915204,-35.280728188158804],[149.11165648801952,-35.28072950337765],[149.1116558983041,-35.2807313],[149.11165648801952,-35.28073309662235],[149.11165809915204,-35.280734411841195],[149.1116603,-35.2807348932447],[149.11166250084798,-35.280734411841195],[149.1116641119805,-35.28073309662235],[149.11166470169593,-35.2807313]]]}},{"type":"Feature","id":"11620157037:crown","properties":{"part":"crown","base":2.5,"height":5.5,"osmId":11620157037},"geometry":{"type":"Polygon","coordinates":[[[149.11169881483931,-35.2807313],[149.11169365482925,-35.28071557955444],[149.11167955741965,-35.280704071389565],[149.1116603,-35.28069985910887],[149.11164104258037,-35.280704071389565],[149.11162694517077,-35.28071557955444],[149.1116217851607,-35.2807313],[149.11162694517077,-35.28074702044556],[149.11164104258037,-35.280758528610434],[149.1116603,-35.28076274089113],[149.11167955741965,-35.280758528610434],[149.11169365482925,-35.28074702044556],[149.11169881483931,-35.2807313]]]}},{"type":"Feature","id":"11620157037:top","properties":{"part":"top","base":5.5,"height":7,"osmId":11620157037},"geometry":{"type":"Polygon","coordinates":[[[149.11168671017552,-35.2807313],[149.11168317188293,-35.2807205202659],[149.11167350508777,-35.28071262895285],[149.1116603,-35.2807097405318],[149.11164709491226,-35.28071262895285],[149.1116374281171,-35.2807205202659],[149.1116338898245,-35.2807313],[149.1116374281171,-35.2807420797341],[149.11164709491226,-35.28074997104715],[149.1116603,-35.2807528594682],[149.11167350508777,-35.28074997104715],[149.11168317188293,-35.2807420797341],[149.11168671017552,-35.2807313]]]}},{"type":"Feature","id":"11620157038:trunk","properties":{"part":"trunk","base":0,"height":3,"osmId":11620157038},"geometry":{"type":"Polygon","coordinates":[[[149.1116099016977,-35.2807644],[149.11160931198205,-35.28076260337765],[149.11160770084885,-35.28076128815881],[149.1116055,-35.2807608067553],[149.11160329915114,-35.28076128815881],[149.11160168801794,-35.28076260337765],[149.1116010983023,-35.2807644],[149.11160168801794,-35.28076619662235],[149.11160329915114,-35.2807675118412],[149.1116055,-35.2807679932447],[149.11160770084885,-35.2807675118412],[149.11160931198205,-35.28076619662235],[149.1116099016977,-35.2807644]]]}},{"type":"Feature","id":"11620157038:crown","properties":{"part":"crown","base":2.5,"height":5.5,"osmId":11620157038},"geometry":{"type":"Polygon","coordinates":[[[149.11164401485505,-35.2807644],[149.11163885484288,-35.28074867955444],[149.1116247574275,-35.28073717138957],[149.1116055,-35.280732959108875],[149.11158624257249,-35.28073717138957],[149.1115721451571,-35.28074867955444],[149.11156698514495,-35.2807644],[149.1115721451571,-35.28078012044556],[149.11158624257249,-35.28079162861044],[149.1116055,-35.28079584089113],[149.1116247574275,-35.28079162861044],[149.11163885484288,-35.28078012044556],[149.11164401485505,-35.2807644]]]}},{"type":"Feature","id":"11620157038:top","properties":{"part":"top","base":5.5,"height":7,"osmId":11620157038},"geometry":{"type":"Polygon","coordinates":[[[149.1116319101863,-35.2807644],[149.11162837189227,-35.280753620265905],[149.11161870509315,-35.28074572895285],[149.1116055,-35.2807428405318],[149.11159229490684,-35.28074572895285],[149.11158262810773,-35.280753620265905],[149.1115790898137,-35.2807644],[149.11158262810773,-35.2807751797341],[149.11159229490684,-35.28078307104715],[149.1116055,-35.280785959468204],[149.11161870509315,-35.28078307104715],[149.11162837189227,-35.2807751797341],[149.1116319101863,-35.2807644]]]}},{"type":"Feature","id":"12418215366:trunk","properties":{"part":"trunk","base":0,"height":3,"osmId":12418215366},"geometry":{"type":"Polygon","coordinates":[[[149.12390890134319,-35.2742407],[149.12390831167502,-35.27423890337765],[149.1239067006716,-35.274237588158805],[149.1239045,-35.2742371067553],[149.12390229932842,-35.274237588158805],[149.123900688325,-35.27423890337765],[149.12390009865683,-35.2742407],[149.123900688325,-35.27424249662235],[149.12390229932842,-35.274243811841195],[149.1239045,-35.2742442932447],[149.1239067006716,-35.274243811841195],[149.12390831167502,-35.27424249662235],[149.12390890134319,-35.2742407]]]}},{"type":"Feature","id":"12418215366:crown","properties":{"part":"crown","base":2.5,"height":5.5,"osmId":12418215366},"geometry":{"type":"Polygon","coordinates":[[[149.1239430117528,-35.2742407],[149.12393785215627,-35.27422497955444],[149.1239237558764,-35.274213471389565],[149.1239045,-35.27420925910887],[149.1238852441236,-35.274213471389565],[149.12387114784374,-35.27422497955444],[149.12386598824722,-35.2742407],[149.12387114784374,-35.27425642044556],[149.1238852441236,-35.274267928610435],[149.1239045,-35.27427214089113],[149.1239237558764,-35.274267928610435],[149.12393785215627,-35.27425642044556],[149.1239430117528,-35.2742407]]]}},{"type":"Feature","id":"12418215366:top","properties":{"part":"top","base":5.5,"height":7,"osmId":12418215366},"geometry":{"type":"Polygon","coordinates":[[[149.12393090805907,-35.2742407],[149.12392737005,-35.2742299202659],[149.12391770402954,-35.27422202895285],[149.1239045,-35.2742191405318],[149.12389129597048,-35.27422202895285],[149.12388162995,-35.2742299202659],[149.12387809194095,-35.2742407],[149.12388162995,-35.2742514797341],[149.12389129597048,-35.27425937104715],[149.1239045,-35.2742622594682],[149.12391770402954,-35.27425937104715],[149.12392737005,-35.2742514797341],[149.12393090805907,-35.2742407]]]}},{"type":"Feature","id":"12418215367:trunk","properties":{"part":"trunk","base":0,"height":3,"osmId":12418215367},"geometry":{"type":"Polygon","coordinates":[[[149.12401730134542,-35.2742822],[149.12401671167694,-35.27428040337765],[149.12401510067272,-35.274279088158806],[149.1240129,-35.2742786067553],[149.12401069932727,-35.274279088158806],[149.12400908832305,-35.27428040337765],[149.12400849865458,-35.2742822],[149.12400908832305,-35.27428399662235],[149.12401069932727,-35.2742853118412],[149.1240129,-35.2742857932447],[149.12401510067272,-35.2742853118412],[149.12401671167694,-35.27428399662235],[149.12401730134542,-35.2742822]]]}},{"type":"Feature","id":"12418215367:crown","properties":{"part":"crown","base":2.5,"height":5.5,"osmId":12418215367},"geometry":{"type":"Polygon","coordinates":[[[149.1240514117725,-35.2742822],[149.12404625217334,-35.27426647955444],[149.12403215588625,-35.27425497138957],[149.1240129,-35.274250759108874],[149.12399364411374,-35.27425497138957],[149.12397954782665,-35.27426647955444],[149.12397438822748,-35.2742822],[149.12397954782665,-35.27429792044556],[149.12399364411374,-35.27430942861044],[149.1240129,-35.27431364089113],[149.12403215588625,-35.27430942861044],[149.12404625217334,-35.27429792044556],[149.1240514117725,-35.2742822]]]}},{"type":"Feature","id":"12418215367:top","properties":{"part":"top","base":5.5,"height":7,"osmId":12418215367},"geometry":{"type":"Polygon","coordinates":[[[149.12403930807258,-35.2742822],[149.1240357700617,-35.274271420265904],[149.1240261040363,-35.27426352895285],[149.1240129,-35.2742606405318],[149.1239996959637,-35.27426352895285],[149.12399002993828,-35.274271420265904],[149.1239864919274,-35.2742822],[149.12399002993828,-35.2742929797341],[149.1239996959637,-35.27430087104715],[149.1240129,-35.274303759468204],[149.1240261040363,-35.27430087104715],[149.1240357700617,-35.2742929797341],[149.12403930807258,-35.2742822]]]}},{"type":"Feature","id":"12418215368:trunk","properties":{"part":"trunk","base":0,"height":3,"osmId":12418215368},"geometry":{"type":"Polygon","coordinates":[[[149.12410440134866,-35.2743417],[149.12410381167976,-35.27433990337765],[149.12410220067434,-35.274338588158805],[149.1241,-35.2743381067553],[149.12409779932565,-35.274338588158805],[149.12409618832024,-35.27433990337765],[149.12409559865134,-35.2743417],[149.12409618832024,-35.27434349662235],[149.12409779932565,-35.274344811841196],[149.1241,-35.2743452932447],[149.12410220067434,-35.274344811841196],[149.12410381167976,-35.27434349662235],[149.12410440134866,-35.2743417]]]}},{"type":"Feature","id":"12418215368:crown","properties":{"part":"crown","base":2.5,"height":5.5,"osmId":12418215368},"geometry":{"type":"Polygon","coordinates":[[[149.1241385118008,-35.2743417],[149.12413335219784,-35.27432597955444],[149.1241192559004,-35.274314471389566],[149.1241,-35.27431025910887],[149.1240807440996,-35.274314471389566],[149.12406664780215,-35.27432597955444],[149.1240614881992,-35.2743417],[149.12406664780215,-35.27435742044556],[149.1240807440996,-35.274368928610436],[149.1241,-35.27437314089113],[149.1241192559004,-35.274368928610436],[149.12413335219784,-35.27435742044556],[149.1241385118008,-35.2743417]]]}},{"type":"Feature","id":"12418215368:top","properties":{"part":"top","base":5.5,"height":7,"osmId":12418215368},"geometry":{"type":"Polygon","coordinates":[[[149.12412640809197,-35.2743417],[149.1241228700785,-35.2743309202659],[149.12411320404598,-35.27432302895285],[149.1241,-35.2743201405318],[149.124086795954,-35.27432302895285],[149.1240771299215,-35.2743309202659],[149.12407359190803,-35.2743417],[149.1240771299215,-35.2743524797341],[149.124086795954,-35.27436037104715],[149.1241,-35.2743632594682],[149.12411320404598,-35.27436037104715],[149.1241228700785,-35.2743524797341],[149.12412640809197,-35.2743417]]]}},{"type":"Feature","id":"12418215369:trunk","properties":{"part":"trunk","base":0,"height":3,"osmId":12418215369},"geometry":{"type":"Polygon","coordinates":[[[149.12418080134762,-35.2743225],[149.12418021167886,-35.27432070337765],[149.12417860067382,-35.2743193881588],[149.1241764,-35.2743189067553],[149.1241741993262,-35.2743193881588],[149.12417258832116,-35.27432070337765],[149.1241719986524,-35.2743225],[149.12417258832116,-35.274324296622346],[149.1241741993262,-35.27432561184119],[149.1241764,-35.274326093244696],[149.12417860067382,-35.27432561184119],[149.12418021167886,-35.274324296622346],[149.12418080134762,-35.2743225]]]}},{"type":"Feature","id":"12418215369:crown","properties":{"part":"crown","base":2.5,"height":5.5,"osmId":12418215369},"geometry":{"type":"Polygon","coordinates":[[[149.12421491179168,-35.2743225],[149.12420975218996,-35.274306779554436],[149.12419565589585,-35.27429527138956],[149.1241764,-35.27429105910887],[149.12415714410417,-35.27429527138956],[149.12414304781007,-35.274306779554436],[149.12413788820834,-35.2743225],[149.12414304781007,-35.27433822044556],[149.12415714410417,-35.27434972861043],[149.1241764,-35.274353940891125],[149.12419565589585,-35.27434972861043],[149.12420975218996,-35.27433822044556],[149.12421491179168,-35.2743225]]]}},{"type":"Feature","id":"12418215369:top","properties":{"part":"top","base":5.5,"height":7,"osmId":12418215369},"geometry":{"type":"Polygon","coordinates":[[[149.12420280808573,-35.2743225],[149.12419927007312,-35.2743117202659],[149.12418960404287,-35.274303828952846],[149.1241764,-35.274300940531795],[149.12416319595715,-35.274303828952846],[149.1241535299269,-35.2743117202659],[149.1241499919143,-35.2743225],[149.1241535299269,-35.274333279734094],[149.12416319595715,-35.27434117104715],[149.1241764,-35.2743440594682],[149.12418960404287,-35.27434117104715],[149.12419927007312,-35.274333279734094],[149.12420280808573,-35.2743225]]]}},{"type":"Feature","id":"12418215370:trunk","properties":{"part":"trunk","base":0,"height":3,"osmId":12418215370},"geometry":{"type":"Polygon","coordinates":[[[149.12426470134093,-35.2741995],[149.12426411167306,-35.27419770337765],[149.12426250067048,-35.274196388158806],[149.1242603,-35.2741959067553],[149.12425809932952,-35.274196388158806],[149.12425648832695,-35.27419770337765],[149.12425589865907,-35.2741995],[149.12425648832695,-35.27420129662235],[149.12425809932952,-35.2742026118412],[149.1242603,-35.2742030932447],[149.12426250067048,-35.2742026118412],[149.12426411167306,-35.27420129662235],[149.12426470134093,-35.2741995]]]}},{"type":"Feature","id":"12418215370:crown","properties":{"part":"crown","base":2.5,"height":5.5,"osmId":12418215370},"geometry":{"type":"Polygon","coordinates":[[[149.1242988117332,-35.2741995],[149.1242936521393,-35.27418377955444],[149.1242795558666,-35.27417227138957],[149.1242603,-35.274168059108874],[149.1242410441334,-35.27417227138957],[149.1242269478607,-35.27418377955444],[149.1242217882668,-35.2741995],[149.1242269478607,-35.27421522044556],[149.1242410441334,-35.27422672861044],[149.1242603,-35.27423094089113],[149.1242795558666,-35.27422672861044],[149.1242936521393,-35.27421522044556],[149.1242988117332,-35.2741995]]]}},{"type":"Feature","id":"12418215370:top","properties":{"part":"top","base":5.5,"height":7,"osmId":12418215370},"geometry":{"type":"Polygon","coordinates":[[[149.12428670804562,-35.2741995],[149.12428317003838,-35.274188720265904],[149.12427350402282,-35.27418082895285],[149.1242603,-35.2741779405318],[149.12424709597718,-35.27418082895285],[149.12423742996162,-35.274188720265904],[149.1242338919544,-35.2741995],[149.12423742996162,-35.2742102797341],[149.12424709597718,-35.27421817104715],[149.1242603,-35.2742210594682],[149.12427350402282,-35.27421817104715],[149.12428317003838,-35.2742102797341],[149.12428670804562,-35.2741995]]]}},{"type":"Feature","id":"12418215371:trunk","properties":{"part":"trunk","base":0,"height":3,"osmId":12418215371},"geometry":{"type":"Polygon","coordinates":[[[149.12433770134427,-35.274261],[149.12433711167594,-35.27425920337765],[149.12433550067212,-35.27425788815881],[149.1243333,-35.274257406755304],[149.12433109932786,-35.27425788815881],[149.12432948832404,-35.27425920337765],[149.1243288986557,-35.274261],[149.12432948832404,-35.27426279662235],[149.12433109932786,-35.2742641118412],[149.1243333,-35.2742645932447],[149.12433550067212,-35.2742641118412],[149.12433711167594,-35.27426279662235],[149.12433770134427,-35.274261]]]}},{"type":"Feature","id":"12418215371:crown","properties":{"part":"crown","base":2.5,"height":5.5,"osmId":12418215371},"geometry":{"type":"Polygon","coordinates":[[[149.12437181176242,-35.274261],[149.1243666521646,-35.27424527955444],[149.12435255588122,-35.27423377138957],[149.1243333,-35.274229559108875],[149.12431404411876,-35.27423377138957],[149.12429994783537,-35.27424527955444],[149.12429478823756,-35.274261],[149.12429994783537,-35.27427672044556],[149.12431404411876,-35.27428822861044],[149.1243333,-35.27429244089113],[149.12435255588122,-35.27428822861044],[149.1243666521646,-35.27427672044556],[149.12437181176242,-35.274261]]]}},{"type":"Feature","id":"12418215371:top","properties":{"part":"top","base":5.5,"height":7,"osmId":12418215371},"geometry":{"type":"Polygon","coordinates":[[[149.12435970806567,-35.274261],[149.12435617005573,-35.274250220265905],[149.12434650403281,-35.27424232895285],[149.1243333,-35.2742394405318],[149.12432009596716,-35.27424232895285],[149.12431042994425,-35.274250220265905],[149.1243068919343,-35.274261],[149.12431042994425,-35.2742717797341],[149.12432009596716,-35.274279671047154],[149.1243333,-35.274282559468205],[149.12434650403281,-35.274279671047154],[149.12435617005573,-35.2742717797341],[149.12435970806567,-35.274261]]]}},{"type":"Feature","id":"12418215372:trunk","properties":{"part":"trunk","base":0,"height":3,"osmId":12418215372},"geometry":{"type":"Polygon","coordinates":[[[149.12424550133625,-35.274113],[149.124244911669,-35.27411120337765],[149.12424330066813,-35.274109888158804],[149.1242411,-35.2741094067553],[149.12423889933189,-35.274109888158804],[149.12423728833102,-35.27411120337765],[149.12423669866376,-35.274113],[149.12423728833102,-35.27411479662235],[149.12423889933189,-35.274116111841195],[149.1242411,-35.2741165932447],[149.12424330066813,-35.274116111841195],[149.124244911669,-35.27411479662235],[149.12424550133625,-35.274113]]]}},{"type":"Feature","id":"12418215372:crown","properties":{"part":"crown","base":2.5,"height":5.5,"osmId":12418215372},"geometry":{"type":"Polygon","coordinates":[[[149.12427961169206,-35.274113],[149.1242744521037,-35.27409727955444],[149.12426035584605,-35.274085771389565],[149.1242411,-35.27408155910887],[149.12422184415396,-35.274085771389565],[149.12420774789632,-35.27409727955444],[149.12420258830795,-35.274113],[149.12420774789632,-35.27412872044556],[149.12422184415396,-35.274140228610435],[149.1242411,-35.27414444089113],[149.12426035584605,-35.274140228610435],[149.1242744521037,-35.27412872044556],[149.12427961169206,-35.274113]]]}},{"type":"Feature","id":"12418215372:top","properties":{"part":"top","base":5.5,"height":7,"osmId":12418215372},"geometry":{"type":"Polygon","coordinates":[[[149.12426750801743,-35.274113],[149.12426397001394,-35.2741022202659],[149.1242543040087,-35.27409432895285],[149.1242411,-35.2740914405318],[149.1242278959913,-35.27409432895285],[149.12421822998607,-35.2741022202659],[149.1242146919826,-35.274113],[149.12421822998607,-35.2741237797341],[149.1242278959913,-35.27413167104715],[149.1242411,-35.2741345594682],[149.1242543040087,-35.27413167104715],[149.12426397001394,-35.2741237797341],[149.12426750801743,-35.274113]]]}},{"type":"Feature","id":"12418215373:trunk","properties":{"part":"trunk","base":0,"height":3,"osmId":12418215373},"geometry":{"type":"Polygon","coordinates":[[[149.12436370133352,-35.2740628],[149.12436311166664,-35.27406100337765],[149.12436150066677,-35.27405968815881],[149.1243593,-35.274059206755304],[149.12435709933325,-35.27405968815881],[149.12435548833338,-35.27406100337765],[149.1243548986665,-35.2740628],[149.12435548833338,-35.27406459662235],[149.12435709933325,-35.2740659118412],[149.1243593,-35.2740663932447],[149.12436150066677,-35.2740659118412],[149.12436311166664,-35.27406459662235],[149.12436370133352,-35.2740628]]]}},{"type":"Feature","id":"12418215373:crown","properties":{"part":"crown","base":2.5,"height":5.5,"osmId":12418215373},"geometry":{"type":"Polygon","coordinates":[[[149.12439781166822,-35.2740628],[149.124392652083,-35.27404707955444],[149.1243785558341,-35.27403557138957],[149.1243593,-35.274031359108875],[149.1243400441659,-35.27403557138957],[149.12432594791701,-35.27404707955444],[149.1243207883318,-35.2740628],[149.12432594791701,-35.27407852044556],[149.1243400441659,-35.27409002861044],[149.1243593,-35.27409424089113],[149.1243785558341,-35.27409002861044],[149.124392652083,-35.27407852044556],[149.12439781166822,-35.2740628]]]}},{"type":"Feature","id":"12418215373:top","properties":{"part":"top","base":5.5,"height":7,"osmId":12418215373},"geometry":{"type":"Polygon","coordinates":[[[149.12438570800106,-35.2740628],[149.1243821699998,-35.274052020265906],[149.12437250400055,-35.27404412895285],[149.1243593,-35.2740412405318],[149.12434609599947,-35.27404412895285],[149.12433643000023,-35.274052020265906],[149.12433289199896,-35.2740628],[149.12433643000023,-35.2740735797341],[149.12434609599947,-35.274081471047154],[149.1243593,-35.274084359468205],[149.12437250400055,-35.274081471047154],[149.1243821699998,-35.2740735797341],[149.12438570800106,-35.2740628]]]}},{"type":"Feature","id":"12418215374:trunk","properties":{"part":"trunk","base":0,"height":3,"osmId":12418215374},"geometry":{"type":"Polygon","coordinates":[[[149.1244285013364,-35.2741163],[149.12442791166916,-35.27411450337765],[149.1244263006682,-35.27411318815881],[149.1244241,-35.274112706755304],[149.1244218993318,-35.27411318815881],[149.12442028833084,-35.27411450337765],[149.1244196986636,-35.2741163],[149.12442028833084,-35.27411809662235],[149.1244218993318,-35.2741194118412],[149.1244241,-35.2741198932447],[149.1244263006682,-35.2741194118412],[149.12442791166916,-35.27411809662235],[149.1244285013364,-35.2741163]]]}},{"type":"Feature","id":"12418215374:crown","properties":{"part":"crown","base":2.5,"height":5.5,"osmId":12418215374},"geometry":{"type":"Polygon","coordinates":[[[149.12446261169364,-35.2741163],[149.12445745210502,-35.27410057955444],[149.1244433558468,-35.27408907138957],[149.1244241,-35.274084859108875],[149.1244048441532,-35.27408907138957],[149.12439074789498,-35.27410057955444],[149.12438558830635,-35.2741163],[149.12439074789498,-35.27413202044556],[149.1244048441532,-35.27414352861044],[149.1244241,-35.27414774089113],[149.1244433558468,-35.27414352861044],[149.12445745210502,-35.27413202044556],[149.12446261169364,-35.2741163]]]}},{"type":"Feature","id":"12418215374:top","properties":{"part":"top","base":5.5,"height":7,"osmId":12418215374},"geometry":{"type":"Polygon","coordinates":[[[149.1244505080185,-35.2741163],[149.12444697001487,-35.274105520265906],[149.12443730400923,-35.27409762895285],[149.1244241,-35.2740947405318],[149.12441089599076,-35.27409762895285],[149.12440122998512,-35.274105520265906],[149.1243976919815,-35.2741163],[149.12440122998512,-35.2741270797341],[149.12441089599076,-35.274134971047154],[149.1244241,-35.274137859468205],[149.12443730400923,-35.274134971047154],[149.12444697001487,-35.2741270797341],[149.1244505080185,-35.2741163]]]}},{"type":"Feature","id":"12418215375:trunk","properties":{"part":"trunk","base":0,"height":3,"osmId":12418215375},"geometry":{"type":"Polygon","coordinates":[[[149.12451750133826,-35.2741502],[149.12451691167075,-35.27414840337765],[149.12451530066912,-35.274147088158806],[149.1245131,-35.2741466067553],[149.1245108993309,-35.274147088158806],[149.12450928832925,-35.27414840337765],[149.12450869866174,-35.2741502],[149.12450928832925,-35.27415199662235],[149.1245108993309,-35.2741533118412],[149.1245131,-35.2741537932447],[149.12451530066912,-35.2741533118412],[149.12451691167075,-35.27415199662235],[149.12451750133826,-35.2741502]]]}},{"type":"Feature","id":"12418215375:crown","properties":{"part":"crown","base":2.5,"height":5.5,"osmId":12418215375},"geometry":{"type":"Polygon","coordinates":[[[149.12455161170976,-35.2741502],[149.124546452119,-35.27413447955444],[149.12453235585488,-35.274122971389566],[149.1245131,-35.27411875910887],[149.12449384414512,-35.274122971389566],[149.124479747881,-35.27413447955444],[149.12447458829024,-35.2741502],[149.124479747881,-35.27416592044556],[149.12449384414512,-35.274177428610436],[149.1245131,-35.27418164089113],[149.12453235585488,-35.274177428610436],[149.124546452119,-35.27416592044556],[149.12455161170976,-35.2741502]]]}},{"type":"Feature","id":"12418215375:top","properties":{"part":"top","base":5.5,"height":7,"osmId":12418215375},"geometry":{"type":"Polygon","coordinates":[[[149.12453950802956,-35.2741502],[149.12453597002445,-35.274139420265904],[149.12452630401478,-35.27413152895285],[149.1245131,-35.2741286405318],[149.12449989598522,-35.27413152895285],[149.12449022997555,-35.274139420265904],[149.12448669197045,-35.2741502],[149.12449022997555,-35.2741609797341],[149.12449989598522,-35.27416887104715],[149.1245131,-35.2741717594682],[149.12452630401478,-35.27416887104715],[149.12453597002445,-35.2741609797341],[149.12453950802956,-35.2741502]]]}},{"type":"Feature","id":"12418215376:trunk","properties":{"part":"trunk","base":0,"height":3,"osmId":12418215376},"geometry":{"type":"Polygon","coordinates":[[[149.12412990133566,-35.2741028],[149.1241293116685,-35.27410100337765],[149.12412770066783,-35.274099688158806],[149.1241255,-35.2740992067553],[149.12412329933215,-35.274099688158806],[149.12412168833148,-35.27410100337765],[149.12412109866432,-35.2741028],[149.12412168833148,-35.27410459662235],[149.12412329933215,-35.2741059118412],[149.1241255,-35.2741063932447],[149.12412770066783,-35.2741059118412],[149.1241293116685,-35.27410459662235],[149.12412990133566,-35.2741028]]]}},{"type":"Feature","id":"12418215376:crown","properties":{"part":"crown","base":2.5,"height":5.5,"osmId":12418215376},"geometry":{"type":"Polygon","coordinates":[[[149.1241640116872,-35.2741028],[149.12415885209947,-35.27408707955444],[149.1241447558436,-35.27407557138957],[149.1241255,-35.27407135910887],[149.1241062441564,-35.27407557138957],[149.1240921479005,-35.27408707955444],[149.12408698831277,-35.2741028],[149.1240921479005,-35.27411852044556],[149.1241062441564,-35.274130028610436],[149.1241255,-35.27413424089113],[149.1241447558436,-35.274130028610436],[149.12415885209947,-35.27411852044556],[149.1241640116872,-35.2741028]]]}},{"type":"Feature","id":"12418215376:top","properties":{"part":"top","base":5.5,"height":7,"osmId":12418215376},"geometry":{"type":"Polygon","coordinates":[[[149.12415190801408,-35.2741028],[149.12414837001106,-35.274092020265904],[149.12413870400704,-35.27408412895285],[149.1241255,-35.2740812405318],[149.12411229599294,-35.27408412895285],[149.12410262998893,-35.274092020265904],[149.1240990919859,-35.2741028],[149.12410262998893,-35.2741135797341],[149.12411229599294,-35.27412147104715],[149.1241255,-35.2741243594682],[149.12413870400704,-35.27412147104715],[149.12414837001106,-35.2741135797341],[149.12415190801408,-35.2741028]]]}},{"type":"Feature","id":"12418215377:trunk","properties":{"part":"trunk","base":0,"height":3,"osmId":12418215377},"geometry":{"type":"Polygon","coordinates":[[[149.1239417013383,-35.2741514],[149.1239411116708,-35.27414960337765],[149.12393950066917,-35.274148288158806],[149.1239373,-35.2741478067553],[149.12393509933082,-35.274148288158806],[149.1239334883292,-35.27414960337765],[149.12393289866168,-35.2741514],[149.1239334883292,-35.27415319662235],[149.12393509933082,-35.274154511841196],[149.1239373,-35.2741549932447],[149.12393950066917,-35.274154511841196],[149.1239411116708,-35.27415319662235],[149.1239417013383,-35.2741514]]]}},{"type":"Feature","id":"12418215377:crown","properties":{"part":"crown","base":2.5,"height":5.5,"osmId":12418215377},"geometry":{"type":"Polygon","coordinates":[[[149.12397581171032,-35.2741514],[149.12397065211948,-35.27413567955444],[149.12395655585516,-35.274124171389566],[149.1239373,-35.27411995910887],[149.12391804414483,-35.274124171389566],[149.1239039478805,-35.27413567955444],[149.12389878828967,-35.2741514],[149.1239039478805,-35.27416712044556],[149.12391804414483,-35.274178628610436],[149.1239373,-35.27418284089113],[149.12395655585516,-35.274178628610436],[149.12397065211948,-35.27416712044556],[149.12397581171032,-35.2741514]]]}},{"type":"Feature","id":"12418215377:top","properties":{"part":"top","base":5.5,"height":7,"osmId":12418215377},"geometry":{"type":"Polygon","coordinates":[[[149.12396370802992,-35.2741514],[149.1239601700248,-35.274140620265904],[149.12395050401497,-35.27413272895285],[149.1239373,-35.2741298405318],[149.12392409598502,-35.27413272895285],[149.1239144299752,-35.274140620265904],[149.12391089197007,-35.2741514],[149.1239144299752,-35.2741621797341],[149.12392409598502,-35.27417007104715],[149.1239373,-35.2741729594682],[149.12395050401497,-35.27417007104715],[149.1239601700248,-35.2741621797341],[149.12396370802992,-35.2741514]]]}},{"type":"Feature","id":"12418215378:trunk","properties":{"part":"trunk","base":0,"height":3,"osmId":12418215378},"geometry":{"type":"Polygon","coordinates":[[[149.1238088013318,-35.2740312],[149.12380821166516,-35.274029403377654],[149.12380660066592,-35.27402808815881],[149.1238044,-35.274027606755304],[149.1238021993341,-35.27402808815881],[149.12380058833486,-35.274029403377654],[149.12379999866823,-35.2740312],[149.12380058833486,-35.27403299662235],[149.1238021993341,-35.2740343118412],[149.1238044,-35.2740347932447],[149.12380660066592,-35.2740343118412],[149.12380821166516,-35.27403299662235],[149.1238088013318,-35.2740312]]]}},{"type":"Feature","id":"12418215378:crown","properties":{"part":"crown","base":2.5,"height":5.5,"osmId":12418215378},"geometry":{"type":"Polygon","coordinates":[[[149.12384291165318,-35.2740312],[149.12383775207002,-35.27401547955444],[149.1238236558266,-35.27400397138957],[149.1238044,-35.273999759108875],[149.1237851441734,-35.27400397138957],[149.12377104793,-35.27401547955444],[149.12376588834684,-35.2740312],[149.12377104793,-35.274046920445564],[149.1237851441734,-35.27405842861044],[149.1238044,-35.27406264089113],[149.1238236558266,-35.27405842861044],[149.12383775207002,-35.274046920445564],[149.12384291165318,-35.2740312]]]}},{"type":"Feature","id":"12418215378:top","properties":{"part":"top","base":5.5,"height":7,"osmId":12418215378},"geometry":{"type":"Polygon","coordinates":[[[149.12383080799077,-35.2740312],[149.12382726999087,-35.274020420265906],[149.12381760399538,-35.27401252895285],[149.1238044,-35.2740096405318],[149.12379119600465,-35.27401252895285],[149.12378153000915,-35.274020420265906],[149.12377799200925,-35.2740312],[149.12378153000915,-35.2740419797341],[149.12379119600465,-35.274049871047154],[149.1238044,-35.274052759468205],[149.12381760399538,-35.274049871047154],[149.12382726999087,-35.2740419797341],[149.12383080799077,-35.2740312]]]}},{"type":"Feature","id":"12418215379:trunk","properties":{"part":"trunk","base":0,"height":3,"osmId":12418215379},"geometry":{"type":"Polygon","coordinates":[[[149.123792301338,-35.2741457],[149.12379171167052,-35.27414390337765],[149.123790100669,-35.2741425881588],[149.1237879,-35.2741421067553],[149.123785699331,-35.2741425881588],[149.12378408832947,-35.27414390337765],[149.123783498662,-35.2741457],[149.12378408832947,-35.27414749662235],[149.123785699331,-35.274148811841194],[149.1237879,-35.2741492932447],[149.123790100669,-35.274148811841194],[149.12379171167052,-35.27414749662235],[149.123792301338,-35.2741457]]]}},{"type":"Feature","id":"12418215379:crown","properties":{"part":"crown","base":2.5,"height":5.5,"osmId":12418215379},"geometry":{"type":"Polygon","coordinates":[[[149.12382641170763,-35.2741457],[149.12382125211712,-35.27412997955444],[149.1238071558538,-35.27411847138956],[149.1237879,-35.27411425910887],[149.1237686441462,-35.27411847138956],[149.12375454788287,-35.27412997955444],[149.12374938829237,-35.2741457],[149.12375454788287,-35.27416142044556],[149.1237686441462,-35.27417292861043],[149.1237879,-35.274177140891126],[149.1238071558538,-35.27417292861043],[149.12382125211712,-35.27416142044556],[149.12382641170763,-35.2741457]]]}},{"type":"Feature","id":"12418215379:top","properties":{"part":"top","base":5.5,"height":7,"osmId":12418215379},"geometry":{"type":"Polygon","coordinates":[[[149.12381430802807,-35.2741457],[149.12381077002317,-35.2741349202659],[149.12380110401403,-35.27412702895285],[149.1237879,-35.2741241405318],[149.12377469598596,-35.27412702895285],[149.12376502997682,-35.2741349202659],[149.12376149197192,-35.2741457],[149.12376502997682,-35.274156479734096],[149.12377469598596,-35.27416437104715],[149.1237879,-35.2741672594682],[149.12380110401403,-35.27416437104715],[149.12381077002317,-35.274156479734096],[149.12381430802807,-35.2741457]]]}},{"type":"Feature","id":"12418215380:trunk","properties":{"part":"trunk","base":0,"height":3,"osmId":12418215380},"geometry":{"type":"Polygon","coordinates":[[[149.1236602013355,-35.2740993],[149.12365961166833,-35.274097503377654],[149.12365800066775,-35.27409618815881],[149.1236558,-35.274095706755304],[149.12365359933224,-35.27409618815881],[149.12365198833166,-35.274097503377654],[149.1236513986645,-35.2740993],[149.12365198833166,-35.27410109662235],[149.12365359933224,-35.2741024118412],[149.1236558,-35.2741028932447],[149.12365800066775,-35.2741024118412],[149.12365961166833,-35.27410109662235],[149.1236602013355,-35.2740993]]]}},{"type":"Feature","id":"12418215380:crown","properties":{"part":"crown","base":2.5,"height":5.5,"osmId":12418215380},"geometry":{"type":"Polygon","coordinates":[[[149.12369431168554,-35.2740993],[149.12368915209802,-35.27408357955444],[149.12367505584277,-35.27407207138957],[149.1236558,-35.274067859108875],[149.12363654415722,-35.27407207138957],[149.12362244790197,-35.27408357955444],[149.12361728831445,-35.2740993],[149.12362244790197,-35.274115020445564],[149.12363654415722,-35.27412652861044],[149.1236558,-35.27413074089113],[149.12367505584277,-35.27412652861044],[149.12368915209802,-35.274115020445564],[149.12369431168554,-35.2740993]]]}},{"type":"Feature","id":"12418215380:top","properties":{"part":"top","base":5.5,"height":7,"osmId":12418215380},"geometry":{"type":"Polygon","coordinates":[[[149.12368220801295,-35.2740993],[149.12367867001007,-35.274088520265906],[149.12366900400647,-35.27408062895285],[149.1236558,-35.2740777405318],[149.12364259599352,-35.27408062895285],[149.12363292998992,-35.274088520265906],[149.12362939198704,-35.2740993],[149.12363292998992,-35.2741100797341],[149.12364259599352,-35.274117971047154],[149.1236558,-35.274120859468205],[149.12366900400647,-35.274117971047154],[149.12367867001007,-35.2741100797341],[149.12368220801295,-35.2740993]]]}},{"type":"Feature","id":"12418215381:trunk","properties":{"part":"trunk","base":0,"height":3,"osmId":12418215381},"geometry":{"type":"Polygon","coordinates":[[[149.12351240133083,-35.2740138],[149.12351181166432,-35.27401200337765],[149.1235102006654,-35.2740106881588],[149.123508,-35.2740102067553],[149.12350579933457,-35.2740106881588],[149.12350418833566,-35.27401200337765],[149.12350359866915,-35.2740138],[149.12350418833566,-35.27401559662235],[149.12350579933457,-35.274016911841194],[149.123508,-35.2740173932447],[149.1235102006654,-35.274016911841194],[149.12351181166432,-35.27401559662235],[149.12351240133083,-35.2740138]]]}},{"type":"Feature","id":"12418215381:crown","properties":{"part":"crown","base":2.5,"height":5.5,"osmId":12418215381},"geometry":{"type":"Polygon","coordinates":[[[149.1235465116449,-35.2740138],[149.1235413520628,-35.27399807955444],[149.12352725582244,-35.273986571389564],[149.123508,-35.27398235910887],[149.12348874417754,-35.273986571389564],[149.12347464793717,-35.27399807955444],[149.12346948835508,-35.2740138],[149.12347464793717,-35.27402952044556],[149.12348874417754,-35.274041028610434],[149.123508,-35.27404524089113],[149.12352725582244,-35.274041028610434],[149.1235413520628,-35.27402952044556],[149.1235465116449,-35.2740138]]]}},{"type":"Feature","id":"12418215381:top","properties":{"part":"top","base":5.5,"height":7,"osmId":12418215381},"geometry":{"type":"Polygon","coordinates":[[[149.12353440798506,-35.2740138],[149.12353086998593,-35.2740030202659],[149.12352120399254,-35.27399512895285],[149.123508,-35.2739922405318],[149.12349479600744,-35.27399512895285],[149.12348513001405,-35.2740030202659],[149.1234815920149,-35.2740138],[149.12348513001405,-35.274024579734096],[149.12349479600744,-35.27403247104715],[149.123508,-35.2740353594682],[149.12352120399254,-35.27403247104715],[149.12353086998593,-35.274024579734096],[149.12353440798506,-35.2740138]]]}},{"type":"Feature","id":"12418215382:trunk","properties":{"part":"trunk","base":0,"height":3,"osmId":12418215382},"geometry":{"type":"Polygon","coordinates":[[[149.12337990133074,-35.2740118],[149.12337931166425,-35.27401000337765],[149.12337770066537,-35.2740086881588],[149.1233755,-35.2740082067553],[149.12337329933465,-35.2740086881588],[149.12337168833577,-35.27401000337765],[149.12337109866928,-35.2740118],[149.12337168833577,-35.274013596622346],[149.12337329933465,-35.27401491184119],[149.1233755,-35.274015393244696],[149.12337770066537,-35.27401491184119],[149.12337931166425,-35.274013596622346],[149.12337990133074,-35.2740118]]]}},{"type":"Feature","id":"12418215382:crown","properties":{"part":"crown","base":2.5,"height":5.5,"osmId":12418215382},"geometry":{"type":"Polygon","coordinates":[[[149.12341401164397,-35.2740118],[149.123408852062,-35.273996079554436],[149.12339475582198,-35.27398457138956],[149.1233755,-35.27398035910887],[149.12335624417804,-35.27398457138956],[149.12334214793802,-35.273996079554436],[149.12333698835604,-35.2740118],[149.12334214793802,-35.27402752044556],[149.12335624417804,-35.27403902861043],[149.1233755,-35.274043240891125],[149.12339475582198,-35.27403902861043],[149.123408852062,-35.27402752044556],[149.12341401164397,-35.2740118]]]}},{"type":"Feature","id":"12418215382:top","properties":{"part":"top","base":5.5,"height":7,"osmId":12418215382},"geometry":{"type":"Polygon","coordinates":[[[149.12340190798443,-35.2740118],[149.12339836998538,-35.2740010202659],[149.12338870399222,-35.273993128952846],[149.1233755,-35.273990240531795],[149.1233622960078,-35.273993128952846],[149.12335263001464,-35.2740010202659],[149.1233490920156,-35.2740118],[149.12335263001464,-35.274022579734094],[149.1233622960078,-35.27403047104715],[149.1233755,-35.2740333594682],[149.12338870399222,-35.27403047104715],[149.12339836998538,-35.274022579734094],[149.12340190798443,-35.2740118]]]}},{"type":"Feature","id":"12418215383:trunk","properties":{"part":"trunk","base":0,"height":3,"osmId":12418215383},"geometry":{"type":"Polygon","coordinates":[[[149.1232596013268,-35.2739393],[149.1232590116608,-35.27393750337765],[149.1232574006634,-35.27393618815881],[149.1232552,-35.2739357067553],[149.1232529993366,-35.27393618815881],[149.12325138833918,-35.27393750337765],[149.12325079867318,-35.2739393],[149.12325138833918,-35.27394109662235],[149.1232529993366,-35.2739424118412],[149.1232552,-35.2739428932447],[149.1232574006634,-35.2739424118412],[149.1232590116608,-35.27394109662235],[149.1232596013268,-35.2739393]]]}},{"type":"Feature","id":"12418215383:crown","properties":{"part":"crown","base":2.5,"height":5.5,"osmId":12418215383},"geometry":{"type":"Polygon","coordinates":[[[149.12329371160948,-35.2739393],[149.12328855203214,-35.27392357955444],[149.12327445580473,-35.27391207138957],[149.1232552,-35.273907859108874],[149.12323594419524,-35.27391207138957],[149.12322184796784,-35.27392357955444],[149.1232166883905,-35.2739393],[149.12322184796784,-35.27395502044556],[149.12323594419524,-35.27396652861044],[149.1232552,-35.27397074089113],[149.12327445580473,-35.27396652861044],[149.12328855203214,-35.27395502044556],[149.12329371160948,-35.2739393]]]}},{"type":"Feature","id":"12418215383:top","properties":{"part":"top","base":5.5,"height":7,"osmId":12418215383},"geometry":{"type":"Polygon","coordinates":[[[149.12328160796076,-35.2739393],[149.1232780699649,-35.273928520265905],[149.12326840398038,-35.27392062895285],[149.1232552,-35.2739177405318],[149.1232419960196,-35.27392062895285],[149.12323233003508,-35.273928520265905],[149.1232287920392,-35.2739393],[149.12323233003508,-35.2739500797341],[149.1232419960196,-35.27395797104715],[149.1232552,-35.273960859468204],[149.12326840398038,-35.27395797104715],[149.1232780699649,-35.2739500797341],[149.12328160796076,-35.2739393]]]}},{"type":"Feature","id":"12418215384:trunk","properties":{"part":"trunk","base":0,"height":3,"osmId":12418215384},"geometry":{"type":"Polygon","coordinates":[[[149.12309840132392,-35.2738863],[149.12309781165834,-35.27388450337765],[149.12309620066196,-35.273883188158806],[149.123094,-35.2738827067553],[149.12309179933806,-35.273883188158806],[149.12309018834168,-35.27388450337765],[149.1230895986761,-35.2738863],[149.12309018834168,-35.27388809662235],[149.12309179933806,-35.273889411841196],[149.123094,-35.2738898932447],[149.12309620066196,-35.273889411841196],[149.12309781165834,-35.27388809662235],[149.12309840132392,-35.2738863]]]}},{"type":"Feature","id":"12418215384:crown","properties":{"part":"crown","base":2.5,"height":5.5,"osmId":12418215384},"geometry":{"type":"Polygon","coordinates":[[[149.1231325115843,-35.2738863],[149.12312735201033,-35.27387057955444],[149.12311325579216,-35.273859071389566],[149.123094,-35.27385485910887],[149.12307474420786,-35.273859071389566],[149.1230606479897,-35.27387057955444],[149.12305548841573,-35.2738863],[149.1230606479897,-35.27390202044556],[149.12307474420786,-35.273913528610436],[149.123094,-35.27391774089113],[149.12311325579216,-35.273913528610436],[149.12312735201033,-35.27390202044556],[149.1231325115843,-35.2738863]]]}},{"type":"Feature","id":"12418215384:top","properties":{"part":"top","base":5.5,"height":7,"osmId":12418215384},"geometry":{"type":"Polygon","coordinates":[[[149.1231204079435,-35.2738863],[149.12311686994994,-35.273875520265904],[149.12310720397176,-35.27386762895285],[149.123094,-35.2738647405318],[149.12308079602826,-35.27386762895285],[149.12307113005008,-35.273875520265904],[149.12306759205651,-35.2738863],[149.12307113005008,-35.2738970797341],[149.12308079602826,-35.27390497104715],[149.123094,-35.2739078594682],[149.12310720397176,-35.27390497104715],[149.12311686994994,-35.2738970797341],[149.1231204079435,-35.2738863]]]}},{"type":"Feature","id":"12418215385:trunk","properties":{"part":"trunk","base":0,"height":3,"osmId":12418215385},"geometry":{"type":"Polygon","coordinates":[[[149.12303280131954,-35.2738056],[149.12303221165453,-35.27380380337765],[149.12303060065977,-35.27380248815881],[149.1230284,-35.273802006755304],[149.12302619934025,-35.27380248815881],[149.1230245883455,-35.27380380337765],[149.12302399868048,-35.2738056],[149.1230245883455,-35.27380739662235],[149.12302619934025,-35.2738087118412],[149.1230284,-35.2738091932447],[149.12303060065977,-35.2738087118412],[149.12303221165453,-35.27380739662235],[149.12303280131954,-35.2738056]]]}},{"type":"Feature","id":"12418215385:crown","properties":{"part":"crown","base":2.5,"height":5.5,"osmId":12418215385},"geometry":{"type":"Polygon","coordinates":[[[149.12306691154592,-35.2738056],[149.1230617519771,-35.27378987955444],[149.12304765577298,-35.27377837138957],[149.1230284,-35.273774159108875],[149.12300914422704,-35.27377837138957],[149.12299504802291,-35.27378987955444],[149.1229898884541,-35.2738056],[149.12299504802291,-35.27382132044556],[149.12300914422704,-35.27383282861044],[149.1230284,-35.27383704089113],[149.12304765577298,-35.27383282861044],[149.1230617519771,-35.27382132044556],[149.12306691154592,-35.2738056]]]}},{"type":"Feature","id":"12418215385:top","properties":{"part":"top","base":5.5,"height":7,"osmId":12418215385},"geometry":{"type":"Polygon","coordinates":[[[149.1230548079172,-35.2738056],[149.12305126992717,-35.273794820265906],[149.1230416039586,-35.27378692895285],[149.1230284,-35.2737840405318],[149.12301519604142,-35.27378692895285],[149.12300553007285,-35.273794820265906],[149.1230019920828,-35.2738056],[149.12300553007285,-35.2738163797341],[149.12301519604142,-35.273824271047154],[149.1230284,-35.273827159468205],[149.1230416039586,-35.273824271047154],[149.12305126992717,-35.2738163797341],[149.1230548079172,-35.2738056]]]}},{"type":"Feature","id":"12418215386:trunk","properties":{"part":"trunk","base":0,"height":3,"osmId":12418215386},"geometry":{"type":"Polygon","coordinates":[[[149.12298800131356,-35.2736955],[149.12298741164935,-35.27369370337765],[149.12298580065678,-35.27369238815881],[149.1229836,-35.2736919067553],[149.12298139934322,-35.27369238815881],[149.12297978835065,-35.27369370337765],[149.12297919868644,-35.2736955],[149.12297978835065,-35.27369729662235],[149.12298139934322,-35.2736986118412],[149.1229836,-35.2736990932447],[149.12298580065678,-35.2736986118412],[149.12298741164935,-35.27369729662235],[149.12298800131356,-35.2736955]]]}},{"type":"Feature","id":"12418215386:crown","properties":{"part":"crown","base":2.5,"height":5.5,"osmId":12418215386},"geometry":{"type":"Polygon","coordinates":[[[149.12302211149355,-35.2736955],[149.12301695193176,-35.27367977955444],[149.1230028557468,-35.27366827138957],[149.1229836,-35.273664059108874],[149.1229643442532,-35.27366827138957],[149.12295024806824,-35.27367977955444],[149.12294508850644,-35.2736955],[149.12295024806824,-35.27371122044556],[149.1229643442532,-35.27372272861044],[149.1229836,-35.27372694089113],[149.1230028557468,-35.27372272861044],[149.12301695193176,-35.27371122044556],[149.12302211149355,-35.2736955]]]}},{"type":"Feature","id":"12418215386:top","properties":{"part":"top","base":5.5,"height":7,"osmId":12418215386},"geometry":{"type":"Polygon","coordinates":[[[149.1230100078813,-35.2736955],[149.12300646989607,-35.273684720265905],[149.12299680394065,-35.27367682895285],[149.1229836,-35.2736739405318],[149.12297039605934,-35.27367682895285],[149.12296073010393,-35.273684720265905],[149.1229571921187,-35.2736955],[149.12296073010393,-35.2737062797341],[149.12297039605934,-35.27371417104715],[149.1229836,-35.273717059468204],[149.12299680394065,-35.27371417104715],[149.12300646989607,-35.2737062797341],[149.1230100078813,-35.2736955]]]}},{"type":"Feature","id":"12418215387:trunk","properties":{"part":"trunk","base":0,"height":3,"osmId":12418215387},"geometry":{"type":"Polygon","coordinates":[[[149.12291890130842,-35.2736009],[149.1229183116449,-35.27359910337765],[149.1229167006542,-35.2735977881588],[149.1229145,-35.2735973067553],[149.1229122993458,-35.2735977881588],[149.12291068835512,-35.27359910337765],[149.1229100986916,-35.2736009],[149.12291068835512,-35.27360269662235],[149.1229122993458,-35.27360401184119],[149.1229145,-35.2736044932447],[149.1229167006542,-35.27360401184119],[149.1229183116449,-35.27360269662235],[149.12291890130842,-35.2736009]]]}},{"type":"Feature","id":"12418215387:crown","properties":{"part":"crown","base":2.5,"height":5.5,"osmId":12418215387},"geometry":{"type":"Polygon","coordinates":[[[149.1229530114486,-35.2736009],[149.12294785189283,-35.27358517955444],[149.1229337557243,-35.27357367138956],[149.1229145,-35.27356945910887],[149.12289524427572,-35.27357367138956],[149.12288114810718,-35.27358517955444],[149.1228759885514,-35.2736009],[149.12288114810718,-35.27361662044556],[149.12289524427572,-35.27362812861043],[149.1229145,-35.273632340891126],[149.1229337557243,-35.27362812861043],[149.12294785189283,-35.27361662044556],[149.1229530114486,-35.2736009]]]}},{"type":"Feature","id":"12418215387:top","properties":{"part":"top","base":5.5,"height":7,"osmId":12418215387},"geometry":{"type":"Polygon","coordinates":[[[149.12294090785048,-35.2736009],[149.12293736986936,-35.2735901202659],[149.12292770392523,-35.27358222895285],[149.1229145,-35.273579340531796],[149.1229012960748,-35.27358222895285],[149.12289163013065,-35.2735901202659],[149.12288809214954,-35.2736009],[149.12289163013065,-35.273611679734096],[149.1229012960748,-35.27361957104715],[149.1229145,-35.2736224594682],[149.12292770392523,-35.27361957104715],[149.12293736986936,-35.273611679734096],[149.12294090785048,-35.2736009]]]}},{"type":"Feature","id":"12418215388:trunk","properties":{"part":"trunk","base":0,"height":3,"osmId":12418215388},"geometry":{"type":"Polygon","coordinates":[[[149.12279640130097,-35.2734642],[149.12279581163847,-35.27346240337765],[149.1227942006505,-35.273461088158804],[149.122792,-35.2734606067553],[149.1227897993495,-35.273461088158804],[149.12278818836154,-35.27346240337765],[149.12278759869903,-35.2734642],[149.12278818836154,-35.27346599662235],[149.1227897993495,-35.273467311841195],[149.122792,-35.2734677932447],[149.1227942006505,-35.273467311841195],[149.12279581163847,-35.27346599662235],[149.12279640130097,-35.2734642]]]}},{"type":"Feature","id":"12418215388:crown","properties":{"part":"crown","base":2.5,"height":5.5,"osmId":12418215388},"geometry":{"type":"Polygon","coordinates":[[[149.1228305113836,-35.2734642],[149.12282535183652,-35.27344847955444],[149.1228112556918,-35.273436971389565],[149.122792,-35.27343275910887],[149.1227727443082,-35.273436971389565],[149.12275864816348,-35.27344847955444],[149.1227534886164,-35.2734642],[149.12275864816348,-35.27347992044556],[149.1227727443082,-35.273491428610434],[149.122792,-35.27349564089113],[149.1228112556918,-35.273491428610434],[149.12282535183652,-35.27347992044556],[149.1228305113836,-35.2734642]]]}},{"type":"Feature","id":"12418215388:top","properties":{"part":"top","base":5.5,"height":7,"osmId":12418215388},"geometry":{"type":"Polygon","coordinates":[[[149.1228184078059,-35.2734642],[149.12281486983076,-35.2734534202659],[149.12280520390294,-35.27344552895285],[149.122792,-35.2734426405318],[149.12277879609707,-35.27344552895285],[149.12276913016925,-35.2734534202659],[149.1227655921941,-35.2734642],[149.12276913016925,-35.2734749797341],[149.12277879609707,-35.27348287104715],[149.122792,-35.2734857594682],[149.12280520390294,-35.27348287104715],[149.12281486983076,-35.2734749797341],[149.1228184078059,-35.2734642]]]}},{"type":"Feature","id":"12418215389:trunk","properties":{"part":"trunk","base":0,"height":3,"osmId":12418215389},"geometry":{"type":"Polygon","coordinates":[[[149.12288500129554,-35.273364],[149.12288441163375,-35.27336220337765],[149.12288280064777,-35.273360888158805],[149.1228806,-35.2733604067553],[149.12287839935223,-35.273360888158805],[149.12287678836626,-35.27336220337765],[149.12287619870446,-35.273364],[149.12287678836626,-35.27336579662235],[149.12287839935223,-35.273367111841196],[149.1228806,-35.2733675932447],[149.12288280064777,-35.273367111841196],[149.12288441163375,-35.27336579662235],[149.12288500129554,-35.273364]]]}},{"type":"Feature","id":"12418215389:crown","properties":{"part":"crown","base":2.5,"height":5.5,"osmId":12418215389},"geometry":{"type":"Polygon","coordinates":[[[149.12291911133596,-35.273364],[149.12291395179528,-35.27334827955444],[149.12289985566798,-35.273336771389566],[149.1228806,-35.27333255910887],[149.12286134433202,-35.273336771389566],[149.12284724820472,-35.27334827955444],[149.12284208866404,-35.273364],[149.12284724820472,-35.27337972044556],[149.12286134433202,-35.273391228610436],[149.1228806,-35.27339544089113],[149.12289985566798,-35.273391228610436],[149.12291395179528,-35.27337972044556],[149.12291911133596,-35.273364]]]}},{"type":"Feature","id":"12418215389:top","properties":{"part":"top","base":5.5,"height":7,"osmId":12418215389},"geometry":{"type":"Polygon","coordinates":[[[149.12290700777322,-35.273364],[149.12290346980248,-35.2733532202659],[149.12289380388663,-35.27334532895285],[149.1228806,-35.2733424405318],[149.12286739611338,-35.27334532895285],[149.12285773019752,-35.2733532202659],[149.12285419222678,-35.273364],[149.12285773019752,-35.2733747797341],[149.12286739611338,-35.27338267104715],[149.1228806,-35.2733855594682],[149.12289380388663,-35.27338267104715],[149.12290346980248,-35.2733747797341],[149.12290700777322,-35.273364]]]}},{"type":"Feature","id":"12418215390:trunk","properties":{"part":"trunk","base":0,"height":3,"osmId":12418215390},"geometry":{"type":"Polygon","coordinates":[[[149.122780601294,-35.2733356],[149.12278001163241,-35.27333380337765],[149.122778400647,-35.27333248815881],[149.1227762,-35.273332006755304],[149.122773999353,-35.27333248815881],[149.1227723883676,-35.27333380337765],[149.122771798706,-35.2733356],[149.1227723883676,-35.27333739662235],[149.122773999353,-35.2733387118412],[149.1227762,-35.2733391932447],[149.122778400647,-35.2733387118412],[149.12278001163241,-35.27333739662235],[149.122780601294,-35.2733356]]]}},{"type":"Feature","id":"12418215390:crown","properties":{"part":"crown","base":2.5,"height":5.5,"osmId":12418215390},"geometry":{"type":"Polygon","coordinates":[[[149.12281471132246,-35.2733356],[149.12280955178358,-35.27331987955444],[149.12279545566122,-35.27330837138957],[149.1227762,-35.273304159108875],[149.1227569443388,-35.27330837138957],[149.12274284821643,-35.27331987955444],[149.12273768867755,-35.2733356],[149.12274284821643,-35.27335132044556],[149.1227569443388,-35.27336282861044],[149.1227762,-35.27336704089113],[149.12279545566122,-35.27336282861044],[149.12280955178358,-35.27335132044556],[149.12281471132246,-35.2733356]]]}},{"type":"Feature","id":"12418215390:top","properties":{"part":"top","base":5.5,"height":7,"osmId":12418215390},"geometry":{"type":"Polygon","coordinates":[[[149.122802607764,-35.2733356],[149.12279906979447,-35.273324820265906],[149.122789403882,-35.27331692895285],[149.1227762,-35.2733140405318],[149.122762996118,-35.27331692895285],[149.12275333020554,-35.273324820265906],[149.12274979223602,-35.2733356],[149.12275333020554,-35.2733463797341],[149.122762996118,-35.273354271047154],[149.1227762,-35.273357159468205],[149.122789403882,-35.273354271047154],[149.12279906979447,-35.2733463797341],[149.122802607764,-35.2733356]]]}},{"type":"Feature","id":"12418215391:trunk","properties":{"part":"trunk","base":0,"height":3,"osmId":12418215391},"geometry":{"type":"Polygon","coordinates":[[[149.12279720128933,-35.2732494],[149.12279661162836,-35.27324760337765],[149.12279500064466,-35.2732462881588],[149.1227928,-35.2732458067553],[149.12279059935537,-35.2732462881588],[149.12278898837167,-35.27324760337765],[149.1227883987107,-35.2732494],[149.12278898837167,-35.27325119662235],[149.12279059935537,-35.27325251184119],[149.1227928,-35.2732529932447],[149.12279500064466,-35.27325251184119],[149.12279661162836,-35.27325119662235],[149.12279720128933,-35.2732494]]]}},{"type":"Feature","id":"12418215391:crown","properties":{"part":"crown","base":2.5,"height":5.5,"osmId":12418215391},"geometry":{"type":"Polygon","coordinates":[[[149.1228313112815,-35.2732494],[149.1228261517481,-35.27323367955444],[149.12281205564074,-35.27322217138956],[149.1227928,-35.27321795910887],[149.1227735443593,-35.27322217138956],[149.12275944825194,-35.27323367955444],[149.12275428871854,-35.2732494],[149.12275944825194,-35.27326512044556],[149.1227735443593,-35.27327662861043],[149.1227928,-35.273280840891125],[149.12281205564074,-35.27327662861043],[149.1228261517481,-35.27326512044556],[149.1228313112815,-35.2732494]]]}},{"type":"Feature","id":"12418215391:top","properties":{"part":"top","base":5.5,"height":7,"osmId":12418215391},"geometry":{"type":"Polygon","coordinates":[[[149.1228192077359,-35.2732494],[149.12281566977012,-35.2732386202659],[149.12280600386794,-35.273230728952846],[149.1227928,-35.273227840531796],[149.1227795961321,-35.273230728952846],[149.1227699302299,-35.2732386202659],[149.12276639226414,-35.2732494],[149.1227699302299,-35.273260179734095],[149.1227795961321,-35.27326807104715],[149.1227928,-35.2732709594682],[149.12280600386794,-35.27326807104715],[149.12281566977012,-35.273260179734095],[149.1228192077359,-35.2732494]]]}},{"type":"Feature","id":"12418215392:trunk","properties":{"part":"trunk","base":0,"height":3,"osmId":12418215392},"geometry":{"type":"Polygon","coordinates":[[[149.12277990131153,-35.2736587],[149.1227793116476,-35.27365690337765],[149.12277770065577,-35.2736555881588],[149.1227755,-35.2736551067553],[149.1227732993442,-35.2736555881588],[149.12277168835237,-35.27365690337765],[149.12277109868845,-35.2736587],[149.12277168835237,-35.27366049662235],[149.1227732993442,-35.273661811841194],[149.1227755,-35.2736622932447],[149.12277770065577,-35.273661811841194],[149.1227793116476,-35.27366049662235],[149.12277990131153,-35.2736587]]]}},{"type":"Feature","id":"12418215392:crown","properties":{"part":"crown","base":2.5,"height":5.5,"osmId":12418215392},"geometry":{"type":"Polygon","coordinates":[[[149.12281401147607,-35.2736587],[149.1228088519166,-35.27364297955444],[149.12279475573803,-35.273631471389564],[149.1227755,-35.27362725910887],[149.12275624426195,-35.273631471389564],[149.12274214808338,-35.27364297955444],[149.1227369885239,-35.2736587],[149.12274214808338,-35.27367442044556],[149.12275624426195,-35.27368592861043],[149.1227755,-35.27369014089113],[149.12279475573803,-35.27368592861043],[149.1228088519166,-35.27367442044556],[149.12281401147607,-35.2736587]]]}},{"type":"Feature","id":"12418215392:top","properties":{"part":"top","base":5.5,"height":7,"osmId":12418215392},"geometry":{"type":"Polygon","coordinates":[[[149.1228019078693,-35.2736587],[149.12279836988566,-35.2736479202659],[149.12278870393465,-35.27364002895285],[149.1227755,-35.2736371405318],[149.12276229606533,-35.27364002895285],[149.12275263011432,-35.2736479202659],[149.12274909213068,-35.2736587],[149.12275263011432,-35.273669479734096],[149.12276229606533,-35.27367737104715],[149.1227755,-35.2736802594682],[149.12278870393465,-35.27367737104715],[149.12279836988566,-35.273669479734096],[149.1228019078693,-35.2736587]]]}},{"type":"Feature","id":"12418215393:trunk","properties":{"part":"trunk","base":0,"height":3,"osmId":12418215393},"geometry":{"type":"Polygon","coordinates":[[[149.12267230130178,-35.2734788],[149.12267171163916,-35.27347700337765],[149.1226701006509,-35.273475688158804],[149.1226679,-35.2734752067553],[149.1226656993491,-35.273475688158804],[149.12266408836086,-35.27347700337765],[149.12266349869824,-35.2734788],[149.12266408836086,-35.27348059662235],[149.1226656993491,-35.273481911841195],[149.1226679,-35.2734823932447],[149.1226701006509,-35.273481911841195],[149.12267171163916,-35.27348059662235],[149.12267230130178,-35.2734788]]]}},{"type":"Feature","id":"12418215393:crown","properties":{"part":"crown","base":2.5,"height":5.5,"osmId":12418215393},"geometry":{"type":"Polygon","coordinates":[[[149.12270641139054,-35.2734788],[149.12270125184256,-35.27346307955444],[149.12268715569527,-35.273451571389565],[149.1226679,-35.27344735910887],[149.12264864430475,-35.273451571389565],[149.12263454815746,-35.27346307955444],[149.12262938860948,-35.2734788],[149.12263454815746,-35.27349452044556],[149.12264864430475,-35.273506028610434],[149.1226679,-35.27351024089113],[149.12268715569527,-35.273506028610434],[149.12270125184256,-35.27349452044556],[149.12270641139054,-35.2734788]]]}},{"type":"Feature","id":"12418215393:top","properties":{"part":"top","base":5.5,"height":7,"osmId":12418215393},"geometry":{"type":"Polygon","coordinates":[[[149.12269430781066,-35.2734788],[149.1226907698349,-35.2734680202659],[149.12268110390534,-35.27346012895285],[149.1226679,-35.2734572405318],[149.12265469609468,-35.27346012895285],[149.12264503016513,-35.2734680202659],[149.12264149218936,-35.2734788],[149.12264503016513,-35.2734895797341],[149.12265469609468,-35.27349747104715],[149.1226679,-35.2735003594682],[149.12268110390534,-35.27349747104715],[149.1226907698349,-35.2734895797341],[149.12269430781066,-35.2734788]]]}},{"type":"Feature","id":"12418215394:trunk","properties":{"part":"trunk","base":0,"height":3,"osmId":12418215394},"geometry":{"type":"Polygon","coordinates":[[[149.1225564013018,-35.273479],[149.12255581163916,-35.27347720337765],[149.1225542006509,-35.273475888158806],[149.122552,-35.2734754067553],[149.12254979934912,-35.273475888158806],[149.12254818836087,-35.27347720337765],[149.12254759869822,-35.273479],[149.12254818836087,-35.27348079662235],[149.12254979934912,-35.2734821118412],[149.122552,-35.2734825932447],[149.1225542006509,-35.2734821118412],[149.12255581163916,-35.27348079662235],[149.1225564013018,-35.273479]]]}},{"type":"Feature","id":"12418215394:crown","properties":{"part":"crown","base":2.5,"height":5.5,"osmId":12418215394},"geometry":{"type":"Polygon","coordinates":[[[149.12259051139065,-35.273479],[149.12258535184264,-35.27346327955444],[149.12257125569533,-35.27345177138957],[149.122552,-35.273447559108874],[149.1225327443047,-35.27345177138957],[149.12251864815738,-35.27346327955444],[149.12251348860937,-35.273479],[149.12251864815738,-35.27349472044556],[149.1225327443047,-35.27350622861044],[149.122552,-35.27351044089113],[149.12257125569533,-35.27350622861044],[149.12258535184264,-35.27349472044556],[149.12259051139065,-35.273479]]]}},{"type":"Feature","id":"12418215394:top","properties":{"part":"top","base":5.5,"height":7,"osmId":12418215394},"geometry":{"type":"Polygon","coordinates":[[[149.12257840781072,-35.273479],[149.12257486983495,-35.273468220265904],[149.12256520390537,-35.27346032895285],[149.122552,-35.2734574405318],[149.12253879609466,-35.27346032895285],[149.12252913016508,-35.273468220265904],[149.1225255921893,-35.273479],[149.12252913016508,-35.2734897797341],[149.12253879609466,-35.27349767104715],[149.122552,-35.273500559468204],[149.12256520390537,-35.27349767104715],[149.12257486983495,-35.2734897797341],[149.12257840781072,-35.273479]]]}},{"type":"Feature","id":"12418215395:trunk","properties":{"part":"trunk","base":0,"height":3,"osmId":12418215395},"geometry":{"type":"Polygon","coordinates":[[[149.12252510129656,-35.2733829],[149.12252451163462,-35.27338110337765],[149.12252290064828,-35.273379788158806],[149.1225207,-35.2733793067553],[149.1225184993517,-35.273379788158806],[149.12251688836537,-35.27338110337765],[149.12251629870343,-35.2733829],[149.12251688836537,-35.27338469662235],[149.1225184993517,-35.2733860118412],[149.1225207,-35.2733864932447],[149.12252290064828,-35.2733860118412],[149.12252451163462,-35.27338469662235],[149.12252510129656,-35.2733829]]]}},{"type":"Feature","id":"12418215395:crown","properties":{"part":"crown","base":2.5,"height":5.5,"osmId":12418215395},"geometry":{"type":"Polygon","coordinates":[[[149.12255921134494,-35.2733829],[149.12255405180304,-35.27336717955444],[149.12253995567247,-35.27335567138957],[149.1225207,-35.27335145910887],[149.12250144432753,-35.27335567138957],[149.12248734819696,-35.27336717955444],[149.12248218865506,-35.2733829],[149.12248734819696,-35.27339862044556],[149.12250144432753,-35.273410128610436],[149.1225207,-35.27341434089113],[149.12253995567247,-35.273410128610436],[149.12255405180304,-35.27339862044556],[149.12255921134494,-35.2733829]]]}},{"type":"Feature","id":"12418215395:top","properties":{"part":"top","base":5.5,"height":7,"osmId":12418215395},"geometry":{"type":"Polygon","coordinates":[[[149.12254710777938,-35.2733829],[149.12254356980782,-35.273372120265904],[149.1225339038897,-35.27336422895285],[149.1225207,-35.2733613405318],[149.1225074961103,-35.27336422895285],[149.12249783019217,-35.273372120265904],[149.1224942922206,-35.2733829],[149.12249783019217,-35.2733936797341],[149.1225074961103,-35.27340157104715],[149.1225207,-35.2734044594682],[149.1225339038897,-35.27340157104715],[149.12254356980782,-35.2733936797341],[149.12254710777938,-35.2733829]]]}},{"type":"Feature","id":"12418215396:trunk","properties":{"part":"trunk","base":0,"height":3,"osmId":12418215396},"geometry":{"type":"Polygon","coordinates":[[[149.12260230129442,-35.2733436],[149.12260171163277,-35.27334180337765],[149.1226001006472,-35.2733404881588],[149.1225979,-35.2733400067553],[149.1225956993528,-35.2733404881588],[149.1225940883672,-35.27334180337765],[149.12259349870556,-35.2733436],[149.1225940883672,-35.27334539662235],[149.1225956993528,-35.27334671184119],[149.1225979,-35.273347193244696],[149.1226001006472,-35.27334671184119],[149.12260171163277,-35.27334539662235],[149.12260230129442,-35.2733436]]]}},{"type":"Feature","id":"12418215396:crown","properties":{"part":"crown","base":2.5,"height":5.5,"osmId":12418215396},"geometry":{"type":"Polygon","coordinates":[[[149.12263641132625,-35.2733436],[149.12263125178686,-35.27332787955444],[149.1226171556631,-35.27331637138956],[149.1225979,-35.27331215910887],[149.12257864433687,-35.27331637138956],[149.12256454821312,-35.27332787955444],[149.12255938867372,-35.2733436],[149.12256454821312,-35.27335932044556],[149.12257864433687,-35.27337082861043],[149.1225979,-35.273375040891125],[149.1226171556631,-35.27337082861043],[149.12263125178686,-35.27335932044556],[149.12263641132625,-35.2733436]]]}},{"type":"Feature","id":"12418215396:top","properties":{"part":"top","base":5.5,"height":7,"osmId":12418215396},"geometry":{"type":"Polygon","coordinates":[[[149.12262430776656,-35.2733436],[149.1226207697967,-35.2733328202659],[149.1226111038833,-35.273324928952846],[149.1225979,-35.273322040531795],[149.1225846961167,-35.273324928952846],[149.12257503020328,-35.2733328202659],[149.12257149223342,-35.2733436],[149.12257503020328,-35.273354379734094],[149.1225846961167,-35.27336227104715],[149.1225979,-35.2733651594682],[149.1226111038833,-35.27336227104715],[149.1226207697967,-35.273354379734094],[149.12262430776656,-35.2733436]]]}},{"type":"Feature","id":"12418215397:trunk","properties":{"part":"trunk","base":0,"height":3,"osmId":12418215397},"geometry":{"type":"Polygon","coordinates":[[[149.1226252012905,-35.2732714],[149.1226246116294,-35.27326960337765],[149.12262300064523,-35.2732682881588],[149.1226208,-35.2732678067553],[149.12261859935475,-35.2732682881588],[149.1226169883706,-35.27326960337765],[149.12261639870948,-35.2732714],[149.1226169883706,-35.27327319662235],[149.12261859935475,-35.273274511841194],[149.1226208,-35.2732749932447],[149.12262300064523,-35.273274511841194],[149.1226246116294,-35.27327319662235],[149.1226252012905,-35.2732714]]]}},{"type":"Feature","id":"12418215397:crown","properties":{"part":"crown","base":2.5,"height":5.5,"osmId":12418215397},"geometry":{"type":"Polygon","coordinates":[[[149.12265931129193,-35.2732714],[149.12265415175713,-35.27325567955444],[149.12264005564595,-35.273244171389564],[149.1226208,-35.27323995910887],[149.12260154435404,-35.273244171389564],[149.12258744824285,-35.27325567955444],[149.12258228870806,-35.2732714],[149.12258744824285,-35.27328712044556],[149.12260154435404,-35.27329862861043],[149.1226208,-35.27330284089113],[149.12264005564595,-35.27329862861043],[149.12265415175713,-35.27328712044556],[149.12265931129193,-35.2732714]]]}},{"type":"Feature","id":"12418215397:top","properties":{"part":"top","base":5.5,"height":7,"osmId":12418215397},"geometry":{"type":"Polygon","coordinates":[[[149.12264720774303,-35.2732714],[149.12264366977632,-35.2732606202659],[149.12263400387153,-35.27325272895285],[149.1226208,-35.2732498405318],[149.12260759612846,-35.27325272895285],[149.12259793022366,-35.2732606202659],[149.12259439225696,-35.2732714],[149.12259793022366,-35.273282179734096],[149.12260759612846,-35.27329007104715],[149.1226208,-35.2732929594682],[149.12263400387153,-35.27329007104715],[149.12264366977632,-35.273282179734096],[149.12264720774303,-35.2732714]]]}},{"type":"Feature","id":"12418215398:trunk","properties":{"part":"trunk","base":0,"height":3,"osmId":12418215398},"geometry":{"type":"Polygon","coordinates":[[[149.12262490128674,-35.2732017],[149.1226243116261,-35.27319990337765],[149.12262270064338,-35.273198588158806],[149.1226205,-35.2731981067553],[149.12261829935665,-35.273198588158806],[149.1226166883739,-35.27319990337765],[149.12261609871328,-35.2732017],[149.1226166883739,-35.27320349662235],[149.12261829935665,-35.2732048118412],[149.1226205,-35.2732052932447],[149.12262270064338,-35.2732048118412],[149.1226243116261,-35.27320349662235],[149.12262490128674,-35.2732017]]]}},{"type":"Feature","id":"12418215398:crown","properties":{"part":"crown","base":2.5,"height":5.5,"osmId":12418215398},"geometry":{"type":"Polygon","coordinates":[[[149.1226590112588,-35.2732017],[149.12265385172844,-35.27318597955444],[149.1226397556294,-35.27317447138957],[149.1226205,-35.27317025910887],[149.12260124437063,-35.27317447138957],[149.12258714827158,-35.27318597955444],[149.12258198874122,-35.2732017],[149.12258714827158,-35.27321742044556],[149.12260124437063,-35.273228928610436],[149.1226205,-35.27323314089113],[149.1226397556294,-35.273228928610436],[149.12265385172844,-35.27321742044556],[149.1226590112588,-35.2732017]]]}},{"type":"Feature","id":"12418215398:top","properties":{"part":"top","base":5.5,"height":7,"osmId":12418215398},"geometry":{"type":"Polygon","coordinates":[[[149.12264690772034,-35.2732017],[149.12264336975667,-35.273190920265904],[149.12263370386017,-35.27318302895285],[149.1226205,-35.2731801405318],[149.12260729613985,-35.27318302895285],[149.12259763024335,-35.273190920265904],[149.12259409227968,-35.2732017],[149.12259763024335,-35.2732124797341],[149.12260729613985,-35.27322037104715],[149.1226205,-35.2732232594682],[149.12263370386017,-35.27322037104715],[149.12264336975667,-35.2732124797341],[149.12264690772034,-35.2732017]]]}},{"type":"Feature","id":"12418215399:trunk","properties":{"part":"trunk","base":0,"height":3,"osmId":12418215399},"geometry":{"type":"Polygon","coordinates":[[[149.1226159012836,-35.2731442],[149.1226153116234,-35.27314240337765],[149.1226137006418,-35.2731410881588],[149.1226115,-35.2731406067553],[149.1226092993582,-35.2731410881588],[149.1226076883766,-35.27314240337765],[149.1226070987164,-35.2731442],[149.1226076883766,-35.27314599662235],[149.1226092993582,-35.27314731184119],[149.1226115,-35.273147793244696],[149.1226137006418,-35.27314731184119],[149.1226153116234,-35.27314599662235],[149.1226159012836,-35.2731442]]]}},{"type":"Feature","id":"12418215399:crown","properties":{"part":"crown","base":2.5,"height":5.5,"osmId":12418215399},"geometry":{"type":"Polygon","coordinates":[[[149.12265001123146,-35.2731442],[149.12264485170476,-35.27312847955444],[149.12263075561575,-35.27311697138956],[149.1226115,-35.27311275910887],[149.12259224438426,-35.27311697138956],[149.12257814829525,-35.27312847955444],[149.12257298876855,-35.2731442],[149.12257814829525,-35.27315992044556],[149.12259224438426,-35.27317142861043],[149.1226115,-35.273175640891125],[149.12263075561575,-35.27317142861043],[149.12264485170476,-35.27315992044556],[149.12265001123146,-35.2731442]]]}},{"type":"Feature","id":"12418215399:top","properties":{"part":"top","base":5.5,"height":7,"osmId":12418215399},"geometry":{"type":"Polygon","coordinates":[[[149.12263790770157,-35.2731442],[149.1226343697404,-35.2731334202659],[149.1226247038508,-35.273125528952846],[149.1226115,-35.273122640531795],[149.12259829614922,-35.273125528952846],[149.1225886302596,-35.2731334202659],[149.12258509229844,-35.2731442],[149.1225886302596,-35.273154979734095],[149.12259829614922,-35.27316287104715],[149.1226115,-35.2731657594682],[149.1226247038508,-35.27316287104715],[149.1226343697404,-35.273154979734095],[149.12263790770157,-35.2731442]]]}},{"type":"Feature","id":"12418215400:trunk","properties":{"part":"trunk","base":0,"height":3,"osmId":12418215400},"geometry":{"type":"Polygon","coordinates":[[[149.12244190128126,-35.2731016],[149.1224413116214,-35.27309980337765],[149.12243970064063,-35.2730984881588],[149.1224375,-35.2730980067553],[149.12243529935935,-35.2730984881588],[149.12243368837858,-35.27309980337765],[149.12243309871872,-35.2731016],[149.12243368837858,-35.273103396622346],[149.12243529935935,-35.27310471184119],[149.1224375,-35.273105193244696],[149.12243970064063,-35.27310471184119],[149.1224413116214,-35.273103396622346],[149.12244190128126,-35.2731016]]]}},{"type":"Feature","id":"12418215400:crown","properties":{"part":"crown","base":2.5,"height":5.5,"osmId":12418215400},"geometry":{"type":"Polygon","coordinates":[[[149.1224760112112,-35.2731016],[149.1224708516872,-35.273085879554436],[149.12245675560558,-35.27307437138956],[149.1224375,-35.27307015910887],[149.1224182443944,-35.27307437138956],[149.12240414831277,-35.273085879554436],[149.12239898878877,-35.2731016],[149.12240414831277,-35.27311732044556],[149.1224182443944,-35.27312882861043],[149.1224375,-35.273133040891125],[149.12245675560558,-35.27312882861043],[149.1224708516872,-35.27311732044556],[149.1224760112112,-35.2731016]]]}},{"type":"Feature","id":"12418215400:top","properties":{"part":"top","base":5.5,"height":7,"osmId":12418215400},"geometry":{"type":"Polygon","coordinates":[[[149.12246390768766,-35.2731016],[149.12246036972837,-35.2730908202659],[149.12245070384384,-35.273082928952846],[149.1224375,-35.273080040531795],[149.12242429615614,-35.273082928952846],[149.1224146302716,-35.2730908202659],[149.12241109231232,-35.2731016],[149.1224146302716,-35.273112379734094],[149.12242429615614,-35.27312027104715],[149.1224375,-35.2731231594682],[149.12245070384384,-35.27312027104715],[149.12246036972837,-35.273112379734094],[149.12246390768766,-35.2731016]]]}},{"type":"Feature","id":"12418240901:trunk","properties":{"part":"trunk","base":0,"height":3,"osmId":12418240901},"geometry":{"type":"Polygon","coordinates":[[[149.122383901286,-35.2731887],[149.1223833116255,-35.27318690337765],[149.122381700643,-35.2731855881588],[149.1223795,-35.2731851067553],[149.122377299357,-35.2731855881588],[149.1223756883745,-35.27318690337765],[149.12237509871397,-35.2731887],[149.1223756883745,-35.27319049662235],[149.122377299357,-35.273191811841194],[149.1223795,-35.2731922932447],[149.122381700643,-35.273191811841194],[149.1223833116255,-35.27319049662235],[149.122383901286,-35.2731887]]]}},{"type":"Feature","id":"12418240901:crown","properties":{"part":"crown","base":2.5,"height":5.5,"osmId":12418240901},"geometry":{"type":"Polygon","coordinates":[[[149.12241801125262,-35.2731887],[149.12241285172308,-35.27317297955444],[149.1223987556263,-35.273161471389564],[149.1223795,-35.27315725910887],[149.12236024437368,-35.273161471389564],[149.1223461482769,-35.27317297955444],[149.12234098874737,-35.2731887],[149.1223461482769,-35.27320442044556],[149.12236024437368,-35.27321592861043],[149.1223795,-35.27322014089113],[149.1223987556263,-35.27321592861043],[149.12241285172308,-35.27320442044556],[149.12241801125262,-35.2731887]]]}},{"type":"Feature","id":"12418240901:top","properties":{"part":"top","base":5.5,"height":7,"osmId":12418240901},"geometry":{"type":"Polygon","coordinates":[[[149.12240590771606,-35.2731887],[149.12240236975296,-35.2731779202659],[149.12239270385803,-35.27317002895285],[149.1223795,-35.2731671405318],[149.12236629614196,-35.27317002895285],[149.12235663024703,-35.2731779202659],[149.12235309228393,-35.2731887],[149.12235663024703,-35.273199479734096],[149.12236629614196,-35.27320737104715],[149.1223795,-35.2732102594682],[149.12239270385803,-35.27320737104715],[149.12240236975296,-35.273199479734096],[149.12240590771606,-35.2731887]]]}},{"type":"Feature","id":"12418240902:trunk","properties":{"part":"trunk","base":0,"height":3,"osmId":12418240902},"geometry":{"type":"Polygon","coordinates":[[[149.12235020128958,-35.273254],[149.12234961162858,-35.27325220337765],[149.1223480006448,-35.273250888158806],[149.1223458,-35.2732504067553],[149.12234359935522,-35.273250888158806],[149.12234198837143,-35.27325220337765],[149.12234139871043,-35.273254],[149.12234198837143,-35.27325579662235],[149.12234359935522,-35.2732571118412],[149.1223458,-35.2732575932447],[149.1223480006448,-35.2732571118412],[149.12234961162858,-35.27325579662235],[149.12235020128958,-35.273254]]]}},{"type":"Feature","id":"12418240902:crown","properties":{"part":"crown","base":2.5,"height":5.5,"osmId":12418240902},"geometry":{"type":"Polygon","coordinates":[[[149.12238431128367,-35.273254],[149.12237915174998,-35.27323827955444],[149.12236505564184,-35.27322677138957],[149.1223458,-35.27322255910887],[149.12232654435817,-35.27322677138957],[149.12231244825003,-35.27323827955444],[149.12230728871634,-35.273254],[149.12231244825003,-35.27326972044556],[149.12232654435817,-35.273281228610436],[149.1223458,-35.27328544089113],[149.12236505564184,-35.273281228610436],[149.12237915174998,-35.27326972044556],[149.12238431128367,-35.273254]]]}},{"type":"Feature","id":"12418240902:top","properties":{"part":"top","base":5.5,"height":7,"osmId":12418240902},"geometry":{"type":"Polygon","coordinates":[[[149.12237220773738,-35.273254],[149.12236866977142,-35.273243220265904],[149.1223590038687,-35.27323532895285],[149.1223458,-35.2732324405318],[149.12233259613132,-35.27323532895285],[149.1223229302286,-35.273243220265904],[149.12231939226263,-35.273254],[149.1223229302286,-35.2732647797341],[149.12233259613132,-35.27327267104715],[149.1223458,-35.2732755594682],[149.1223590038687,-35.27327267104715],[149.12236866977142,-35.2732647797341],[149.12237220773738,-35.273254]]]}},{"type":"Feature","id":"12418240903:trunk","properties":{"part":"trunk","base":0,"height":3,"osmId":12418240903},"geometry":{"type":"Polygon","coordinates":[[[149.12241440129503,-35.2733547],[149.12241381163332,-35.27335290337765],[149.12241220064752,-35.2733515881588],[149.12241,-35.2733511067553],[149.1224077993525,-35.2733515881588],[149.12240618836668,-35.27335290337765],[149.12240559870497,-35.2733547],[149.12240618836668,-35.27335649662235],[149.1224077993525,-35.273357811841194],[149.12241,-35.2733582932447],[149.12241220064752,-35.273357811841194],[149.12241381163332,-35.27335649662235],[149.12241440129503,-35.2733547]]]}},{"type":"Feature","id":"12418240903:crown","properties":{"part":"crown","base":2.5,"height":5.5,"osmId":12418240903},"geometry":{"type":"Polygon","coordinates":[[[149.12244851133153,-35.2733547],[149.12244335179145,-35.27333897955444],[149.12242925566576,-35.273327471389564],[149.12241,-35.27332325910887],[149.12239074433424,-35.273327471389564],[149.12237664820856,-35.27333897955444],[149.12237148866848,-35.2733547],[149.12237664820856,-35.27337042044556],[149.12239074433424,-35.27338192861043],[149.12241,-35.27338614089113],[149.12242925566576,-35.27338192861043],[149.12244335179145,-35.27337042044556],[149.12244851133153,-35.2733547]]]}},{"type":"Feature","id":"12418240903:top","properties":{"part":"top","base":5.5,"height":7,"osmId":12418240903},"geometry":{"type":"Polygon","coordinates":[[[149.1224364077702,-35.2733547],[149.12243286979984,-35.2733439202659],[149.1224232038851,-35.27333602895285],[149.12241,-35.2733331405318],[149.1223967961149,-35.27333602895285],[149.12238713020017,-35.2733439202659],[149.1223835922298,-35.2733547],[149.12238713020017,-35.273365479734096],[149.1223967961149,-35.27337337104715],[149.12241,-35.2733762594682],[149.1224232038851,-35.27337337104715],[149.12243286979984,-35.273365479734096],[149.1224364077702,-35.2733547]]]}},{"type":"Feature","id":"12418240904:trunk","properties":{"part":"trunk","base":0,"height":3,"osmId":12418240904},"geometry":{"type":"Polygon","coordinates":[[[149.12258940127424,-35.2729725],[149.12258881161532,-35.27297070337765],[149.12258720063713,-35.272969388158806],[149.122585,-35.2729689067553],[149.12258279936285,-35.272969388158806],[149.12258118838466,-35.27297070337765],[149.12258059872573,-35.2729725],[149.12258118838466,-35.27297429662235],[149.12258279936285,-35.2729756118412],[149.122585,-35.2729760932447],[149.12258720063713,-35.2729756118412],[149.12258881161532,-35.27297429662235],[149.12258940127424,-35.2729725]]]}},{"type":"Feature","id":"12418240904:crown","properties":{"part":"crown","base":2.5,"height":5.5,"osmId":12418240904},"geometry":{"type":"Polygon","coordinates":[[[149.1226235111498,-35.2729725],[149.12261835163406,-35.27295677955444],[149.12260425557488,-35.27294527138957],[149.122585,-35.272941059108874],[149.1225657444251,-35.27294527138957],[149.1225516483659,-35.27295677955444],[149.12254648885016,-35.2729725],[149.1225516483659,-35.27298822044556],[149.1225657444251,-35.272999728610436],[149.122585,-35.27300394089113],[149.12260425557488,-35.272999728610436],[149.12261835163406,-35.27298822044556],[149.1226235111498,-35.2729725]]]}},{"type":"Feature","id":"12418240904:top","properties":{"part":"top","base":5.5,"height":7,"osmId":12418240904},"geometry":{"type":"Polygon","coordinates":[[[149.1226114076456,-35.2729725],[149.12260786969193,-35.272961720265904],[149.12259820382278,-35.27295382895285],[149.122585,-35.2729509405318],[149.1225717961772,-35.27295382895285],[149.12256213030804,-35.272961720265904],[149.12255859235438,-35.2729725],[149.12256213030804,-35.2729832797341],[149.1225717961772,-35.27299117104715],[149.122585,-35.2729940594682],[149.12259820382278,-35.27299117104715],[149.12260786969193,-35.2729832797341],[149.1226114076456,-35.2729725]]]}},{"type":"Feature","id":"12418240905:trunk","properties":{"part":"trunk","base":0,"height":3,"osmId":12418240905},"geometry":{"type":"Polygon","coordinates":[[[149.12252720127773,-35.2730363],[149.12252661161833,-35.27303450337765],[149.1225250006389,-35.273033188158806],[149.1225228,-35.2730327067553],[149.12252059936114,-35.273033188158806],[149.1225189883817,-35.27303450337765],[149.1225183987223,-35.2730363],[149.1225189883817,-35.27303809662235],[149.12252059936114,-35.2730394118412],[149.1225228,-35.2730398932447],[149.1225250006389,-35.2730394118412],[149.12252661161833,-35.27303809662235],[149.12252720127773,-35.2730363]]]}},{"type":"Feature","id":"12418240905:crown","properties":{"part":"crown","base":2.5,"height":5.5,"osmId":12418240905},"geometry":{"type":"Polygon","coordinates":[[[149.12256131118016,-35.2730363],[149.12255615166035,-35.27302057955444],[149.1225420555901,-35.273009071389566],[149.1225228,-35.27300485910887],[149.12250354440994,-35.273009071389566],[149.12248944833968,-35.27302057955444],[149.12248428881986,-35.2730363],[149.12248944833968,-35.27305202044556],[149.12250354440994,-35.273063528610436],[149.1225228,-35.27306774089113],[149.1225420555901,-35.273063528610436],[149.12255615166035,-35.27305202044556],[149.12256131118016,-35.2730363]]]}},{"type":"Feature","id":"12418240905:top","properties":{"part":"top","base":5.5,"height":7,"osmId":12418240905},"geometry":{"type":"Polygon","coordinates":[[[149.1225492076664,-35.2730363],[149.12254566970995,-35.273025520265904],[149.1225360038332,-35.27301762895285],[149.1225228,-35.2730147405318],[149.12250959616682,-35.27301762895285],[149.12249993029008,-35.273025520265904],[149.12249639233363,-35.2730363],[149.12249993029008,-35.2730470797341],[149.12250959616682,-35.27305497104715],[149.1225228,-35.2730578594682],[149.1225360038332,-35.27305497104715],[149.12254566970995,-35.2730470797341],[149.1225492076664,-35.2730363]]]}},{"type":"Feature","id":"12418240906:trunk","properties":{"part":"trunk","base":0,"height":3,"osmId":12418240906},"geometry":{"type":"Polygon","coordinates":[[[149.12270230127942,-35.2730676],[149.12270171161978,-35.27306580337765],[149.12270010063972,-35.2730644881588],[149.1226979,-35.2730640067553],[149.12269569936026,-35.2730644881588],[149.1226940883802,-35.27306580337765],[149.12269349872057,-35.2730676],[149.1226940883802,-35.27306939662235],[149.12269569936026,-35.27307071184119],[149.1226979,-35.2730711932447],[149.12270010063972,-35.27307071184119],[149.12270171161978,-35.27306939662235],[149.12270230127942,-35.2730676]]]}},{"type":"Feature","id":"12418240906:crown","properties":{"part":"crown","base":2.5,"height":5.5,"osmId":12418240906},"geometry":{"type":"Polygon","coordinates":[[[149.12273641119504,-35.2730676],[149.12273125167323,-35.27305187955444],[149.1227171555975,-35.27304037138956],[149.1226979,-35.27303615910887],[149.12267864440247,-35.27304037138956],[149.12266454832675,-35.27305187955444],[149.12265938880495,-35.2730676],[149.12266454832675,-35.27308332044556],[149.12267864440247,-35.27309482861043],[149.1226979,-35.273099040891125],[149.1227171555975,-35.27309482861043],[149.12273125167323,-35.27308332044556],[149.12273641119504,-35.2730676]]]}},{"type":"Feature","id":"12418240906:top","properties":{"part":"top","base":5.5,"height":7,"osmId":12418240906},"geometry":{"type":"Polygon","coordinates":[[[149.12272430767658,-35.2730676],[149.12272076971877,-35.2730568202659],[149.1227111038383,-35.273048928952846],[149.1226979,-35.273046040531796],[149.12268469616168,-35.273048928952846],[149.12267503028121,-35.2730568202659],[149.1226714923234,-35.2730676],[149.12267503028121,-35.273078379734095],[149.12268469616168,-35.27308627104715],[149.1226979,-35.2730891594682],[149.1227111038383,-35.27308627104715],[149.12272076971877,-35.273078379734095],[149.12272430767658,-35.2730676]]]}},{"type":"Feature","id":"12418240907:trunk","properties":{"part":"trunk","base":0,"height":3,"osmId":12418240907},"geometry":{"type":"Polygon","coordinates":[[[149.12281650128034,-35.2730842],[149.1228159116206,-35.27308240337765],[149.12281430064016,-35.273081088158804],[149.1228121,-35.2730806067553],[149.12280989935985,-35.273081088158804],[149.12280828837942,-35.27308240337765],[149.12280769871967,-35.2730842],[149.12280828837942,-35.27308599662235],[149.12280989935985,-35.273087311841195],[149.1228121,-35.2730877932447],[149.12281430064016,-35.273087311841195],[149.1228159116206,-35.27308599662235],[149.12281650128034,-35.2730842]]]}},{"type":"Feature","id":"12418240907:crown","properties":{"part":"crown","base":2.5,"height":5.5,"osmId":12418240907},"geometry":{"type":"Polygon","coordinates":[[[149.12285061120292,-35.2730842],[149.12284545168006,-35.27306847955444],[149.12283135560148,-35.273056971389565],[149.1228121,-35.27305275910887],[149.12279284439853,-35.273056971389565],[149.12277874831994,-35.27306847955444],[149.1227735887971,-35.2730842],[149.12277874831994,-35.27309992044556],[149.12279284439853,-35.273111428610434],[149.1228121,-35.27311564089113],[149.12283135560148,-35.273111428610434],[149.12284545168006,-35.27309992044556],[149.12285061120292,-35.2730842]]]}},{"type":"Feature","id":"12418240907:top","properties":{"part":"top","base":5.5,"height":7,"osmId":12418240907},"geometry":{"type":"Polygon","coordinates":[[[149.12283850768202,-35.2730842],[149.12283496972347,-35.2730734202659],[149.122825303841,-35.27306552895285],[149.1228121,-35.2730626405318],[149.122798896159,-35.27306552895285],[149.12278923027654,-35.2730734202659],[149.122785692318,-35.2730842],[149.12278923027654,-35.2730949797341],[149.122798896159,-35.27310287104715],[149.1228121,-35.2731057594682],[149.122825303841,-35.27310287104715],[149.12283496972347,-35.2730949797341],[149.12283850768202,-35.2730842]]]}},{"type":"Feature","id":"12418240908:trunk","properties":{"part":"trunk","base":0,"height":3,"osmId":12418240908},"geometry":{"type":"Polygon","coordinates":[[[149.1228282012746,-35.2729783],[149.12282761161558,-35.27297650337765],[149.12282600063728,-35.2729751881588],[149.1228238,-35.2729747067553],[149.1228215993627,-35.2729751881588],[149.1228199883844,-35.27297650337765],[149.1228193987254,-35.2729783],[149.1228199883844,-35.27298009662235],[149.1228215993627,-35.272981411841194],[149.1228238,-35.2729818932447],[149.12282600063728,-35.272981411841194],[149.12282761161558,-35.27298009662235],[149.1228282012746,-35.2729783]]]}},{"type":"Feature","id":"12418240908:crown","properties":{"part":"crown","base":2.5,"height":5.5,"osmId":12418240908},"geometry":{"type":"Polygon","coordinates":[[[149.12286231115257,-35.2729783],[149.12285715163645,-35.27296257955444],[149.12284305557628,-35.27295107138956],[149.1228238,-35.27294685910887],[149.1228045444237,-35.27295107138956],[149.12279044836353,-35.27296257955444],[149.1227852888474,-35.2729783],[149.12279044836353,-35.27299402044556],[149.1228045444237,-35.27300552861043],[149.1228238,-35.273009740891126],[149.12284305557628,-35.27300552861043],[149.12285715163645,-35.27299402044556],[149.12286231115257,-35.2729783]]]}},{"type":"Feature","id":"12418240908:top","properties":{"part":"top","base":5.5,"height":7,"osmId":12418240908},"geometry":{"type":"Polygon","coordinates":[[[149.12285020764747,-35.2729783],[149.12284666969356,-35.2729675202659],[149.12283700382375,-35.27295962895285],[149.1228238,-35.2729567405318],[149.12281059617624,-35.27295962895285],[149.12280093030643,-35.2729675202659],[149.1227973923525,-35.2729783],[149.12280093030643,-35.272989079734096],[149.12281059617624,-35.27299697104715],[149.1228238,-35.2729998594682],[149.12283700382375,-35.27299697104715],[149.12284666969356,-35.272989079734096],[149.12285020764747,-35.2729783]]]}},{"type":"Feature","id":"12418240909:trunk","properties":{"part":"trunk","base":0,"height":3,"osmId":12418240909},"geometry":{"type":"Polygon","coordinates":[[[149.12294250126786,-35.2728548],[149.1229419116098,-35.27285300337765],[149.12294030063393,-35.2728516881588],[149.1229381,-35.2728512067553],[149.12293589936607,-35.2728516881588],[149.1229342883902,-35.27285300337765],[149.12293369873214,-35.2728548],[149.1229342883902,-35.27285659662235],[149.12293589936607,-35.27285791184119],[149.1229381,-35.2728583932447],[149.12294030063393,-35.27285791184119],[149.1229419116098,-35.27285659662235],[149.12294250126786,-35.2728548]]]}},{"type":"Feature","id":"12418240909:crown","properties":{"part":"crown","base":2.5,"height":5.5,"osmId":12418240909},"geometry":{"type":"Polygon","coordinates":[[[149.12297661109386,-35.2728548],[149.1229714515856,-35.27283907955444],[149.12295735554693,-35.27282757138956],[149.1229381,-35.27282335910887],[149.12291884445307,-35.27282757138956],[149.12290474841438,-35.27283907955444],[149.12289958890614,-35.2728548],[149.12290474841438,-35.27287052044556],[149.12291884445307,-35.27288202861043],[149.1229381,-35.272886240891125],[149.12295735554693,-35.27288202861043],[149.1229714515856,-35.27287052044556],[149.12297661109386,-35.2728548]]]}},{"type":"Feature","id":"12418240909:top","properties":{"part":"top","base":5.5,"height":7,"osmId":12418240909},"geometry":{"type":"Polygon","coordinates":[[[149.1229645076072,-35.2728548],[149.12296096965872,-35.2728440202659],[149.1229513038036,-35.27283612895285],[149.1229381,-35.272833240531796],[149.1229248961964,-35.27283612895285],[149.12291523034128,-35.2728440202659],[149.1229116923928,-35.2728548],[149.12291523034128,-35.272865579734095],[149.1229248961964,-35.27287347104715],[149.1229381,-35.2728763594682],[149.1229513038036,-35.27287347104715],[149.12296096965872,-35.272865579734095],[149.1229645076072,-35.2728548]]]}},{"type":"Feature","id":"12418240910:trunk","properties":{"part":"trunk","base":0,"height":3,"osmId":12418240910},"geometry":{"type":"Polygon","coordinates":[[[149.12299810126487,-35.2727994],[149.12299751160717,-35.27279760337765],[149.12299590063242,-35.2727962881588],[149.1229937,-35.2727958067553],[149.12299149936757,-35.2727962881588],[149.12298988839282,-35.27279760337765],[149.12298929873512,-35.2727994],[149.12298988839282,-35.272801196622346],[149.12299149936757,-35.27280251184119],[149.1229937,-35.272802993244696],[149.12299590063242,-35.27280251184119],[149.12299751160717,-35.272801196622346],[149.12299810126487,-35.2727994]]]}},{"type":"Feature","id":"12418240910:crown","properties":{"part":"crown","base":2.5,"height":5.5,"osmId":12418240910},"geometry":{"type":"Polygon","coordinates":[[[149.1230322110675,-35.2727994],[149.1230270515628,-35.272783679554436],[149.12301295553377,-35.27277217138956],[149.1229937,-35.27276795910887],[149.12297444446622,-35.27277217138956],[149.1229603484372,-35.272783679554436],[149.12295518893248,-35.2727994],[149.1229603484372,-35.27281512044556],[149.12297444446622,-35.27282662861043],[149.1229937,-35.272830840891125],[149.12301295553377,-35.27282662861043],[149.1230270515628,-35.27281512044556],[149.1230322110675,-35.2727994]]]}},{"type":"Feature","id":"12418240910:top","properties":{"part":"top","base":5.5,"height":7,"osmId":12418240910},"geometry":{"type":"Polygon","coordinates":[[[149.12302010758916,-35.2727994],[149.12301656964306,-35.2727886202659],[149.1230069037946,-35.272780728952846],[149.1229937,-35.272777840531795],[149.1229804962054,-35.272780728952846],[149.12297083035693,-35.2727886202659],[149.12296729241083,-35.2727994],[149.12297083035693,-35.272810179734094],[149.1229804962054,-35.27281807104715],[149.1229937,-35.2728209594682],[149.1230069037946,-35.27281807104715],[149.12301656964306,-35.272810179734094],[149.12302010758916,-35.2727994]]]}},{"type":"Feature","id":"12418240911:trunk","properties":{"part":"trunk","base":0,"height":3,"osmId":12418240911},"geometry":{"type":"Polygon","coordinates":[[[149.12295710125946,-35.2726998],[149.1229565116025,-35.27269800337765],[149.12295490062974,-35.2726966881588],[149.1229527,-35.2726962067553],[149.1229504993703,-35.2726966881588],[149.12294888839753,-35.27269800337765],[149.12294829874057,-35.2726998],[149.12294888839753,-35.27270159662235],[149.1229504993703,-35.27270291184119],[149.1229527,-35.2727033932447],[149.12295490062974,-35.27270291184119],[149.1229565116025,-35.27270159662235],[149.12295710125946,-35.2726998]]]}},{"type":"Feature","id":"12418240911:crown","properties":{"part":"crown","base":2.5,"height":5.5,"osmId":12418240911},"geometry":{"type":"Polygon","coordinates":[[[149.12299121102018,-35.2726998],[149.12298605152182,-35.27268407955444],[149.1229719555101,-35.27267257138956],[149.1229527,-35.27266835910887],[149.12293344448992,-35.27267257138956],[149.1229193484782,-35.27268407955444],[149.12291418897985,-35.2726998],[149.1229193484782,-35.27271552044556],[149.12293344448992,-35.27272702861043],[149.1229527,-35.272731240891126],[149.1229719555101,-35.27272702861043],[149.12298605152182,-35.27271552044556],[149.12299121102018,-35.2726998]]]}},{"type":"Feature","id":"12418240911:top","properties":{"part":"top","base":5.5,"height":7,"osmId":12418240911},"geometry":{"type":"Polygon","coordinates":[[[149.12297910755672,-35.2726998],[149.12297556961497,-35.2726890202659],[149.12296590377835,-35.27268112895285],[149.1229527,-35.272678240531796],[149.12293949622168,-35.27268112895285],[149.12292983038506,-35.2726890202659],[149.1229262924433,-35.2726998],[149.12292983038506,-35.272710579734095],[149.12293949622168,-35.27271847104715],[149.1229527,-35.2727213594682],[149.12296590377835,-35.27271847104715],[149.12297556961497,-35.272710579734095],[149.12297910755672,-35.2726998]]]}},{"type":"Feature","id":"12418240912:trunk","properties":{"part":"trunk","base":0,"height":3,"osmId":12418240912},"geometry":{"type":"Polygon","coordinates":[[[149.12302090125957,-35.2727018],[149.1230203116026,-35.27270000337765],[149.12301870062979,-35.272698688158805],[149.1230165,-35.2726982067553],[149.12301429937023,-35.272698688158805],[149.1230126883974,-35.27270000337765],[149.12301209874045,-35.2727018],[149.1230126883974,-35.27270359662235],[149.12301429937023,-35.272704911841195],[149.1230165,-35.2727053932447],[149.12301870062979,-35.272704911841195],[149.1230203116026,-35.27270359662235],[149.12302090125957,-35.2727018]]]}},{"type":"Feature","id":"12418240912:crown","properties":{"part":"crown","base":2.5,"height":5.5,"osmId":12418240912},"geometry":{"type":"Polygon","coordinates":[[[149.12305501102114,-35.2727018],[149.12304985152264,-35.27268607955444],[149.12303575551056,-35.272674571389565],[149.1230165,-35.27267035910887],[149.12299724448945,-35.272674571389565],[149.12298314847737,-35.27268607955444],[149.12297798897887,-35.2727018],[149.12298314847737,-35.27271752044556],[149.12299724448945,-35.272729028610435],[149.1230165,-35.27273324089113],[149.12303575551056,-35.272729028610435],[149.12304985152264,-35.27271752044556],[149.12305501102114,-35.2727018]]]}},{"type":"Feature","id":"12418240912:top","properties":{"part":"top","base":5.5,"height":7,"osmId":12418240912},"geometry":{"type":"Polygon","coordinates":[[[149.12304290755736,-35.2727018],[149.12303936961553,-35.2726910202659],[149.12302970377868,-35.27268312895285],[149.1230165,-35.2726802405318],[149.12300329622133,-35.27268312895285],[149.12299363038449,-35.2726910202659],[149.12299009244265,-35.2727018],[149.12299363038449,-35.2727125797341],[149.12300329622133,-35.27272047104715],[149.1230165,-35.2727233594682],[149.12302970377868,-35.27272047104715],[149.12303936961553,-35.2727125797341],[149.12304290755736,-35.2727018]]]}},{"type":"Feature","id":"12418240913:trunk","properties":{"part":"trunk","base":0,"height":3,"osmId":12418240913},"geometry":{"type":"Polygon","coordinates":[[[149.12307320125709,-35.2726563],[149.12307261160043,-35.27265450337765],[149.12307100062853,-35.272653188158806],[149.1230688,-35.2726527067553],[149.12306659937147,-35.272653188158806],[149.12306498839956,-35.27265450337765],[149.1230643987429,-35.2726563],[149.12306498839956,-35.27265809662235],[149.12306659937147,-35.2726594118412],[149.1230688,-35.2726598932447],[149.12307100062853,-35.2726594118412],[149.12307261160043,-35.27265809662235],[149.12307320125709,-35.2726563]]]}},{"type":"Feature","id":"12418240913:crown","properties":{"part":"crown","base":2.5,"height":5.5,"osmId":12418240913},"geometry":{"type":"Polygon","coordinates":[[[149.1231073109995,-35.2726563],[149.12310215150387,-35.27264057955444],[149.12308805549975,-35.27262907138957],[149.1230688,-35.27262485910887],[149.12304954450025,-35.27262907138957],[149.12303544849613,-35.27264057955444],[149.1230302890005,-35.2726563],[149.12303544849613,-35.27267202044556],[149.12304954450025,-35.272683528610436],[149.1230688,-35.27268774089113],[149.12308805549975,-35.272683528610436],[149.12310215150387,-35.27267202044556],[149.1231073109995,-35.2726563]]]}},{"type":"Feature","id":"12418240913:top","properties":{"part":"top","base":5.5,"height":7,"osmId":12418240913},"geometry":{"type":"Polygon","coordinates":[[[149.12309520754252,-35.2726563],[149.12309166960267,-35.272645520265904],[149.12308200377126,-35.27263762895285],[149.1230688,-35.2726347405318],[149.12305559622874,-35.27263762895285],[149.12304593039732,-35.272645520265904],[149.12304239245748,-35.2726563],[149.12304593039732,-35.2726670797341],[149.12305559622874,-35.27267497104715],[149.1230688,-35.2726778594682],[149.12308200377126,-35.27267497104715],[149.12309166960267,-35.2726670797341],[149.12309520754252,-35.2726563]]]}},{"type":"Feature","id":"12418240914:trunk","properties":{"part":"trunk","base":0,"height":3,"osmId":12418240914},"geometry":{"type":"Polygon","coordinates":[[[149.1231537012545,-35.2726089],[149.1231531115982,-35.27260710337765],[149.12315150062724,-35.272605788158806],[149.1231493,-35.2726053067553],[149.12314709937274,-35.272605788158806],[149.12314548840178,-35.27260710337765],[149.1231448987455,-35.2726089],[149.12314548840178,-35.27261069662235],[149.12314709937274,-35.2726120118412],[149.1231493,-35.2726124932447],[149.12315150062724,-35.2726120118412],[149.1231531115982,-35.27261069662235],[149.1231537012545,-35.2726089]]]}},{"type":"Feature","id":"12418240914:crown","properties":{"part":"crown","base":2.5,"height":5.5,"osmId":12418240914},"geometry":{"type":"Polygon","coordinates":[[[149.12318781097696,-35.2726089],[149.12318265148437,-35.27259317955444],[149.12316855548846,-35.27258167138957],[149.1231493,-35.272577459108874],[149.12313004451153,-35.27258167138957],[149.12311594851562,-35.27259317955444],[149.12311078902303,-35.2726089],[149.12311594851562,-35.27262462044556],[149.12313004451153,-35.272636128610436],[149.1231493,-35.27264034089113],[149.12316855548846,-35.272636128610436],[149.12318265148437,-35.27262462044556],[149.12318781097696,-35.2726089]]]}},{"type":"Feature","id":"12418240914:top","properties":{"part":"top","base":5.5,"height":7,"osmId":12418240914},"geometry":{"type":"Polygon","coordinates":[[[149.12317570752705,-35.2726089],[149.12317216958928,-35.272598120265904],[149.12316250376352,-35.27259022895285],[149.1231493,-35.2725873405318],[149.12313609623646,-35.27259022895285],[149.1231264304107,-35.272598120265904],[149.12312289247294,-35.2726089],[149.1231264304107,-35.2726196797341],[149.12313609623646,-35.27262757104715],[149.1231493,-35.2726304594682],[149.12316250376352,-35.27262757104715],[149.12317216958928,-35.2726196797341],[149.12317570752705,-35.2726089]]]}},{"type":"Feature","id":"12418240915:trunk","properties":{"part":"trunk","base":0,"height":3,"osmId":12418240915},"geometry":{"type":"Polygon","coordinates":[[[149.12270230126512,-35.2728042],[149.1227017116074,-35.27280240337765],[149.12270010063256,-35.27280108815881],[149.1226979,-35.272800606755304],[149.12269569936743,-35.27280108815881],[149.1226940883926,-35.27280240337765],[149.12269349873486,-35.2728042],[149.1226940883926,-35.27280599662235],[149.12269569936743,-35.2728073118412],[149.1226979,-35.2728077932447],[149.12270010063256,-35.2728073118412],[149.1227017116074,-35.27280599662235],[149.12270230126512,-35.2728042]]]}},{"type":"Feature","id":"12418240915:crown","properties":{"part":"crown","base":2.5,"height":5.5,"osmId":12418240915},"geometry":{"type":"Polygon","coordinates":[[[149.1227364110698,-35.2728042],[149.12273125156477,-35.27278847955444],[149.1227171555349,-35.27277697138957],[149.1226979,-35.272772759108875],[149.12267864446508,-35.27277697138957],[149.1226645484352,-35.27278847955444],[149.12265938893017,-35.2728042],[149.1226645484352,-35.27281992044556],[149.12267864446508,-35.27283142861044],[149.1226979,-35.27283564089113],[149.1227171555349,-35.27283142861044],[149.12273125156477,-35.27281992044556],[149.1227364110698,-35.2728042]]]}},{"type":"Feature","id":"12418240915:top","properties":{"part":"top","base":5.5,"height":7,"osmId":12418240915},"geometry":{"type":"Polygon","coordinates":[[[149.12272430759072,-35.2728042],[149.12272076964442,-35.272793420265906],[149.12271110379535,-35.27278552895285],[149.1226979,-35.2727826405318],[149.12268469620463,-35.27278552895285],[149.12267503035557,-35.272793420265906],[149.12267149240927,-35.2728042],[149.12267503035557,-35.2728149797341],[149.12268469620463,-35.272822871047154],[149.1226979,-35.272825759468205],[149.12271110379535,-35.272822871047154],[149.12272076964442,-35.2728149797341],[149.12272430759072,-35.2728042]]]}},{"type":"Feature","id":"12418240916:trunk","properties":{"part":"trunk","base":0,"height":3,"osmId":12418240916},"geometry":{"type":"Polygon","coordinates":[[[149.12276230126193,-35.2727454],[149.12276171160465,-35.27274360337765],[149.12276010063098,-35.2727422881588],[149.1227579,-35.2727418067553],[149.12275569936904,-35.2727422881588],[149.12275408839537,-35.27274360337765],[149.1227534987381,-35.2727454],[149.12275408839537,-35.27274719662235],[149.12275569936904,-35.27274851184119],[149.1227579,-35.2727489932447],[149.12276010063098,-35.27274851184119],[149.12276171160465,-35.27274719662235],[149.12276230126193,-35.2727454]]]}},{"type":"Feature","id":"12418240916:crown","properties":{"part":"crown","base":2.5,"height":5.5,"osmId":12418240916},"geometry":{"type":"Polygon","coordinates":[[[149.12279641104186,-35.2727454],[149.12279125154058,-35.27272967955444],[149.12277715552094,-35.27271817138956],[149.1227579,-35.27271395910887],[149.12273864447909,-35.27271817138956],[149.12272454845944,-35.27272967955444],[149.12271938895816,-35.2727454],[149.12272454845944,-35.27276112044556],[149.12273864447909,-35.27277262861043],[149.1227579,-35.272776840891126],[149.12277715552094,-35.27277262861043],[149.12279125154058,-35.27276112044556],[149.12279641104186,-35.2727454]]]}},{"type":"Feature","id":"12418240916:top","properties":{"part":"top","base":5.5,"height":7,"osmId":12418240916},"geometry":{"type":"Polygon","coordinates":[[[149.12278430757158,-35.2727454],[149.12278076962784,-35.2727346202659],[149.1227711037858,-35.27272672895285],[149.1227579,-35.272723840531796],[149.12274469621423,-35.27272672895285],[149.12273503037218,-35.2727346202659],[149.12273149242844,-35.2727454],[149.12273503037218,-35.272756179734095],[149.12274469621423,-35.27276407104715],[149.1227579,-35.2727669594682],[149.1227711037858,-35.27276407104715],[149.12278076962784,-35.272756179734095],[149.12278430757158,-35.2727454]]]}},{"type":"Feature","id":"12418240917:trunk","properties":{"part":"trunk","base":0,"height":3,"osmId":12418240917},"geometry":{"type":"Polygon","coordinates":[[[149.12278340125874,-35.2726867],[149.1227828116019,-35.27268490337765],[149.1227812006294,-35.272683588158806],[149.122779,-35.2726831067553],[149.12277679937063,-35.272683588158806],[149.12277518839812,-35.27268490337765],[149.12277459874127,-35.2726867],[149.12277518839812,-35.27268849662235],[149.12277679937063,-35.2726898118412],[149.122779,-35.2726902932447],[149.1227812006294,-35.2726898118412],[149.1227828116019,-35.27268849662235],[149.12278340125874,-35.2726867]]]}},{"type":"Feature","id":"12418240917:crown","properties":{"part":"crown","base":2.5,"height":5.5,"osmId":12418240917},"geometry":{"type":"Polygon","coordinates":[[[149.12281751101395,-35.2726867],[149.12281235151642,-35.27267097955444],[149.12279825550698,-35.27265947138957],[149.122779,-35.27265525910887],[149.12275974449304,-35.27265947138957],[149.1227456484836,-35.27267097955444],[149.12274048898607,-35.2726867],[149.1227456484836,-35.27270242044556],[149.12275974449304,-35.272713928610436],[149.122779,-35.27271814089113],[149.12279825550698,-35.272713928610436],[149.12281235151642,-35.27270242044556],[149.12281751101395,-35.2726867]]]}},{"type":"Feature","id":"12418240917:top","properties":{"part":"top","base":5.5,"height":7,"osmId":12418240917},"geometry":{"type":"Polygon","coordinates":[[[149.12280540755242,-35.2726867],[149.12280186961127,-35.272675920265904],[149.1227922037762,-35.27266802895285],[149.122779,-35.2726651405318],[149.1227657962238,-35.27266802895285],[149.12275613038875,-35.272675920265904],[149.1227525924476,-35.2726867],[149.12275613038875,-35.2726974797341],[149.1227657962238,-35.27270537104715],[149.122779,-35.2727082594682],[149.1227922037762,-35.27270537104715],[149.12280186961127,-35.2726974797341],[149.12280540755242,-35.2726867]]]}},{"type":"Feature","id":"12418240918:trunk","properties":{"part":"trunk","base":0,"height":3,"osmId":12418240918},"geometry":{"type":"Polygon","coordinates":[[[149.12262710125916,-35.2726945],[149.12262651160225,-35.27269270337765],[149.12262490062957,-35.272691388158805],[149.1226227,-35.2726909067553],[149.1226204993704,-35.272691388158805],[149.12261888839774,-35.27269270337765],[149.12261829874083,-35.2726945],[149.12261888839774,-35.27269629662235],[149.1226204993704,-35.272697611841195],[149.1226227,-35.2726980932447],[149.12262490062957,-35.272697611841195],[149.12262651160225,-35.27269629662235],[149.12262710125916,-35.2726945]]]}},{"type":"Feature","id":"12418240918:crown","properties":{"part":"crown","base":2.5,"height":5.5,"osmId":12418240918},"geometry":{"type":"Polygon","coordinates":[[[149.12266121101766,-35.2726945],[149.1226560515196,-35.27267877955444],[149.1226419555088,-35.272667271389565],[149.1226227,-35.27266305910887],[149.12260344449118,-35.272667271389565],[149.12258934848037,-35.27267877955444],[149.12258418898233,-35.2726945],[149.12258934848037,-35.27271022044556],[149.12260344449118,-35.272721728610435],[149.1226227,-35.27272594089113],[149.1226419555088,-35.272721728610435],[149.1226560515196,-35.27271022044556],[149.12266121101766,-35.2726945]]]}},{"type":"Feature","id":"12418240918:top","properties":{"part":"top","base":5.5,"height":7,"osmId":12418240918},"geometry":{"type":"Polygon","coordinates":[[[149.12264910755496,-35.2726945],[149.12264556961344,-35.2726837202659],[149.12263590377748,-35.27267582895285],[149.1226227,-35.2726729405318],[149.1226094962225,-35.27267582895285],[149.12259983038655,-35.2726837202659],[149.12259629244502,-35.2726945],[149.12259983038655,-35.2727052797341],[149.1226094962225,-35.27271317104715],[149.1226227,-35.2727160594682],[149.12263590377748,-35.27271317104715],[149.12264556961344,-35.2727052797341],[149.12264910755496,-35.2726945]]]}},{"type":"Feature","id":"12418240919:trunk","properties":{"part":"trunk","base":0,"height":3,"osmId":12418240919},"geometry":{"type":"Polygon","coordinates":[[[149.122991001249,-35.272508],[149.12299041159346,-35.27250620337765],[149.1229888006245,-35.27250488815881],[149.1229866,-35.2725044067553],[149.12298439937547,-35.27250488815881],[149.12298278840652,-35.27250620337765],[149.12298219875098,-35.272508],[149.12298278840652,-35.27250979662235],[149.12298439937547,-35.2725111118412],[149.1229866,-35.2725115932447],[149.1229888006245,-35.2725111118412],[149.12299041159346,-35.27250979662235],[149.122991001249,-35.272508]]]}},{"type":"Feature","id":"12418240919:crown","properties":{"part":"crown","base":2.5,"height":5.5,"osmId":12418240919},"geometry":{"type":"Polygon","coordinates":[[[149.12302511092898,-35.272508],[149.1230199514428,-35.27249227955444],[149.1230058554645,-35.27248077138957],[149.1229866,-35.272476559108874],[149.12296734453548,-35.27248077138957],[149.12295324855717,-35.27249227955444],[149.122948089071,-35.272508],[149.12295324855717,-35.27252372044556],[149.12296734453548,-35.27253522861044],[149.1229866,-35.27253944089113],[149.1230058554645,-35.27253522861044],[149.1230199514428,-35.27252372044556],[149.12302511092898,-35.272508]]]}},{"type":"Feature","id":"12418240919:top","properties":{"part":"top","base":5.5,"height":7,"osmId":12418240919},"geometry":{"type":"Polygon","coordinates":[[[149.12301300749417,-35.272508],[149.1230094695608,-35.272497220265905],[149.12299980374706,-35.27248932895285],[149.1229866,-35.2724864405318],[149.12297339625292,-35.27248932895285],[149.12296373043918,-35.272497220265905],[149.12296019250581,-35.272508],[149.12296373043918,-35.2725187797341],[149.12297339625292,-35.27252667104715],[149.1229866,-35.272529559468204],[149.12299980374706,-35.27252667104715],[149.1230094695608,-35.2725187797341],[149.12301300749417,-35.272508]]]}},{"type":"Feature","id":"12418240923:trunk","properties":{"part":"trunk","base":0,"height":3,"osmId":12418240923},"geometry":{"type":"Polygon","coordinates":[[[149.12312160125066,-35.2725382],[149.1231210115949,-35.27253640337765],[149.12311940062534,-35.272535088158804],[149.1231172,-35.2725346067553],[149.12311499937465,-35.272535088158804],[149.1231133884051,-35.27253640337765],[149.12311279874933,-35.2725382],[149.1231133884051,-35.27253999662235],[149.12311499937465,-35.272541311841195],[149.1231172,-35.2725417932447],[149.12311940062534,-35.272541311841195],[149.1231210115949,-35.27253999662235],[149.12312160125066,-35.2725382]]]}},{"type":"Feature","id":"12418240923:crown","properties":{"part":"crown","base":2.5,"height":5.5,"osmId":12418240923},"geometry":{"type":"Polygon","coordinates":[[[149.12315571094334,-35.2725382],[149.12315055145527,-35.27252247955444],[149.12313645547167,-35.272510971389565],[149.1231172,-35.27250675910887],[149.12309794452833,-35.272510971389565],[149.12308384854472,-35.27252247955444],[149.12307868905665,-35.2725382],[149.12308384854472,-35.27255392044556],[149.12309794452833,-35.272565428610434],[149.1231172,-35.27256964089113],[149.12313645547167,-35.272565428610434],[149.12315055145527,-35.27255392044556],[149.12315571094334,-35.2725382]]]}},{"type":"Feature","id":"12418240923:top","properties":{"part":"top","base":5.5,"height":7,"osmId":12418240923},"geometry":{"type":"Polygon","coordinates":[[[149.123143607504,-35.2725382],[149.12314006956933,-35.2725274202659],[149.123130403752,-35.27251952895285],[149.1231172,-35.2725166405318],[149.123103996248,-35.27251952895285],[149.12309433043066,-35.2725274202659],[149.123090792496,-35.2725382],[149.12309433043066,-35.2725489797341],[149.123103996248,-35.27255687104715],[149.1231172,-35.2725597594682],[149.123130403752,-35.27255687104715],[149.12314006956933,-35.2725489797341],[149.123143607504,-35.2725382]]]}},{"type":"Feature","id":"12418240940:trunk","properties":{"part":"trunk","base":0,"height":3,"osmId":12418240940},"geometry":{"type":"Polygon","coordinates":[[[149.12464320125002,-35.272526],[149.12464261159434,-35.27252420337765],[149.12464100062502,-35.272522888158804],[149.1246388,-35.2725224067553],[149.124636599375,-35.272522888158804],[149.1246349884057,-35.27252420337765],[149.12463439875,-35.272526],[149.1246349884057,-35.27252779662235],[149.124636599375,-35.272529111841195],[149.1246388,-35.2725295932447],[149.12464100062502,-35.272529111841195],[149.12464261159434,-35.27252779662235],[149.12464320125002,-35.272526]]]}},{"type":"Feature","id":"12418240940:crown","properties":{"part":"crown","base":2.5,"height":5.5,"osmId":12418240940},"geometry":{"type":"Polygon","coordinates":[[[149.12467731093756,-35.272526],[149.12467215145026,-35.27251027955444],[149.12465805546879,-35.272498771389564],[149.1246388,-35.27249455910887],[149.12461954453124,-35.272498771389564],[149.12460544854977,-35.27251027955444],[149.12460028906247,-35.272526],[149.12460544854977,-35.27254172044556],[149.12461954453124,-35.272553228610434],[149.1246388,-35.27255744089113],[149.12465805546879,-35.272553228610434],[149.12467215145026,-35.27254172044556],[149.12467731093756,-35.272526]]]}},{"type":"Feature","id":"12418240940:top","properties":{"part":"top","base":5.5,"height":7,"osmId":12418240940},"geometry":{"type":"Polygon","coordinates":[[[149.12466520750004,-35.272526],[149.12466166956588,-35.2725152202659],[149.12465200375004,-35.27250732895285],[149.1246388,-35.2725044405318],[149.12462559624998,-35.27250732895285],[149.12461593043415,-35.2725152202659],[149.12461239249998,-35.272526],[149.12461593043415,-35.2725367797341],[149.12462559624998,-35.27254467104715],[149.1246388,-35.2725475594682],[149.12465200375004,-35.27254467104715],[149.12466166956588,-35.2725367797341],[149.12466520750004,-35.272526]]]}},{"type":"Feature","id":"12418240941:trunk","properties":{"part":"trunk","base":0,"height":3,"osmId":12418240941},"geometry":{"type":"Polygon","coordinates":[[[149.1247846012516,-35.2725552],[149.1247840115957,-35.27255340337765],[149.1247824006258,-35.272552088158804],[149.1247802,-35.2725516067553],[149.1247779993742,-35.272552088158804],[149.1247763884043,-35.27255340337765],[149.1247757987484,-35.2725552],[149.1247763884043,-35.27255699662235],[149.1247779993742,-35.272558311841195],[149.1247802,-35.2725587932447],[149.1247824006258,-35.272558311841195],[149.1247840115957,-35.27255699662235],[149.1247846012516,-35.2725552]]]}},{"type":"Feature","id":"12418240941:crown","properties":{"part":"crown","base":2.5,"height":5.5,"osmId":12418240941},"geometry":{"type":"Polygon","coordinates":[[[149.12481871095144,-35.2725552],[149.12481355146227,-35.27253947955444],[149.1247994554757,-35.272527971389565],[149.1247802,-35.27252375910887],[149.1247609445243,-35.272527971389565],[149.12474684853774,-35.27253947955444],[149.12474168904856,-35.2725552],[149.12474684853774,-35.27257092044556],[149.1247609445243,-35.272582428610434],[149.1247802,-35.27258664089113],[149.1247994554757,-35.272582428610434],[149.12481355146227,-35.27257092044556],[149.12481871095144,-35.2725552]]]}},{"type":"Feature","id":"12418240941:top","properties":{"part":"top","base":5.5,"height":7,"osmId":12418240941},"geometry":{"type":"Polygon","coordinates":[[[149.12480660750956,-35.2725552],[149.1248030695741,-35.2725444202659],[149.12479340375478,-35.27253652895285],[149.1247802,-35.2725336405318],[149.12476699624523,-35.27253652895285],[149.1247573304259,-35.2725444202659],[149.12475379249045,-35.2725552],[149.1247573304259,-35.2725659797341],[149.12476699624523,-35.27257387104715],[149.1247802,-35.2725767594682],[149.12479340375478,-35.27257387104715],[149.1248030695741,-35.2725659797341],[149.12480660750956,-35.2725552]]]}},{"type":"Feature","id":"12418240943:trunk","properties":{"part":"trunk","base":0,"height":3,"osmId":12418240943},"geometry":{"type":"Polygon","coordinates":[[[149.12503660125114,-35.2725468],[149.12503601159528,-35.27254500337765],[149.12503440062557,-35.272543688158805],[149.1250322,-35.2725432067553],[149.12502999937442,-35.272543688158805],[149.1250283884047,-35.27254500337765],[149.12502779874885,-35.2725468],[149.1250283884047,-35.27254859662235],[149.12502999937442,-35.272549911841196],[149.1250322,-35.2725503932447],[149.12503440062557,-35.272549911841196],[149.12503601159528,-35.27254859662235],[149.12503660125114,-35.2725468]]]}},{"type":"Feature","id":"12418240943:crown","properties":{"part":"crown","base":2.5,"height":5.5,"osmId":12418240943},"geometry":{"type":"Polygon","coordinates":[[[149.12507071094743,-35.2725468],[149.1250655514588,-35.27253107955444],[149.1250514554737,-35.272519571389566],[149.1250322,-35.27251535910887],[149.12501294452628,-35.272519571389566],[149.1249988485412,-35.27253107955444],[149.12499368905256,-35.2725468],[149.1249988485412,-35.27256252044556],[149.12501294452628,-35.272574028610435],[149.1250322,-35.27257824089113],[149.1250514554737,-35.272574028610435],[149.1250655514588,-35.27256252044556],[149.12507071094743,-35.2725468]]]}},{"type":"Feature","id":"12418240943:top","properties":{"part":"top","base":5.5,"height":7,"osmId":12418240943},"geometry":{"type":"Polygon","coordinates":[[[149.12505860750682,-35.2725468],[149.12505506957174,-35.2725360202659],[149.1250454037534,-35.27252812895285],[149.1250322,-35.2725252405318],[149.12501899624658,-35.27252812895285],[149.12500933042824,-35.2725360202659],[149.12500579249317,-35.2725468],[149.12500933042824,-35.2725575797341],[149.12501899624658,-35.27256547104715],[149.1250322,-35.2725683594682],[149.1250454037534,-35.27256547104715],[149.12505506957174,-35.2725575797341],[149.12505860750682,-35.2725468]]]}},{"type":"Feature","id":"12418240945:trunk","properties":{"part":"trunk","base":0,"height":3,"osmId":12418240945},"geometry":{"type":"Polygon","coordinates":[[[149.12495270125416,-35.2726023],[149.1249521115979,-35.27260050337765],[149.12495050062708,-35.27259918815881],[149.1249483,-35.2725987067553],[149.12494609937292,-35.27259918815881],[149.1249444884021,-35.27260050337765],[149.12494389874584,-35.2726023],[149.1249444884021,-35.27260409662235],[149.12494609937292,-35.2726054118412],[149.1249483,-35.2726058932447],[149.12495050062708,-35.2726054118412],[149.1249521115979,-35.27260409662235],[149.12495270125416,-35.2726023]]]}},{"type":"Feature","id":"12418240945:crown","properties":{"part":"crown","base":2.5,"height":5.5,"osmId":12418240945},"geometry":{"type":"Polygon","coordinates":[[[149.1249868109738,-35.2726023],[149.12498165148165,-35.27258657955444],[149.1249675554869,-35.27257507138957],[149.1249483,-35.272570859108875],[149.1249290445131,-35.27257507138957],[149.12491494851835,-35.27258657955444],[149.1249097890262,-35.2726023],[149.12491494851835,-35.27261802044556],[149.1249290445131,-35.27262952861044],[149.1249483,-35.27263374089113],[149.1249675554869,-35.27262952861044],[149.12498165148165,-35.27261802044556],[149.1249868109738,-35.2726023]]]}},{"type":"Feature","id":"12418240945:top","properties":{"part":"top","base":5.5,"height":7,"osmId":12418240945},"geometry":{"type":"Polygon","coordinates":[[[149.1249747075249,-35.2726023],[149.1249711695874,-35.272591520265905],[149.12496150376245,-35.27258362895285],[149.1249483,-35.2725807405318],[149.12493509623755,-35.27258362895285],[149.1249254304126,-35.272591520265905],[149.1249218924751,-35.2726023],[149.1249254304126,-35.2726130797341],[149.12493509623755,-35.272620971047154],[149.1249483,-35.272623859468204],[149.12496150376245,-35.272620971047154],[149.1249711695874,-35.2726130797341],[149.1249747075249,-35.2726023]]]}},{"type":"Feature","id":"12418240946:trunk","properties":{"part":"trunk","base":0,"height":3,"osmId":12418240946},"geometry":{"type":"Polygon","coordinates":[[[149.12504570125793,-35.2726718],[149.12504511160117,-35.27267000337765],[149.12504350062895,-35.2726686881588],[149.1250413,-35.2726682067553],[149.12503909937104,-35.2726686881588],[149.12503748839882,-35.27267000337765],[149.12503689874205,-35.2726718],[149.12503748839882,-35.27267359662235],[149.12503909937104,-35.27267491184119],[149.1250413,-35.2726753932447],[149.12504350062895,-35.27267491184119],[149.12504511160117,-35.27267359662235],[149.12504570125793,-35.2726718]]]}},{"type":"Feature","id":"12418240946:crown","properties":{"part":"crown","base":2.5,"height":5.5,"osmId":12418240946},"geometry":{"type":"Polygon","coordinates":[[[149.12507981100686,-35.2726718],[149.12507465151026,-35.27265607955444],[149.1250605555034,-35.27264457138956],[149.1250413,-35.27264035910887],[149.12502204449657,-35.27264457138956],[149.12500794848972,-35.27265607955444],[149.12500278899313,-35.2726718],[149.12500794848972,-35.27268752044556],[149.12502204449657,-35.27269902861043],[149.1250413,-35.272703240891126],[149.1250605555034,-35.27269902861043],[149.12507465151026,-35.27268752044556],[149.12507981100686,-35.2726718]]]}},{"type":"Feature","id":"12418240946:top","properties":{"part":"top","base":5.5,"height":7,"osmId":12418240946},"geometry":{"type":"Polygon","coordinates":[[[149.12506770754754,-35.2726718],[149.12506416960704,-35.2726610202659],[149.12505450377378,-35.27265312895285],[149.1250413,-35.272650240531796],[149.1250280962262,-35.27265312895285],[149.12501843039294,-35.2726610202659],[149.12501489245244,-35.2726718],[149.12501843039294,-35.272682579734095],[149.1250280962262,-35.27269047104715],[149.1250413,-35.2726933594682],[149.12505450377378,-35.27269047104715],[149.12506416960704,-35.272682579734095],[149.12506770754754,-35.2726718]]]}},{"type":"Feature","id":"12418240947:trunk","properties":{"part":"trunk","base":0,"height":3,"osmId":12418240947},"geometry":{"type":"Polygon","coordinates":[[[149.1251146012625,-35.2727562],[149.12511401160515,-35.272754403377654],[149.12511240063125,-35.27275308815881],[149.1251102,-35.272752606755304],[149.12510799936874,-35.27275308815881],[149.12510638839484,-35.272754403377654],[149.12510579873748,-35.2727562],[149.12510638839484,-35.27275799662235],[149.12510799936874,-35.2727593118412],[149.1251102,-35.2727597932447],[149.12511240063125,-35.2727593118412],[149.12511401160515,-35.27275799662235],[149.1251146012625,-35.2727562]]]}},{"type":"Feature","id":"12418240947:crown","properties":{"part":"crown","base":2.5,"height":5.5,"osmId":12418240947},"geometry":{"type":"Polygon","coordinates":[[[149.125148711047,-35.2727562],[149.12514355154502,-35.27274047955444],[149.12512945552348,-35.27272897138957],[149.1251102,-35.272724759108876],[149.1250909444765,-35.27272897138957],[149.12507684845497,-35.27274047955444],[149.125071688953,-35.2727562],[149.12507684845497,-35.272771920445564],[149.1250909444765,-35.27278342861044],[149.1251102,-35.27278764089113],[149.12512945552348,-35.27278342861044],[149.12514355154502,-35.272771920445564],[149.125148711047,-35.2727562]]]}},{"type":"Feature","id":"12418240947:top","properties":{"part":"top","base":5.5,"height":7,"osmId":12418240947},"geometry":{"type":"Polygon","coordinates":[[[149.1251366075751,-35.2727562],[149.12513306963086,-35.272745420265906],[149.12512340378754,-35.27273752895285],[149.1251102,-35.2727346405318],[149.12509699621245,-35.27273752895285],[149.12508733036913,-35.272745420265906],[149.1250837924249,-35.2727562],[149.12508733036913,-35.2727669797341],[149.12509699621245,-35.272774871047154],[149.1251102,-35.272777759468205],[149.12512340378754,-35.272774871047154],[149.12513306963086,-35.2727669797341],[149.1251366075751,-35.2727562]]]}},{"type":"Feature","id":"12418240948:trunk","properties":{"part":"trunk","base":0,"height":3,"osmId":12418240948},"geometry":{"type":"Polygon","coordinates":[[[149.1252103012649,-35.2728],[149.1252097116072,-35.27279820337765],[149.12520810063245,-35.2727968881588],[149.1252059,-35.2727964067553],[149.12520369936755,-35.2727968881588],[149.1252020883928,-35.27279820337765],[149.1252014987351,-35.2728],[149.1252020883928,-35.272801796622346],[149.12520369936755,-35.27280311184119],[149.1252059,-35.272803593244696],[149.12520810063245,-35.27280311184119],[149.1252097116072,-35.272801796622346],[149.1252103012649,-35.2728]]]}},{"type":"Feature","id":"12418240948:crown","properties":{"part":"crown","base":2.5,"height":5.5,"osmId":12418240948},"geometry":{"type":"Polygon","coordinates":[[[149.1252444110678,-35.2728],[149.12523925156304,-35.272784279554436],[149.1252251555339,-35.27277277138956],[149.1252059,-35.27276855910887],[149.12518664446608,-35.27277277138956],[149.12517254843695,-35.272784279554436],[149.1251673889322,-35.2728],[149.12517254843695,-35.27281572044556],[149.12518664446608,-35.27282722861043],[149.1252059,-35.272831440891125],[149.1252251555339,-35.27282722861043],[149.12523925156304,-35.27281572044556],[149.1252444110678,-35.2728]]]}},{"type":"Feature","id":"12418240948:top","properties":{"part":"top","base":5.5,"height":7,"osmId":12418240948},"geometry":{"type":"Polygon","coordinates":[[[149.12523230758936,-35.2728],[149.12522876964323,-35.2727892202659],[149.12521910379468,-35.272781328952846],[149.1252059,-35.272778440531795],[149.12519269620532,-35.272781328952846],[149.12518303035677,-35.2727892202659],[149.12517949241064,-35.2728],[149.12518303035677,-35.272810779734094],[149.12519269620532,-35.27281867104715],[149.1252059,-35.2728215594682],[149.12521910379468,-35.27281867104715],[149.12522876964323,-35.272810779734094],[149.12523230758936,-35.2728]]]}},{"type":"Feature","id":"12418240949:trunk","properties":{"part":"trunk","base":0,"height":3,"osmId":12418240949},"geometry":{"type":"Polygon","coordinates":[[[149.1252103012606,-35.2727212],[149.1252097116035,-35.27271940337765],[149.12520810063032,-35.272718088158804],[149.1252059,-35.2727176067553],[149.12520369936968,-35.272718088158804],[149.1252020883965,-35.27271940337765],[149.1252014987394,-35.2727212],[149.1252020883965,-35.27272299662235],[149.12520369936968,-35.272724311841195],[149.1252059,-35.2727247932447],[149.12520810063032,-35.272724311841195],[149.1252097116035,-35.27272299662235],[149.1252103012606,-35.2727212]]]}},{"type":"Feature","id":"12418240949:crown","properties":{"part":"crown","base":2.5,"height":5.5,"osmId":12418240949},"geometry":{"type":"Polygon","coordinates":[[[149.12524441103034,-35.2727212],[149.12523925153062,-35.27270547955444],[149.12522515551518,-35.272693971389565],[149.1252059,-35.27268975910887],[149.1251866444848,-35.272693971389565],[149.12517254846938,-35.27270547955444],[149.12516738896966,-35.2727212],[149.12517254846938,-35.27273692044556],[149.1251866444848,-35.272748428610434],[149.1252059,-35.27275264089113],[149.12522515551518,-35.272748428610434],[149.12523925153062,-35.27273692044556],[149.12524441103034,-35.2727212]]]}},{"type":"Feature","id":"12418240949:top","properties":{"part":"top","base":5.5,"height":7,"osmId":12418240949},"geometry":{"type":"Polygon","coordinates":[[[149.12523230756366,-35.2727212],[149.12522876962097,-35.2727104202659],[149.12521910378183,-35.27270252895285],[149.1252059,-35.2726996405318],[149.12519269621816,-35.27270252895285],[149.12518303037902,-35.2727104202659],[149.12517949243633,-35.2727212],[149.12518303037902,-35.2727319797341],[149.12519269621816,-35.27273987104715],[149.1252059,-35.2727427594682],[149.12521910378183,-35.27273987104715],[149.12522876962097,-35.2727319797341],[149.12523230756366,-35.2727212]]]}},{"type":"Feature","id":"12418240950:trunk","properties":{"part":"trunk","base":0,"height":3,"osmId":12418240950},"geometry":{"type":"Polygon","coordinates":[[[149.1250343012715,-35.2729222],[149.12503371161296,-35.27292040337765],[149.12503210063576,-35.2729190881588],[149.1250299,-35.2729186067553],[149.1250276993642,-35.2729190881588],[149.12502608838702,-35.27292040337765],[149.12502549872846,-35.2729222],[149.12502608838702,-35.272923996622346],[149.1250276993642,-35.27292531184119],[149.1250299,-35.272925793244696],[149.12503210063576,-35.27292531184119],[149.12503371161296,-35.272923996622346],[149.1250343012715,-35.2729222]]]}},{"type":"Feature","id":"12418240950:crown","properties":{"part":"crown","base":2.5,"height":5.5,"osmId":12418240950},"geometry":{"type":"Polygon","coordinates":[[[149.1250684111259,-35.2729222],[149.12506325161334,-35.272906479554436],[149.12504915556295,-35.27289497138956],[149.1250299,-35.27289075910887],[149.12501064443703,-35.27289497138956],[149.12499654838663,-35.272906479554436],[149.12499138887407,-35.2729222],[149.12499654838663,-35.27293792044556],[149.12501064443703,-35.27294942861043],[149.1250299,-35.272953640891124],[149.12504915556295,-35.27294942861043],[149.12506325161334,-35.27293792044556],[149.1250684111259,-35.2729222]]]}},{"type":"Feature","id":"12418240950:top","properties":{"part":"top","base":5.5,"height":7,"osmId":12418240950},"geometry":{"type":"Polygon","coordinates":[[[149.1250563076292,-35.2729222],[149.12505276967772,-35.2729114202659],[149.1250431038146,-35.272903528952845],[149.1250299,-35.272900640531795],[149.12501669618538,-35.272903528952845],[149.12500703032225,-35.2729114202659],[149.12500349237078,-35.2729222],[149.12500703032225,-35.272932979734094],[149.12501669618538,-35.27294087104715],[149.1250299,-35.2729437594682],[149.1250431038146,-35.27294087104715],[149.12505276967772,-35.272932979734094],[149.1250563076292,-35.2729222]]]}},{"type":"Feature","id":"12418240951:trunk","properties":{"part":"trunk","base":0,"height":3,"osmId":12418240951},"geometry":{"type":"Polygon","coordinates":[[[149.12503430126984,-35.272891],[149.12503371161148,-35.27288920337765],[149.1250321006349,-35.272887888158806],[149.1250299,-35.2728874067553],[149.12502769936506,-35.272887888158806],[149.1250260883885,-35.27288920337765],[149.12502549873014,-35.272891],[149.1250260883885,-35.27289279662235],[149.12502769936506,-35.2728941118412],[149.1250299,-35.2728945932447],[149.1250321006349,-35.2728941118412],[149.12503371161148,-35.27289279662235],[149.12503430126984,-35.272891]]]}},{"type":"Feature","id":"12418240951:crown","properties":{"part":"crown","base":2.5,"height":5.5,"osmId":12418240951},"geometry":{"type":"Polygon","coordinates":[[[149.12506841111107,-35.272891],[149.1250632516005,-35.27287527955444],[149.12504915555553,-35.27286377138957],[149.1250299,-35.27285955910887],[149.12501064444444,-35.27286377138957],[149.12499654839948,-35.27287527955444],[149.1249913888889,-35.272891],[149.12499654839948,-35.27290672044556],[149.12501064444444,-35.272918228610436],[149.1250299,-35.27292244089113],[149.12504915555553,-35.272918228610436],[149.1250632516005,-35.27290672044556],[149.12506841111107,-35.272891]]]}},{"type":"Feature","id":"12418240951:top","properties":{"part":"top","base":5.5,"height":7,"osmId":12418240951},"geometry":{"type":"Polygon","coordinates":[[[149.12505630761902,-35.272891],[149.1250527696689,-35.272880220265904],[149.1250431038095,-35.27287232895285],[149.1250299,-35.2728694405318],[149.12501669619047,-35.27287232895285],[149.12500703033106,-35.272880220265904],[149.12500349238096,-35.272891],[149.12500703033106,-35.2729017797341],[149.12501669619047,-35.27290967104715],[149.1250299,-35.2729125594682],[149.1250431038095,-35.27290967104715],[149.1250527696689,-35.2729017797341],[149.12505630761902,-35.272891]]]}},{"type":"Feature","id":"12418240952:trunk","properties":{"part":"trunk","base":0,"height":3,"osmId":12418240952},"geometry":{"type":"Polygon","coordinates":[[[149.1250696012755,-35.2729953],[149.1250690116164,-35.27299350337765],[149.12506740063776,-35.2729921881588],[149.1250652,-35.2729917067553],[149.12506299936223,-35.2729921881588],[149.12506138838359,-35.27299350337765],[149.1250607987245,-35.2729953],[149.12506138838359,-35.27299709662235],[149.12506299936223,-35.27299841184119],[149.1250652,-35.2729988932447],[149.12506740063776,-35.27299841184119],[149.1250690116164,-35.27299709662235],[149.1250696012755,-35.2729953]]]}},{"type":"Feature","id":"12418240952:crown","properties":{"part":"crown","base":2.5,"height":5.5,"osmId":12418240952},"geometry":{"type":"Polygon","coordinates":[[[149.12510371116065,-35.2729953],[149.12509855164345,-35.27297957955444],[149.12508445558032,-35.27296807138956],[149.1250652,-35.27296385910887],[149.12504594441967,-35.27296807138956],[149.12503184835654,-35.27297957955444],[149.12502668883934,-35.2729953],[149.12503184835654,-35.27301102044556],[149.12504594441967,-35.27302252861043],[149.1250652,-35.273026740891126],[149.12508445558032,-35.27302252861043],[149.12509855164345,-35.27301102044556],[149.12510371116065,-35.2729953]]]}},{"type":"Feature","id":"12418240952:top","properties":{"part":"top","base":5.5,"height":7,"osmId":12418240952},"geometry":{"type":"Polygon","coordinates":[[[149.12509160765302,-35.2729953],[149.12508806969836,-35.2729845202659],[149.1250784038265,-35.27297662895285],[149.1250652,-35.272973740531796],[149.12505199617348,-35.27297662895285],[149.12504233030162,-35.2729845202659],[149.12503879234697,-35.2729953],[149.12504233030162,-35.273006079734095],[149.12505199617348,-35.27301397104715],[149.1250652,-35.2730168594682],[149.1250784038265,-35.27301397104715],[149.12508806969836,-35.273006079734095],[149.12509160765302,-35.2729953]]]}},{"type":"Feature","id":"12418240953:trunk","properties":{"part":"trunk","base":0,"height":3,"osmId":12418240953},"geometry":{"type":"Polygon","coordinates":[[[149.12515240127715,-35.2730256],[149.12515181161783,-35.27302380337765],[149.12515020063856,-35.2730224881588],[149.125148,-35.2730220067553],[149.12514579936143,-35.2730224881588],[149.12514418838217,-35.27302380337765],[149.12514359872284,-35.2730256],[149.12514418838217,-35.273027396622346],[149.12514579936143,-35.27302871184119],[149.125148,-35.273029193244696],[149.12515020063856,-35.27302871184119],[149.12515181161783,-35.273027396622346],[149.12515240127715,-35.2730256]]]}},{"type":"Feature","id":"12418240953:crown","properties":{"part":"crown","base":2.5,"height":5.5,"osmId":12418240953},"geometry":{"type":"Polygon","coordinates":[[[149.12518651117506,-35.2730256],[149.12518135165593,-35.27300987955444],[149.12516725558754,-35.27299837138956],[149.125148,-35.27299415910887],[149.12512874441245,-35.27299837138956],[149.12511464834407,-35.27300987955444],[149.12510948882493,-35.2730256],[149.12511464834407,-35.27304132044556],[149.12512874441245,-35.27305282861043],[149.125148,-35.273057040891125],[149.12516725558754,-35.27305282861043],[149.12518135165593,-35.27304132044556],[149.12518651117506,-35.2730256]]]}},{"type":"Feature","id":"12418240953:top","properties":{"part":"top","base":5.5,"height":7,"osmId":12418240953},"geometry":{"type":"Polygon","coordinates":[[[149.1251744076629,-35.2730256],[149.12517086970692,-35.2730148202659],[149.12516120383145,-35.273006928952846],[149.125148,-35.273004040531795],[149.12513479616854,-35.273006928952846],[149.12512513029307,-35.2730148202659],[149.12512159233708,-35.2730256],[149.12512513029307,-35.273036379734094],[149.12513479616854,-35.27304427104715],[149.125148,-35.2730471594682],[149.12516120383145,-35.27304427104715],[149.12517086970692,-35.273036379734094],[149.1251744076629,-35.2730256]]]}},{"type":"Feature","id":"12418240954:trunk","properties":{"part":"trunk","base":0,"height":3,"osmId":12418240954},"geometry":{"type":"Polygon","coordinates":[[[149.1251414012804,-35.2730851],[149.1251408116206,-35.27308330337765],[149.12513920064018,-35.27308198815881],[149.125137,-35.273081506755304],[149.1251347993598,-35.27308198815881],[149.12513318837938,-35.27308330337765],[149.1251325987196,-35.2730851],[149.12513318837938,-35.27308689662235],[149.1251347993598,-35.2730882118412],[149.125137,-35.2730886932447],[149.12513920064018,-35.2730882118412],[149.1251408116206,-35.27308689662235],[149.1251414012804,-35.2730851]]]}},{"type":"Feature","id":"12418240954:crown","properties":{"part":"crown","base":2.5,"height":5.5,"osmId":12418240954},"geometry":{"type":"Polygon","coordinates":[[[149.12517551120337,-35.2730851],[149.12517035168042,-35.27306937955444],[149.12515625560167,-35.27305787138957],[149.125137,-35.273053659108875],[149.12511774439832,-35.27305787138957],[149.12510364831957,-35.27306937955444],[149.12509848879662,-35.2730851],[149.12510364831957,-35.27310082044556],[149.12511774439832,-35.27311232861044],[149.125137,-35.27311654089113],[149.12515625560167,-35.27311232861044],[149.12517035168042,-35.27310082044556],[149.12517551120337,-35.2730851]]]}},{"type":"Feature","id":"12418240954:top","properties":{"part":"top","base":5.5,"height":7,"osmId":12418240954},"geometry":{"type":"Polygon","coordinates":[[[149.1251634076823,-35.2730851],[149.12515986972372,-35.273074320265906],[149.12515020384114,-35.27306642895285],[149.125137,-35.2730635405318],[149.12512379615885,-35.27306642895285],[149.12511413027627,-35.273074320265906],[149.1251105923177,-35.2730851],[149.12511413027627,-35.2730958797341],[149.12512379615885,-35.273103771047154],[149.125137,-35.273106659468205],[149.12515020384114,-35.273103771047154],[149.12515986972372,-35.2730958797341],[149.1251634076823,-35.2730851]]]}},{"type":"Feature","id":"12418240955:trunk","properties":{"part":"trunk","base":0,"height":3,"osmId":12418240955},"geometry":{"type":"Polygon","coordinates":[[[149.12493370126933,-35.2728818],[149.12493311161106,-35.27288000337765],[149.12493150063466,-35.272878688158805],[149.1249293,-35.2728782067553],[149.12492709936532,-35.272878688158805],[149.12492548838893,-35.27288000337765],[149.12492489873065,-35.2728818],[149.12492548838893,-35.27288359662235],[149.12492709936532,-35.272884911841196],[149.1249293,-35.2728853932447],[149.12493150063466,-35.272884911841196],[149.12493311161106,-35.27288359662235],[149.12493370126933,-35.2728818]]]}},{"type":"Feature","id":"12418240955:crown","properties":{"part":"crown","base":2.5,"height":5.5,"osmId":12418240955},"geometry":{"type":"Polygon","coordinates":[[[149.1249678111067,-35.2728818],[149.12496265159672,-35.27286607955444],[149.12494855555335,-35.272854571389566],[149.1249293,-35.27285035910887],[149.12491004444664,-35.272854571389566],[149.12489594840326,-35.27286607955444],[149.12489078889328,-35.2728818],[149.12489594840326,-35.27289752044556],[149.12491004444664,-35.272909028610435],[149.1249293,-35.27291324089113],[149.12494855555335,-35.272909028610435],[149.12496265159672,-35.27289752044556],[149.1249678111067,-35.2728818]]]}},{"type":"Feature","id":"12418240955:top","properties":{"part":"top","base":5.5,"height":7,"osmId":12418240955},"geometry":{"type":"Polygon","coordinates":[[[149.124955707616,-35.2728818],[149.12495216966633,-35.2728710202659],[149.124942503808,-35.27286312895285],[149.1249293,-35.2728602405318],[149.12491609619198,-35.27286312895285],[149.12490643033365,-35.2728710202659],[149.12490289238397,-35.2728818],[149.12490643033365,-35.2728925797341],[149.12491609619198,-35.27290047104715],[149.1249293,-35.2729033594682],[149.124942503808,-35.27290047104715],[149.12495216966633,-35.2728925797341],[149.124955707616,-35.2728818]]]}},{"type":"Feature","id":"12418240956:trunk","properties":{"part":"trunk","base":0,"height":3,"osmId":12418240956},"geometry":{"type":"Polygon","coordinates":[[[149.12532870126844,-35.2728656],[149.1253281116103,-35.27286380337765],[149.12532650063423,-35.27286248815881],[149.1253243,-35.272862006755304],[149.12532209936575,-35.27286248815881],[149.1253204883897,-35.27286380337765],[149.12531989873153,-35.2728656],[149.1253204883897,-35.27286739662235],[149.12532209936575,-35.2728687118412],[149.1253243,-35.2728691932447],[149.12532650063423,-35.2728687118412],[149.1253281116103,-35.27286739662235],[149.12532870126844,-35.2728656]]]}},{"type":"Feature","id":"12418240956:crown","properties":{"part":"crown","base":2.5,"height":5.5,"osmId":12418240956},"geometry":{"type":"Polygon","coordinates":[[[149.125362811099,-35.2728656],[149.12535765159006,-35.27284987955444],[149.12534355554948,-35.27283837138957],[149.1253243,-35.272834159108875],[149.1253050444505,-35.27283837138957],[149.1252909484099,-35.27284987955444],[149.12528578890098,-35.2728656],[149.1252909484099,-35.27288132044556],[149.1253050444505,-35.27289282861044],[149.1253243,-35.27289704089113],[149.12534355554948,-35.27289282861044],[149.12535765159006,-35.27288132044556],[149.125362811099,-35.2728656]]]}},{"type":"Feature","id":"12418240956:top","properties":{"part":"top","base":5.5,"height":7,"osmId":12418240956},"geometry":{"type":"Polygon","coordinates":[[[149.12535070761072,-35.2728656],[149.12534716966175,-35.272854820265906],[149.12533750380535,-35.27284692895285],[149.1253243,-35.2728440405318],[149.12531109619462,-35.27284692895285],[149.12530143033823,-35.272854820265906],[149.12529789238926,-35.2728656],[149.12530143033823,-35.2728763797341],[149.12531109619462,-35.272884271047154],[149.1253243,-35.272887159468205],[149.12533750380535,-35.272884271047154],[149.12534716966175,-35.2728763797341],[149.12535070761072,-35.2728656]]]}},{"type":"Feature","id":"12418240957:trunk","properties":{"part":"trunk","base":0,"height":3,"osmId":12418240957},"geometry":{"type":"Polygon","coordinates":[[[149.12529490126366,-35.2727771],[149.12529431160613,-35.27277530337765],[149.12529270063183,-35.272773988158804],[149.1252905,-35.2727735067553],[149.12528829936818,-35.272773988158804],[149.12528668839389,-35.27277530337765],[149.12528609873635,-35.2727771],[149.12528668839389,-35.27277889662235],[149.12528829936818,-35.272780211841194],[149.1252905,-35.2727806932447],[149.12529270063183,-35.272780211841194],[149.12529431160613,-35.27277889662235],[149.12529490126366,-35.2727771]]]}},{"type":"Feature","id":"12418240957:crown","properties":{"part":"crown","base":2.5,"height":5.5,"osmId":12418240957},"geometry":{"type":"Polygon","coordinates":[[[149.12532901105692,-35.2727771],[149.12532385155362,-35.27276137955444],[149.12530975552846,-35.272749871389564],[149.1252905,-35.27274565910887],[149.12527124447155,-35.272749871389564],[149.1252571484464,-35.27276137955444],[149.1252519889431,-35.2727771],[149.1252571484464,-35.27279282044556],[149.12527124447155,-35.272804328610434],[149.1252905,-35.27280854089113],[149.12530975552846,-35.272804328610434],[149.12532385155362,-35.27279282044556],[149.12532901105692,-35.2727771]]]}},{"type":"Feature","id":"12418240957:top","properties":{"part":"top","base":5.5,"height":7,"osmId":12418240957},"geometry":{"type":"Polygon","coordinates":[[[149.1253169075819,-35.2727771],[149.12531336963679,-35.2727663202659],[149.12530370379096,-35.27275842895285],[149.1252905,-35.2727555405318],[149.12527729620905,-35.27275842895285],[149.12526763036323,-35.2727663202659],[149.12526409241812,-35.2727771],[149.12526763036323,-35.272787879734096],[149.12527729620905,-35.27279577104715],[149.1252905,-35.2727986594682],[149.12530370379096,-35.27279577104715],[149.12531336963679,-35.272787879734096],[149.1253169075819,-35.2727771]]]}},{"type":"Feature","id":"12418240958:trunk","properties":{"part":"trunk","base":0,"height":3,"osmId":12418240958},"geometry":{"type":"Polygon","coordinates":[[[149.12536350127465,-35.2729795],[149.12536291161564,-35.27297770337765],[149.1253613006373,-35.2729763881588],[149.1253591,-35.2729759067553],[149.12535689936269,-35.2729763881588],[149.12535528838436,-35.27297770337765],[149.12535469872535,-35.2729795],[149.12535528838436,-35.27298129662235],[149.12535689936269,-35.27298261184119],[149.1253591,-35.2729830932447],[149.1253613006373,-35.27298261184119],[149.12536291161564,-35.27298129662235],[149.12536350127465,-35.2729795]]]}},{"type":"Feature","id":"12418240958:crown","properties":{"part":"crown","base":2.5,"height":5.5,"osmId":12418240958},"geometry":{"type":"Polygon","coordinates":[[[149.12539761115315,-35.2729795],[149.12539245163697,-35.27296377955444],[149.12537835557657,-35.27295227138956],[149.1253591,-35.27294805910887],[149.12533984442342,-35.27295227138956],[149.12532574836303,-35.27296377955444],[149.12532058884685,-35.2729795],[149.12532574836303,-35.27299522044556],[149.12533984442342,-35.27300672861043],[149.1253591,-35.273010940891126],[149.12537835557657,-35.27300672861043],[149.12539245163697,-35.27299522044556],[149.12539761115315,-35.2729795]]]}},{"type":"Feature","id":"12418240958:top","properties":{"part":"top","base":5.5,"height":7,"osmId":12418240958},"geometry":{"type":"Polygon","coordinates":[[[149.12538550764788,-35.2729795],[149.1253819696939,-35.2729687202659],[149.12537230382392,-35.27296082895285],[149.1253591,-35.272957940531796],[149.12534589617607,-35.27296082895285],[149.1253362303061,-35.2729687202659],[149.12533269235212,-35.2729795],[149.1253362303061,-35.272990279734096],[149.12534589617607,-35.27299817104715],[149.1253591,-35.2730010594682],[149.12537230382392,-35.27299817104715],[149.1253819696939,-35.272990279734096],[149.12538550764788,-35.2729795]]]}},{"type":"Feature","id":"12418240959:trunk","properties":{"part":"trunk","base":0,"height":3,"osmId":12418240959},"geometry":{"type":"Polygon","coordinates":[[[149.12542910127857,-35.2730516],[149.12542851161905,-35.27304980337765],[149.12542690063927,-35.27304848815881],[149.1254247,-35.2730480067553],[149.12542249936072,-35.27304848815881],[149.12542088838094,-35.27304980337765],[149.12542029872142,-35.2730516],[149.12542088838094,-35.27305339662235],[149.12542249936072,-35.2730547118412],[149.1254247,-35.2730551932447],[149.12542690063927,-35.2730547118412],[149.12542851161905,-35.27305339662235],[149.12542910127857,-35.2730516]]]}},{"type":"Feature","id":"12418240959:crown","properties":{"part":"crown","base":2.5,"height":5.5,"osmId":12418240959},"geometry":{"type":"Polygon","coordinates":[[[149.12546321118742,-35.2730516],[149.12545805166664,-35.27303587955444],[149.1254439555937,-35.27302437138957],[149.1254247,-35.273020159108874],[149.12540544440628,-35.27302437138957],[149.12539134833335,-35.27303587955444],[149.12538618881257,-35.2730516],[149.12539134833335,-35.27306732044556],[149.12540544440628,-35.27307882861044],[149.1254247,-35.27308304089113],[149.1254439555937,-35.27307882861044],[149.12545805166664,-35.27306732044556],[149.12546321118742,-35.2730516]]]}},{"type":"Feature","id":"12418240959:top","properties":{"part":"top","base":5.5,"height":7,"osmId":12418240959},"geometry":{"type":"Polygon","coordinates":[[[149.12545110767138,-35.2730516],[149.12544756971425,-35.273040820265905],[149.1254379038357,-35.27303292895285],[149.1254247,-35.2730300405318],[149.1254114961643,-35.27303292895285],[149.12540183028574,-35.273040820265905],[149.1253982923286,-35.2730516],[149.12540183028574,-35.2730623797341],[149.1254114961643,-35.27307027104715],[149.1254247,-35.273073159468204],[149.1254379038357,-35.27307027104715],[149.12544756971425,-35.2730623797341],[149.12545110767138,-35.2730516]]]}},{"type":"Feature","id":"12418240960:trunk","properties":{"part":"trunk","base":0,"height":3,"osmId":12418240960},"geometry":{"type":"Polygon","coordinates":[[[149.125429101281,-35.2730963],[149.12542851162115,-35.27309450337765],[149.1254269006405,-35.2730931881588],[149.1254247,-35.2730927067553],[149.1254224993595,-35.2730931881588],[149.12542088837884,-35.27309450337765],[149.125420298719,-35.2730963],[149.12542088837884,-35.27309809662235],[149.1254224993595,-35.273099411841194],[149.1254247,-35.2730998932447],[149.1254269006405,-35.273099411841194],[149.12542851162115,-35.27309809662235],[149.125429101281,-35.2730963]]]}},{"type":"Feature","id":"12418240960:crown","properties":{"part":"crown","base":2.5,"height":5.5,"osmId":12418240960},"geometry":{"type":"Polygon","coordinates":[[[149.12546321120868,-35.2730963],[149.12545805168506,-35.27308057955444],[149.12544395560434,-35.273069071389564],[149.1254247,-35.27306485910887],[149.12540544439565,-35.273069071389564],[149.12539134831493,-35.27308057955444],[149.1253861887913,-35.2730963],[149.12539134831493,-35.27311202044556],[149.12540544439565,-35.273123528610434],[149.1254247,-35.27312774089113],[149.12544395560434,-35.273123528610434],[149.12545805168506,-35.27311202044556],[149.12546321120868,-35.2730963]]]}},{"type":"Feature","id":"12418240960:top","properties":{"part":"top","base":5.5,"height":7,"osmId":12418240960},"geometry":{"type":"Polygon","coordinates":[[[149.12545110768596,-35.2730963],[149.1254475697269,-35.2730855202659],[149.12543790384296,-35.27307762895285],[149.1254247,-35.2730747405318],[149.12541149615703,-35.27307762895285],[149.1254018302731,-35.2730855202659],[149.12539829231403,-35.2730963],[149.1254018302731,-35.273107079734096],[149.12541149615703,-35.27311497104715],[149.1254247,-35.2731178594682],[149.12543790384296,-35.27311497104715],[149.1254475697269,-35.273107079734096],[149.12545110768596,-35.2730963]]]}},{"type":"Feature","id":"12418240961:trunk","properties":{"part":"trunk","base":0,"height":3,"osmId":12418240961},"geometry":{"type":"Polygon","coordinates":[[[149.12504180128536,-35.2731767],[149.12504121162493,-35.27317490337765],[149.12503960064268,-35.273173588158805],[149.1250374,-35.2731731067553],[149.1250351993573,-35.273173588158805],[149.12503358837506,-35.27317490337765],[149.12503299871463,-35.2731767],[149.12503358837506,-35.27317849662235],[149.1250351993573,-35.273179811841196],[149.1250374,-35.2731802932447],[149.12503960064268,-35.273179811841196],[149.12504121162493,-35.27317849662235],[149.12504180128536,-35.2731767]]]}},{"type":"Feature","id":"12418240961:crown","properties":{"part":"crown","base":2.5,"height":5.5,"osmId":12418240961},"geometry":{"type":"Polygon","coordinates":[[[149.1250759112469,-35.2731767],[149.12507075171814,-35.27316097955444],[149.12505665562344,-35.273149471389566],[149.1250374,-35.27314525910887],[149.12501814437655,-35.273149471389566],[149.12500404828185,-35.27316097955444],[149.12499888875308,-35.2731767],[149.12500404828185,-35.27319242044556],[149.12501814437655,-35.273203928610435],[149.1250374,-35.27320814089113],[149.12505665562344,-35.273203928610435],[149.12507075171814,-35.27319242044556],[149.1250759112469,-35.2731767]]]}},{"type":"Feature","id":"12418240961:top","properties":{"part":"top","base":5.5,"height":7,"osmId":12418240961},"geometry":{"type":"Polygon","coordinates":[[[149.12506380771217,-35.2731767],[149.12506026974958,-35.2731659202659],[149.12505060385607,-35.27315802895285],[149.1250374,-35.2731551405318],[149.12502419614393,-35.27315802895285],[149.1250145302504,-35.2731659202659],[149.12501099228783,-35.2731767],[149.1250145302504,-35.2731874797341],[149.12502419614393,-35.27319537104715],[149.1250374,-35.2731982594682],[149.12505060385607,-35.27319537104715],[149.12506026974958,-35.2731874797341],[149.12506380771217,-35.2731767]]]}},{"type":"Feature","id":"12418240962:trunk","properties":{"part":"trunk","base":0,"height":3,"osmId":12418240962},"geometry":{"type":"Polygon","coordinates":[[[149.12493280129587,-35.2733704],[149.12493221163405,-35.27336860337765],[149.12493060064793,-35.2733672881588],[149.1249284,-35.2733668067553],[149.12492619935205,-35.2733672881588],[149.12492458836593,-35.27336860337765],[149.1249239987041,-35.2733704],[149.12492458836593,-35.27337219662235],[149.12492619935205,-35.27337351184119],[149.1249284,-35.2733739932447],[149.12493060064793,-35.27337351184119],[149.12493221163405,-35.27337219662235],[149.12493280129587,-35.2733704]]]}},{"type":"Feature","id":"12418240962:crown","properties":{"part":"crown","base":2.5,"height":5.5,"osmId":12418240962},"geometry":{"type":"Polygon","coordinates":[[[149.124966911339,-35.2733704],[149.12496175179788,-35.27335467955444],[149.12494765566947,-35.27334317138956],[149.1249284,-35.27333895910887],[149.1249091443305,-35.27334317138956],[149.1248950482021,-35.27335467955444],[149.124889888661,-35.2733704],[149.1248950482021,-35.27338612044556],[149.1249091443305,-35.27339762861043],[149.1249284,-35.273401840891125],[149.12494765566947,-35.27339762861043],[149.12496175179788,-35.27338612044556],[149.124966911339,-35.2733704]]]}},{"type":"Feature","id":"12418240962:top","properties":{"part":"top","base":5.5,"height":7,"osmId":12418240962},"geometry":{"type":"Polygon","coordinates":[[[149.1249548077753,-35.2733704],[149.12495126980426,-35.2733596202659],[149.12494160388763,-35.273351728952846],[149.1249284,-35.273348840531796],[149.12491519611234,-35.273351728952846],[149.12490553019572,-35.2733596202659],[149.12490199222466,-35.2733704],[149.12490553019572,-35.273381179734095],[149.12491519611234,-35.27338907104715],[149.1249284,-35.2733919594682],[149.12494160388763,-35.27338907104715],[149.12495126980426,-35.273381179734095],[149.1249548077753,-35.2733704]]]}},{"type":"Feature","id":"12418240963:trunk","properties":{"part":"trunk","base":0,"height":3,"osmId":12418240963},"geometry":{"type":"Polygon","coordinates":[[[149.12512060129345,-35.2733253],[149.12512001163194,-35.273323503377654],[149.12511840064673,-35.27332218815881],[149.1251162,-35.273321706755304],[149.1251139993533,-35.27332218815881],[149.12511238836808,-35.273323503377654],[149.12511179870657,-35.2733253],[149.12511238836808,-35.27332709662235],[149.1251139993533,-35.2733284118412],[149.1251162,-35.2733288932447],[149.12511840064673,-35.2733284118412],[149.12512001163194,-35.27332709662235],[149.12512060129345,-35.2733253]]]}},{"type":"Feature","id":"12418240963:crown","properties":{"part":"crown","base":2.5,"height":5.5,"osmId":12418240963},"geometry":{"type":"Polygon","coordinates":[[[149.12515471131758,-35.2733253],[149.12514955177934,-35.27330957955444],[149.12513545565878,-35.27329807138957],[149.1251162,-35.273293859108875],[149.12509694434124,-35.27329807138957],[149.12508284822067,-35.27330957955444],[149.12507768868244,-35.2733253],[149.12508284822067,-35.273341020445564],[149.12509694434124,-35.27335252861044],[149.1251162,-35.27335674089113],[149.12513545565878,-35.27335252861044],[149.12514955177934,-35.273341020445564],[149.12515471131758,-35.2733253]]]}},{"type":"Feature","id":"12418240963:top","properties":{"part":"top","base":5.5,"height":7,"osmId":12418240963},"geometry":{"type":"Polygon","coordinates":[[[149.1251426077606,-35.2733253],[149.12513906979154,-35.273314520265906],[149.12512940388032,-35.27330662895285],[149.1251162,-35.2733037405318],[149.1251029961197,-35.27330662895285],[149.12509333020847,-35.273314520265906],[149.1250897922394,-35.2733253],[149.12509333020847,-35.2733360797341],[149.1251029961197,-35.273343971047154],[149.1251162,-35.273346859468205],[149.12512940388032,-35.273343971047154],[149.12513906979154,-35.2733360797341],[149.1251426077606,-35.2733253]]]}},{"type":"Feature","id":"12418240964:trunk","properties":{"part":"trunk","base":0,"height":3,"osmId":12418240964},"geometry":{"type":"Polygon","coordinates":[[[149.12495290129306,-35.2733187],[149.1249523116316,-35.27331690337765],[149.12495070064654,-35.2733155881588],[149.1249485,-35.2733151067553],[149.12494629935344,-35.2733155881588],[149.12494468836837,-35.27331690337765],[149.12494409870692,-35.2733187],[149.12494468836837,-35.27332049662235],[149.12494629935344,-35.27332181184119],[149.1249485,-35.273322293244696],[149.12495070064654,-35.27332181184119],[149.1249523116316,-35.27332049662235],[149.12495290129306,-35.2733187]]]}},{"type":"Feature","id":"12418240964:crown","properties":{"part":"crown","base":2.5,"height":5.5,"osmId":12418240964},"geometry":{"type":"Polygon","coordinates":[[[149.1249870113144,-35.2733187],[149.1249818517766,-35.27330297955444],[149.1249677556572,-35.27329147138956],[149.1249485,-35.27328725910887],[149.12492924434278,-35.27329147138956],[149.12491514822338,-35.27330297955444],[149.12490998868557,-35.2733187],[149.12491514822338,-35.27333442044556],[149.12492924434278,-35.27334592861043],[149.1249485,-35.273350140891125],[149.1249677556572,-35.27334592861043],[149.1249818517766,-35.27333442044556],[149.1249870113144,-35.2733187]]]}},{"type":"Feature","id":"12418240964:top","properties":{"part":"top","base":5.5,"height":7,"osmId":12418240964},"geometry":{"type":"Polygon","coordinates":[[[149.12497490775846,-35.2733187],[149.12497136978968,-35.2733079202659],[149.12496170387922,-35.273300028952846],[149.1249485,-35.273297140531795],[149.12493529612075,-35.273300028952846],[149.1249256302103,-35.2733079202659],[149.12492209224152,-35.2733187],[149.1249256302103,-35.273329479734095],[149.12493529612075,-35.27333737104715],[149.1249485,-35.2733402594682],[149.12496170387922,-35.27333737104715],[149.12497136978968,-35.273329479734095],[149.12497490775846,-35.2733187]]]}},{"type":"Feature","id":"12418240965:trunk","properties":{"part":"trunk","base":0,"height":3,"osmId":12418240965},"geometry":{"type":"Polygon","coordinates":[[[149.12501360128846,-35.2732337],[149.1250130116276,-35.27323190337765],[149.1250114006442,-35.2732305881588],[149.1250092,-35.2732301067553],[149.12500699935578,-35.2732305881588],[149.1250053883724,-35.27323190337765],[149.12500479871153,-35.2732337],[149.1250053883724,-35.27323549662235],[149.12500699935578,-35.273236811841194],[149.1250092,-35.2732372932447],[149.1250114006442,-35.273236811841194],[149.1250130116276,-35.27323549662235],[149.12501360128846,-35.2732337]]]}},{"type":"Feature","id":"12418240965:crown","properties":{"part":"crown","base":2.5,"height":5.5,"osmId":12418240965},"geometry":{"type":"Polygon","coordinates":[[[149.125047711274,-35.2732337],[149.12504255174161,-35.27321797955444],[149.125028455637,-35.273206471389564],[149.1250092,-35.27320225910887],[149.124989944363,-35.273206471389564],[149.12497584825837,-35.27321797955444],[149.124970688726,-35.2732337],[149.12497584825837,-35.27324942044556],[149.124989944363,-35.27326092861043],[149.1250092,-35.27326514089113],[149.125028455637,-35.27326092861043],[149.12504255174161,-35.27324942044556],[149.125047711274,-35.2732337]]]}},{"type":"Feature","id":"12418240965:top","properties":{"part":"top","base":5.5,"height":7,"osmId":12418240965},"geometry":{"type":"Polygon","coordinates":[[[149.12503560773075,-35.2732337],[149.12503206976567,-35.2732229202659],[149.12502240386536,-35.27321502895285],[149.1250092,-35.2732121405318],[149.12499599613463,-35.27321502895285],[149.12498633023432,-35.2732229202659],[149.12498279226924,-35.2732337],[149.12498633023432,-35.273244479734096],[149.12499599613463,-35.27325237104715],[149.1250092,-35.2732552594682],[149.12502240386536,-35.27325237104715],[149.12503206976567,-35.273244479734096],[149.12503560773075,-35.2732337]]]}},{"type":"Feature","id":"12418240966:trunk","properties":{"part":"trunk","base":0,"height":3,"osmId":12418240966},"geometry":{"type":"Polygon","coordinates":[[[149.12496700128543,-35.2731779],[149.124966411625,-35.27317610337765],[149.12496480064272,-35.273174788158805],[149.1249626,-35.2731743067553],[149.1249603993573,-35.273174788158805],[149.124958788375,-35.27317610337765],[149.12495819871458,-35.2731779],[149.124958788375,-35.27317969662235],[149.1249603993573,-35.273181011841196],[149.1249626,-35.2731814932447],[149.12496480064272,-35.273181011841196],[149.124966411625,-35.27317969662235],[149.12496700128543,-35.2731779]]]}},{"type":"Feature","id":"12418240966:crown","properties":{"part":"crown","base":2.5,"height":5.5,"osmId":12418240966},"geometry":{"type":"Polygon","coordinates":[[[149.12500111124749,-35.2731779],[149.12499595171866,-35.27316217955444],[149.12498185562373,-35.273150671389566],[149.1249626,-35.27314645910887],[149.12494334437628,-35.273150671389566],[149.12492924828135,-35.27316217955444],[149.12492408875252,-35.2731779],[149.12492924828135,-35.27319362044556],[149.12494334437628,-35.273205128610435],[149.1249626,-35.27320934089113],[149.12498185562373,-35.273205128610435],[149.12499595171866,-35.27319362044556],[149.12500111124749,-35.2731779]]]}},{"type":"Feature","id":"12418240966:top","properties":{"part":"top","base":5.5,"height":7,"osmId":12418240966},"geometry":{"type":"Polygon","coordinates":[[[149.12498900771257,-35.2731779],[149.12498546974993,-35.2731671202659],[149.12497580385627,-35.27315922895285],[149.1249626,-35.2731563405318],[149.12494939614373,-35.27315922895285],[149.12493973025008,-35.2731671202659],[149.12493619228744,-35.2731779],[149.12493973025008,-35.2731886797341],[149.12494939614373,-35.27319657104715],[149.1249626,-35.2731994594682],[149.12497580385627,-35.27319657104715],[149.12498546974993,-35.2731886797341],[149.12498900771257,-35.2731779]]]}},{"type":"Feature","id":"12418240967:trunk","properties":{"part":"trunk","base":0,"height":3,"osmId":12418240967},"geometry":{"type":"Polygon","coordinates":[[[149.12494310128042,-35.2730857],[149.12494251162065,-35.27308390337765],[149.1249409006402,-35.27308258815881],[149.1249387,-35.273082106755304],[149.1249364993598,-35.27308258815881],[149.12493488837936,-35.27308390337765],[149.12493429871958,-35.2730857],[149.12493488837936,-35.27308749662235],[149.1249364993598,-35.2730888118412],[149.1249387,-35.2730892932447],[149.1249409006402,-35.2730888118412],[149.12494251162065,-35.27308749662235],[149.12494310128042,-35.2730857]]]}},{"type":"Feature","id":"12418240967:crown","properties":{"part":"crown","base":2.5,"height":5.5,"osmId":12418240967},"geometry":{"type":"Polygon","coordinates":[[[149.12497721120366,-35.2730857],[149.1249720516807,-35.27306997955444],[149.12495795560181,-35.27305847138957],[149.1249387,-35.273054259108875],[149.1249194443982,-35.27305847138957],[149.12490534831932,-35.27306997955444],[149.12490018879635,-35.2730857],[149.12490534831932,-35.27310142044556],[149.1249194443982,-35.27311292861044],[149.1249387,-35.27311714089113],[149.12495795560181,-35.27311292861044],[149.1249720516807,-35.27310142044556],[149.12497721120366,-35.2730857]]]}},{"type":"Feature","id":"12418240967:top","properties":{"part":"top","base":5.5,"height":7,"osmId":12418240967},"geometry":{"type":"Polygon","coordinates":[[[149.1249651076825,-35.2730857],[149.1249615697239,-35.273074920265906],[149.12495190384126,-35.27306702895285],[149.1249387,-35.2730641405318],[149.12492549615874,-35.27306702895285],[149.1249158302761,-35.273074920265906],[149.1249122923175,-35.2730857],[149.1249158302761,-35.2730964797341],[149.12492549615874,-35.273104371047154],[149.1249387,-35.273107259468205],[149.12495190384126,-35.273104371047154],[149.1249615697239,-35.2730964797341],[149.1249651076825,-35.2730857]]]}},{"type":"Feature","id":"12418240968:trunk","properties":{"part":"trunk","base":0,"height":3,"osmId":12418240968},"geometry":{"type":"Polygon","coordinates":[[[149.12539900129366,-35.2733296],[149.12539841163212,-35.27332780337765],[149.12539680064683,-35.2733264881588],[149.1253946,-35.2733260067553],[149.12539239935316,-35.2733264881588],[149.12539078836787,-35.27332780337765],[149.12539019870633,-35.2733296],[149.12539078836787,-35.273331396622346],[149.12539239935316,-35.27333271184119],[149.1253946,-35.273333193244696],[149.12539680064683,-35.27333271184119],[149.12539841163212,-35.273331396622346],[149.12539900129366,-35.2733296]]]}},{"type":"Feature","id":"12418240968:crown","properties":{"part":"crown","base":2.5,"height":5.5,"osmId":12418240968},"geometry":{"type":"Polygon","coordinates":[[[149.12543311131958,-35.2733296],[149.1254279517811,-35.273313879554436],[149.1254138556598,-35.27330237138956],[149.1253946,-35.27329815910887],[149.1253753443402,-35.27330237138956],[149.1253612482189,-35.273313879554436],[149.1253560886804,-35.2733296],[149.1253612482189,-35.27334532044556],[149.1253753443402,-35.27335682861043],[149.1253946,-35.273361040891125],[149.1254138556598,-35.27335682861043],[149.1254279517811,-35.27334532044556],[149.12543311131958,-35.2733296]]]}},{"type":"Feature","id":"12418240968:top","properties":{"part":"top","base":5.5,"height":7,"osmId":12418240968},"geometry":{"type":"Polygon","coordinates":[[[149.12542100776201,-35.2733296],[149.12541746979275,-35.2733188202659],[149.125407803881,-35.273310928952846],[149.1253946,-35.273308040531795],[149.125381396119,-35.273310928952846],[149.12537173020723,-35.2733188202659],[149.12536819223797,-35.2733296],[149.12537173020723,-35.273340379734094],[149.125381396119,-35.27334827104715],[149.1253946,-35.2733511594682],[149.125407803881,-35.27334827104715],[149.12541746979275,-35.273340379734094],[149.12542100776201,-35.2733296]]]}},{"type":"Feature","id":"12418240969:trunk","properties":{"part":"trunk","base":0,"height":3,"osmId":12418240969},"geometry":{"type":"Polygon","coordinates":[[[149.1254421012939,-35.2733345],[149.12544151163235,-35.27333270337765],[149.12543990064697,-35.2733313881588],[149.1254377,-35.2733309067553],[149.12543549935302,-35.2733313881588],[149.12543388836764,-35.27333270337765],[149.12543329870607,-35.2733345],[149.12543388836764,-35.27333629662235],[149.12543549935302,-35.27333761184119],[149.1254377,-35.273338093244696],[149.12543990064697,-35.27333761184119],[149.12544151163235,-35.27333629662235],[149.1254421012939,-35.2733345]]]}},{"type":"Feature","id":"12418240969:crown","properties":{"part":"crown","base":2.5,"height":5.5,"osmId":12418240969},"geometry":{"type":"Polygon","coordinates":[[[149.1254762113219,-35.2733345],[149.1254710517831,-35.27331877955444],[149.12545695566095,-35.27330727138956],[149.1254377,-35.27330305910887],[149.12541844433903,-35.27330727138956],[149.12540434821688,-35.27331877955444],[149.12539918867807,-35.2733345],[149.12540434821688,-35.27335022044556],[149.12541844433903,-35.27336172861043],[149.1254377,-35.273365940891125],[149.12545695566095,-35.27336172861043],[149.1254710517831,-35.27335022044556],[149.1254762113219,-35.2733345]]]}},{"type":"Feature","id":"12418240969:top","properties":{"part":"top","base":5.5,"height":7,"osmId":12418240969},"geometry":{"type":"Polygon","coordinates":[[[149.1254641077636,-35.2733345],[149.12546056979414,-35.2733237202659],[149.12545090388178,-35.273315828952846],[149.1254377,-35.273312940531795],[149.1254244961182,-35.273315828952846],[149.12541483020584,-35.2733237202659],[149.12541129223638,-35.2733345],[149.12541483020584,-35.273345279734095],[149.1254244961182,-35.27335317104715],[149.1254377,-35.2733560594682],[149.12545090388178,-35.27335317104715],[149.12546056979414,-35.273345279734095],[149.1254641077636,-35.2733345]]]}},{"type":"Feature","id":"12418240970:trunk","properties":{"part":"trunk","base":0,"height":3,"osmId":12418240970},"geometry":{"type":"Polygon","coordinates":[[[149.1254498012973,-35.2733963],[149.12544921163524,-35.27339450337765],[149.12544760064864,-35.273393188158806],[149.1254454,-35.2733927067553],[149.12544319935134,-35.273393188158806],[149.12544158836474,-35.27339450337765],[149.1254409987027,-35.2733963],[149.12544158836474,-35.27339809662235],[149.12544319935134,-35.2733994118412],[149.1254454,-35.2733998932447],[149.12544760064864,-35.2733994118412],[149.12544921163524,-35.27339809662235],[149.1254498012973,-35.2733963]]]}},{"type":"Feature","id":"12418240970:crown","properties":{"part":"crown","base":2.5,"height":5.5,"osmId":12418240970},"geometry":{"type":"Polygon","coordinates":[[[149.1254839113513,-35.2733963],[149.12547875180857,-35.27338057955444],[149.12546465567564,-35.27336907138957],[149.1254454,-35.273364859108874],[149.12542614432434,-35.27336907138957],[149.1254120481914,-35.27338057955444],[149.12540688864868,-35.2733963],[149.1254120481914,-35.27341202044556],[149.12542614432434,-35.27342352861044],[149.1254454,-35.27342774089113],[149.12546465567564,-35.27342352861044],[149.12547875180857,-35.27341202044556],[149.1254839113513,-35.2733963]]]}},{"type":"Feature","id":"12418240970:top","properties":{"part":"top","base":5.5,"height":7,"osmId":12418240970},"geometry":{"type":"Polygon","coordinates":[[[149.12547180778375,-35.2733963],[149.1254682698116,-35.273385520265904],[149.12545860389187,-35.27337762895285],[149.1254454,-35.2733747405318],[149.1254321961081,-35.27337762895285],[149.1254225301884,-35.273385520265904],[149.12541899221623,-35.2733963],[149.1254225301884,-35.2734070797341],[149.1254321961081,-35.27341497104715],[149.1254454,-35.2734178594682],[149.12545860389187,-35.27341497104715],[149.1254682698116,-35.2734070797341],[149.12547180778375,-35.2733963]]]}},{"type":"Feature","id":"12418240971:trunk","properties":{"part":"trunk","base":0,"height":3,"osmId":12418240971},"geometry":{"type":"Polygon","coordinates":[[[149.125273101318,-35.2737775],[149.1252725116532,-35.27377570337765],[149.125270900659,-35.273774388158806],[149.1252687,-35.2737739067553],[149.125266499341,-35.273774388158806],[149.12526488834678,-35.27377570337765],[149.125264298682,-35.2737775],[149.12526488834678,-35.27377929662235],[149.125266499341,-35.2737806118412],[149.1252687,-35.2737810932447],[149.125270900659,-35.2737806118412],[149.1252725116532,-35.27377929662235],[149.125273101318,-35.2737775]]]}},{"type":"Feature","id":"12418240971:crown","properties":{"part":"crown","base":2.5,"height":5.5,"osmId":12418240971},"geometry":{"type":"Polygon","coordinates":[[[149.12530721153254,-35.2737775],[149.12530205196552,-35.27376177955444],[149.12528795576628,-35.27375027138957],[149.1252687,-35.27374605910887],[149.1252494442337,-35.27375027138957],[149.12523534803447,-35.27376177955444],[149.12523018846744,-35.2737775],[149.12523534803447,-35.27379322044556],[149.1252494442337,-35.273804728610436],[149.1252687,-35.27380894089113],[149.12528795576628,-35.273804728610436],[149.12530205196552,-35.27379322044556],[149.12530721153254,-35.2737775]]]}},{"type":"Feature","id":"12418240971:top","properties":{"part":"top","base":5.5,"height":7,"osmId":12418240971},"geometry":{"type":"Polygon","coordinates":[[[149.12529510790802,-35.2737775],[149.1252915699192,-35.273766720265904],[149.125281903954,-35.27375882895285],[149.1252687,-35.2737559405318],[149.12525549604598,-35.27375882895285],[149.1252458300808,-35.273766720265904],[149.12524229209197,-35.2737775],[149.1252458300808,-35.2737882797341],[149.12525549604598,-35.27379617104715],[149.1252687,-35.2737990594682],[149.125281903954,-35.27379617104715],[149.1252915699192,-35.2737882797341],[149.12529510790802,-35.2737775]]]}},{"type":"Feature","id":"12418240972:trunk","properties":{"part":"trunk","base":0,"height":3,"osmId":12418240972},"geometry":{"type":"Polygon","coordinates":[[[149.1253444013134,-35.273693],[149.12534381164923,-35.27369120337765],[149.1253422006567,-35.273689888158806],[149.12534,-35.2736894067553],[149.1253377993433,-35.273689888158806],[149.12533618835076,-35.27369120337765],[149.12533559868658,-35.273693],[149.12533618835076,-35.27369479662235],[149.1253377993433,-35.2736961118412],[149.12534,-35.2736965932447],[149.1253422006567,-35.2736961118412],[149.12534381164923,-35.27369479662235],[149.1253444013134,-35.273693]]]}},{"type":"Feature","id":"12418240972:crown","properties":{"part":"crown","base":2.5,"height":5.5,"osmId":12418240972},"geometry":{"type":"Polygon","coordinates":[[[149.12537851149239,-35.273693],[149.12537335193073,-35.27367727955444],[149.1253592557462,-35.27366577138957],[149.12534,-35.273661559108874],[149.1253207442538,-35.27366577138957],[149.12530664806926,-35.27367727955444],[149.1253014885076,-35.273693],[149.12530664806926,-35.27370872044556],[149.1253207442538,-35.273720228610436],[149.12534,-35.27372444089113],[149.1253592557462,-35.273720228610436],[149.12537335193073,-35.27370872044556],[149.12537851149239,-35.273693]]]}},{"type":"Feature","id":"12418240972:top","properties":{"part":"top","base":5.5,"height":7,"osmId":12418240972},"geometry":{"type":"Polygon","coordinates":[[[149.12536640788048,-35.273693],[149.12536286989535,-35.273682220265904],[149.12535320394025,-35.27367432895285],[149.12534,-35.2736714405318],[149.12532679605974,-35.27367432895285],[149.12531713010463,-35.273682220265904],[149.1253135921195,-35.273693],[149.12531713010463,-35.2737037797341],[149.12532679605974,-35.27371167104715],[149.12534,-35.2737145594682],[149.12535320394025,-35.27371167104715],[149.12536286989535,-35.2737037797341],[149.12536640788048,-35.273693]]]}},{"type":"Feature","id":"12418240973:trunk","properties":{"part":"trunk","base":0,"height":3,"osmId":12418240973},"geometry":{"type":"Polygon","coordinates":[[[149.12535230131078,-35.2736444],[149.12535171164694,-35.27364260337765],[149.1253501006554,-35.27364128815881],[149.1253479,-35.2736408067553],[149.12534569934462,-35.27364128815881],[149.12534408835307,-35.27364260337765],[149.12534349868923,-35.2736444],[149.12534408835307,-35.27364619662235],[149.12534569934462,-35.2736475118412],[149.1253479,-35.2736479932447],[149.1253501006554,-35.2736475118412],[149.12535171164694,-35.27364619662235],[149.12535230131078,-35.2736444]]]}},{"type":"Feature","id":"12418240973:crown","properties":{"part":"crown","base":2.5,"height":5.5,"osmId":12418240973},"geometry":{"type":"Polygon","coordinates":[[[149.1253864114693,-35.2736444],[149.12538125191074,-35.27362867955444],[149.12536715573464,-35.27361717138957],[149.1253479,-35.273612959108874],[149.12532864426538,-35.27361717138957],[149.12531454808928,-35.27362867955444],[149.12530938853072,-35.2736444],[149.12531454808928,-35.27366012044556],[149.12532864426538,-35.27367162861044],[149.1253479,-35.27367584089113],[149.12536715573464,-35.27367162861044],[149.12538125191074,-35.27366012044556],[149.1253864114693,-35.2736444]]]}},{"type":"Feature","id":"12418240973:top","properties":{"part":"top","base":5.5,"height":7,"osmId":12418240973},"geometry":{"type":"Polygon","coordinates":[[[149.12537430786466,-35.2736444],[149.12537076988164,-35.273633620265905],[149.12536110393233,-35.27362572895285],[149.1253479,-35.2736228405318],[149.12533469606768,-35.27362572895285],[149.12532503011838,-35.273633620265905],[149.12532149213536,-35.2736444],[149.12532503011838,-35.2736551797341],[149.12533469606768,-35.27366307104715],[149.1253479,-35.273665959468204],[149.12536110393233,-35.27366307104715],[149.12537076988164,-35.2736551797341],[149.12537430786466,-35.2736444]]]}},{"type":"Feature","id":"12418240974:trunk","properties":{"part":"trunk","base":0,"height":3,"osmId":12418240974},"geometry":{"type":"Polygon","coordinates":[[[149.12537460130687,-35.2735729],[149.12537401164357,-35.27357110337765],[149.12537240065345,-35.2735697881588],[149.1253702,-35.2735693067553],[149.12536799934654,-35.2735697881588],[149.1253663883564,-35.27357110337765],[149.1253657986931,-35.2735729],[149.1253663883564,-35.27357469662235],[149.12536799934654,-35.27357601184119],[149.1253702,-35.2735764932447],[149.12537240065345,-35.27357601184119],[149.12537401164357,-35.27357469662235],[149.12537460130687,-35.2735729]]]}},{"type":"Feature","id":"12418240974:crown","properties":{"part":"crown","base":2.5,"height":5.5,"osmId":12418240974},"geometry":{"type":"Polygon","coordinates":[[[149.12540871143526,-35.2735729],[149.12540355188128,-35.27355717955444],[149.12538945571762,-35.27354567138956],[149.1253702,-35.27354145910887],[149.12535094428236,-35.27354567138956],[149.1253368481187,-35.27355717955444],[149.12533168856473,-35.2735729],[149.1253368481187,-35.27358862044556],[149.12535094428236,-35.27360012861043],[149.1253702,-35.273604340891126],[149.12538945571762,-35.27360012861043],[149.12540355188128,-35.27358862044556],[149.12540871143526,-35.2735729]]]}},{"type":"Feature","id":"12418240974:top","properties":{"part":"top","base":5.5,"height":7,"osmId":12418240974},"geometry":{"type":"Polygon","coordinates":[[[149.12539660784134,-35.2735729],[149.12539306986145,-35.2735621202659],[149.12538340392067,-35.27355422895285],[149.1253702,-35.273551340531796],[149.12535699607932,-35.27355422895285],[149.12534733013854,-35.2735621202659],[149.12534379215865,-35.2735729],[149.12534733013854,-35.273583679734095],[149.12535699607932,-35.27359157104715],[149.1253702,-35.2735944594682],[149.12538340392067,-35.27359157104715],[149.12539306986145,-35.273583679734095],[149.12539660784134,-35.2735729]]]}},{"type":"Feature","id":"12418240975:trunk","properties":{"part":"trunk","base":0,"height":3,"osmId":12418240975},"geometry":{"type":"Polygon","coordinates":[[[149.12493480130433,-35.2735259],[149.12493421164137,-35.27352410337765],[149.1249326006522,-35.27352278815881],[149.1249304,-35.273522306755304],[149.12492819934783,-35.27352278815881],[149.12492658835865,-35.27352410337765],[149.1249259986957,-35.2735259],[149.12492658835865,-35.27352769662235],[149.12492819934783,-35.2735290118412],[149.1249304,-35.2735294932447],[149.1249326006522,-35.2735290118412],[149.12493421164137,-35.27352769662235],[149.12493480130433,-35.2735259]]]}},{"type":"Feature","id":"12418240975:crown","properties":{"part":"crown","base":2.5,"height":5.5,"osmId":12418240975},"geometry":{"type":"Polygon","coordinates":[[[149.12496891141294,-35.2735259],[149.12496375186194,-35.27351017955444],[149.12494965570647,-35.27349867138957],[149.1249304,-35.273494459108875],[149.12491114429355,-35.27349867138957],[149.12489704813808,-35.27351017955444],[149.1248918885871,-35.2735259],[149.12489704813808,-35.27354162044556],[149.12491114429355,-35.27355312861044],[149.1249304,-35.27355734089113],[149.12494965570647,-35.27355312861044],[149.12496375186194,-35.27354162044556],[149.12496891141294,-35.2735259]]]}},{"type":"Feature","id":"12418240975:top","properties":{"part":"top","base":5.5,"height":7,"osmId":12418240975},"geometry":{"type":"Polygon","coordinates":[[[149.124956807826,-35.2735259],[149.1249532698482,-35.273515120265905],[149.124943603913,-35.27350722895285],[149.1249304,-35.2735043405318],[149.124917196087,-35.27350722895285],[149.12490753015183,-35.273515120265905],[149.124903992174,-35.2735259],[149.12490753015183,-35.2735366797341],[149.124917196087,-35.273544571047154],[149.1249304,-35.273547459468205],[149.124943603913,-35.273544571047154],[149.1249532698482,-35.2735366797341],[149.124956807826,-35.2735259]]]}},{"type":"Feature","id":"12418240976:trunk","properties":{"part":"trunk","base":0,"height":3,"osmId":12418240976},"geometry":{"type":"Polygon","coordinates":[[[149.1249279013021,-35.2734847],[149.12492731163942,-35.27348290337765],[149.12492570065103,-35.2734815881588],[149.1249235,-35.2734811067553],[149.12492129934896,-35.2734815881588],[149.12491968836056,-35.27348290337765],[149.1249190986979,-35.2734847],[149.12491968836056,-35.27348649662235],[149.12492129934896,-35.27348781184119],[149.1249235,-35.2734882932447],[149.12492570065103,-35.27348781184119],[149.12492731163942,-35.27348649662235],[149.1249279013021,-35.2734847]]]}},{"type":"Feature","id":"12418240976:crown","properties":{"part":"crown","base":2.5,"height":5.5,"osmId":12418240976},"geometry":{"type":"Polygon","coordinates":[[[149.12496201139334,-35.2734847],[149.12495685184496,-35.27346897955444],[149.12494275569668,-35.27345747138956],[149.1249235,-35.27345325910887],[149.1249042443033,-35.27345747138956],[149.12489014815503,-35.27346897955444],[149.12488498860665,-35.2734847],[149.12489014815503,-35.27350042044556],[149.1249042443033,-35.27351192861043],[149.1249235,-35.273516140891125],[149.12494275569668,-35.27351192861043],[149.12495685184496,-35.27350042044556],[149.12496201139334,-35.2734847]]]}},{"type":"Feature","id":"12418240976:top","properties":{"part":"top","base":5.5,"height":7,"osmId":12418240976},"geometry":{"type":"Polygon","coordinates":[[[149.12494990781258,-35.2734847],[149.12494636983655,-35.2734739202659],[149.1249367039063,-35.273466028952846],[149.1249235,-35.273463140531796],[149.1249102960937,-35.273466028952846],[149.12490063016344,-35.2734739202659],[149.1248970921874,-35.2734847],[149.12490063016344,-35.273495479734095],[149.1249102960937,-35.27350337104715],[149.1249235,-35.2735062594682],[149.1249367039063,-35.27350337104715],[149.12494636983655,-35.273495479734095],[149.12494990781258,-35.2734847]]]}},{"type":"Feature","id":"12418240977:trunk","properties":{"part":"trunk","base":0,"height":3,"osmId":12418240977},"geometry":{"type":"Polygon","coordinates":[[[149.12484040131045,-35.2736388],[149.12483981164667,-35.27363700337765],[149.12483820065523,-35.273635688158805],[149.124836,-35.2736352067553],[149.12483379934474,-35.273635688158805],[149.1248321883533,-35.27363700337765],[149.12483159868952,-35.2736388],[149.1248321883533,-35.27364059662235],[149.12483379934474,-35.273641911841196],[149.124836,-35.2736423932447],[149.12483820065523,-35.273641911841196],[149.12483981164667,-35.27364059662235],[149.12484040131045,-35.2736388]]]}},{"type":"Feature","id":"12418240977:crown","properties":{"part":"crown","base":2.5,"height":5.5,"osmId":12418240977},"geometry":{"type":"Polygon","coordinates":[[[149.1248745114666,-35.2736388],[149.12486935190842,-35.27362307955444],[149.12485525573328,-35.273611571389566],[149.124836,-35.27360735910887],[149.1248167442667,-35.273611571389566],[149.12480264809156,-35.27362307955444],[149.12479748853337,-35.2736388],[149.12480264809156,-35.27365452044556],[149.1248167442667,-35.273666028610435],[149.124836,-35.27367024089113],[149.12485525573328,-35.273666028610435],[149.12486935190842,-35.27365452044556],[149.1248745114666,-35.2736388]]]}},{"type":"Feature","id":"12418240977:top","properties":{"part":"top","base":5.5,"height":7,"osmId":12418240977},"geometry":{"type":"Polygon","coordinates":[[[149.1248624078628,-35.2736388],[149.12485886988006,-35.2736280202659],[149.1248492039314,-35.27362012895285],[149.124836,-35.2736172405318],[149.12482279606857,-35.27362012895285],[149.12481313011992,-35.2736280202659],[149.12480959213718,-35.2736388],[149.12481313011992,-35.2736495797341],[149.12482279606857,-35.27365747104715],[149.124836,-35.2736603594682],[149.1248492039314,-35.27365747104715],[149.12485886988006,-35.2736495797341],[149.1248624078628,-35.2736388]]]}},{"type":"Feature","id":"12418240978:trunk","properties":{"part":"trunk","base":0,"height":3,"osmId":12418240978},"geometry":{"type":"Polygon","coordinates":[[[149.12488630130878,-35.2736078],[149.12488571164522,-35.27360600337765],[149.12488410065438,-35.273604688158805],[149.1248819,-35.2736042067553],[149.1248796993456,-35.273604688158805],[149.12487808835476,-35.27360600337765],[149.1248774986912,-35.2736078],[149.12487808835476,-35.27360959662235],[149.1248796993456,-35.273610911841196],[149.1248819,-35.2736113932447],[149.12488410065438,-35.273610911841196],[149.12488571164522,-35.27360959662235],[149.12488630130878,-35.2736078]]]}},{"type":"Feature","id":"12418240978:crown","properties":{"part":"crown","base":2.5,"height":5.5,"osmId":12418240978},"geometry":{"type":"Polygon","coordinates":[[[149.12492041145185,-35.2736078],[149.12491525189566,-35.27359207955444],[149.12490115572592,-35.273580571389566],[149.1248819,-35.27357635910887],[149.12486264427406,-35.273580571389566],[149.12484854810432,-35.27359207955444],[149.12484338854813,-35.2736078],[149.12484854810432,-35.27362352044556],[149.12486264427406,-35.273635028610435],[149.1248819,-35.27363924089113],[149.12490115572592,-35.273635028610435],[149.12491525189566,-35.27362352044556],[149.12492041145185,-35.2736078]]]}},{"type":"Feature","id":"12418240978:top","properties":{"part":"top","base":5.5,"height":7,"osmId":12418240978},"geometry":{"type":"Polygon","coordinates":[[[149.1249083078527,-35.2736078],[149.1249047698713,-35.2735970202659],[149.12489510392635,-35.27358912895285],[149.1248819,-35.2735862405318],[149.12486869607363,-35.27358912895285],[149.12485903012868,-35.2735970202659],[149.12485549214728,-35.2736078],[149.12485903012868,-35.2736185797341],[149.12486869607363,-35.27362647104715],[149.1248819,-35.2736293594682],[149.12489510392635,-35.27362647104715],[149.1249047698713,-35.2736185797341],[149.1249083078527,-35.2736078]]]}},{"type":"Feature","id":"12418240979:trunk","properties":{"part":"trunk","base":0,"height":3,"osmId":12418240979},"geometry":{"type":"Polygon","coordinates":[[[149.12494140131173,-35.273662],[149.12494081164775,-35.27366020337765],[149.12493920065586,-35.273658888158806],[149.124937,-35.2736584067553],[149.12493479934412,-35.273658888158806],[149.12493318835223,-35.27366020337765],[149.12493259868825,-35.273662],[149.12493318835223,-35.27366379662235],[149.12493479934412,-35.2736651118412],[149.124937,-35.2736655932447],[149.12493920065586,-35.2736651118412],[149.12494081164775,-35.27366379662235],[149.12494140131173,-35.273662]]]}},{"type":"Feature","id":"12418240979:crown","properties":{"part":"crown","base":2.5,"height":5.5,"osmId":12418240979},"geometry":{"type":"Polygon","coordinates":[[[149.12497551147763,-35.273662],[149.12497035191797,-35.27364627955444],[149.1249562557388,-35.27363477138957],[149.124937,-35.273630559108874],[149.12491774426118,-35.27363477138957],[149.124903648082,-35.27364627955444],[149.12489848852235,-35.273662],[149.124903648082,-35.27367772044556],[149.12491774426118,-35.273689228610436],[149.124937,-35.27369344089113],[149.1249562557388,-35.273689228610436],[149.12497035191797,-35.27367772044556],[149.12497551147763,-35.273662]]]}},{"type":"Feature","id":"12418240979:top","properties":{"part":"top","base":5.5,"height":7,"osmId":12418240979},"geometry":{"type":"Polygon","coordinates":[[[149.12496340787038,-35.273662],[149.1249598698866,-35.273651220265904],[149.12495020393519,-35.27364332895285],[149.124937,-35.2736404405318],[149.1249237960648,-35.27364332895285],[149.12491413011338,-35.273651220265904],[149.1249105921296,-35.273662],[149.12491413011338,-35.2736727797341],[149.1249237960648,-35.27368067104715],[149.124937,-35.2736835594682],[149.12495020393519,-35.27368067104715],[149.1249598698866,-35.2736727797341],[149.12496340787038,-35.273662]]]}},{"type":"Feature","id":"12418240980:trunk","properties":{"part":"trunk","base":0,"height":3,"osmId":12418240980},"geometry":{"type":"Polygon","coordinates":[[[149.12505760130486,-35.2735355],[149.12505701164181,-35.27353370337765],[149.12505540065243,-35.273532388158806],[149.1250532,-35.2735319067553],[149.12505099934756,-35.273532388158806],[149.12504938835818,-35.27353370337765],[149.12504879869513,-35.2735355],[149.12504938835818,-35.27353729662235],[149.12505099934756,-35.2735386118412],[149.1250532,-35.2735390932447],[149.12505540065243,-35.2735386118412],[149.12505701164181,-35.27353729662235],[149.12505760130486,-35.2735355]]]}},{"type":"Feature","id":"12418240980:crown","properties":{"part":"crown","base":2.5,"height":5.5,"osmId":12418240980},"geometry":{"type":"Polygon","coordinates":[[[149.1250917114175,-35.2735355],[149.12508655186588,-35.27351977955444],[149.12507245570873,-35.27350827138957],[149.1250532,-35.27350405910887],[149.12503394429126,-35.27350827138957],[149.12501984813412,-35.27351977955444],[149.1250146885825,-35.2735355],[149.12501984813412,-35.27355122044556],[149.12503394429126,-35.273562728610436],[149.1250532,-35.27356694089113],[149.12507245570873,-35.273562728610436],[149.12508655186588,-35.27355122044556],[149.1250917114175,-35.2735355]]]}},{"type":"Feature","id":"12418240980:top","properties":{"part":"top","base":5.5,"height":7,"osmId":12418240980},"geometry":{"type":"Polygon","coordinates":[[[149.12507960782912,-35.2735355],[149.12507606985088,-35.273524720265904],[149.12506640391456,-35.27351682895285],[149.1250532,-35.2735139405318],[149.12503999608543,-35.27351682895285],[149.12503033014912,-35.273524720265904],[149.12502679217087,-35.2735355],[149.12503033014912,-35.2735462797341],[149.12503999608543,-35.27355417104715],[149.1250532,-35.2735570594682],[149.12506640391456,-35.27355417104715],[149.12507606985088,-35.2735462797341],[149.12507960782912,-35.2735355]]]}},{"type":"Feature","id":"12418240981:trunk","properties":{"part":"trunk","base":0,"height":3,"osmId":12418240981},"geometry":{"type":"Polygon","coordinates":[[[149.12478180132916,-35.2739827],[149.12478121166285,-35.27398090337765],[149.12477960066457,-35.2739795881588],[149.1247774,-35.2739791067553],[149.12477519933543,-35.2739795881588],[149.12477358833715,-35.27398090337765],[149.12477299867084,-35.2739827],[149.12477358833715,-35.27398449662235],[149.12477519933543,-35.27398581184119],[149.1247774,-35.2739862932447],[149.12477960066457,-35.27398581184119],[149.12478121166285,-35.27398449662235],[149.12478180132916,-35.2739827]]]}},{"type":"Feature","id":"12418240981:crown","properties":{"part":"crown","base":2.5,"height":5.5,"osmId":12418240981},"geometry":{"type":"Polygon","coordinates":[[[149.12481591163012,-35.2739827],[149.12481075205002,-35.27396697955444],[149.12479665581506,-35.27395547138956],[149.1247774,-35.27395125910887],[149.12475814418494,-35.27395547138956],[149.12474404794997,-35.27396697955444],[149.12473888836988,-35.2739827],[149.12474404794997,-35.27399842044556],[149.12475814418494,-35.27400992861043],[149.1247774,-35.274014140891126],[149.12479665581506,-35.27400992861043],[149.12481075205002,-35.27399842044556],[149.12481591163012,-35.2739827]]]}},{"type":"Feature","id":"12418240981:top","properties":{"part":"top","base":5.5,"height":7,"osmId":12418240981},"geometry":{"type":"Polygon","coordinates":[[[149.12480380797493,-35.2739827],[149.12480026997716,-35.2739719202659],[149.12479060398746,-35.27396402895285],[149.1247774,-35.273961140531796],[149.12476419601253,-35.27396402895285],[149.12475453002284,-35.2739719202659],[149.12475099202507,-35.2739827],[149.12475453002284,-35.273993479734095],[149.12476419601253,-35.27400137104715],[149.1247774,-35.2740042594682],[149.12479060398746,-35.27400137104715],[149.12480026997716,-35.273993479734095],[149.12480380797493,-35.2739827]]]}},{"type":"Feature","id":"12418240982:trunk","properties":{"part":"trunk","base":0,"height":3,"osmId":12418240982},"geometry":{"type":"Polygon","coordinates":[[[149.12467710133208,-35.2740365],[149.12467651166537,-35.27403470337765],[149.12467490066604,-35.274033388158806],[149.1246727,-35.2740329067553],[149.12467049933394,-35.274033388158806],[149.1246688883346,-35.27403470337765],[149.1246682986679,-35.2740365],[149.1246688883346,-35.27403829662235],[149.12467049933394,-35.2740396118412],[149.1246727,-35.2740400932447],[149.12467490066604,-35.2740396118412],[149.12467651166537,-35.27403829662235],[149.12467710133208,-35.2740365]]]}},{"type":"Feature","id":"12418240982:crown","properties":{"part":"crown","base":2.5,"height":5.5,"osmId":12418240982},"geometry":{"type":"Polygon","coordinates":[[[149.1247112116557,-35.2740365],[149.12470605207216,-35.27402077955444],[149.12469195582784,-35.274009271389566],[149.1246727,-35.27400505910887],[149.12465344417214,-35.274009271389566],[149.12463934792783,-35.27402077955444],[149.1246341883443,-35.2740365],[149.12463934792783,-35.27405222044556],[149.12465344417214,-35.274063728610436],[149.1246727,-35.27406794089113],[149.12469195582784,-35.274063728610436],[149.12470605207216,-35.27405222044556],[149.1247112116557,-35.2740365]]]}},{"type":"Feature","id":"12418240982:top","properties":{"part":"top","base":5.5,"height":7,"osmId":12418240982},"geometry":{"type":"Polygon","coordinates":[[[149.12469910799246,-35.2740365],[149.12469556999233,-35.274025720265904],[149.12468590399624,-35.27401782895285],[149.1246727,-35.2740149405318],[149.12465949600374,-35.27401782895285],[149.12464983000766,-35.274025720265904],[149.12464629200753,-35.2740365],[149.12464983000766,-35.2740472797341],[149.12465949600374,-35.27405517104715],[149.1246727,-35.2740580594682],[149.12468590399624,-35.27405517104715],[149.12469556999233,-35.2740472797341],[149.12469910799246,-35.2740365]]]}},{"type":"Feature","id":"12418240983:trunk","properties":{"part":"trunk","base":0,"height":3,"osmId":12418240983},"geometry":{"type":"Polygon","coordinates":[[[149.12464820132925,-35.2739842],[149.12464761166294,-35.27398240337765],[149.12464600066463,-35.273981088158806],[149.1246438,-35.2739806067553],[149.12464159933538,-35.273981088158806],[149.12463998833707,-35.27398240337765],[149.12463939867075,-35.2739842],[149.12463998833707,-35.27398599662235],[149.12464159933538,-35.273987311841196],[149.1246438,-35.2739877932447],[149.12464600066463,-35.273987311841196],[149.12464761166294,-35.27398599662235],[149.12464820132925,-35.2739842]]]}},{"type":"Feature","id":"12418240983:crown","properties":{"part":"crown","base":2.5,"height":5.5,"osmId":12418240983},"geometry":{"type":"Polygon","coordinates":[[[149.12468231163083,-35.2739842],[149.12467715205065,-35.27396847955444],[149.1246630558154,-35.273956971389566],[149.1246438,-35.27395275910887],[149.1246245441846,-35.273956971389566],[149.12461044794935,-35.27396847955444],[149.12460528836917,-35.2739842],[149.12461044794935,-35.27399992044556],[149.1246245441846,-35.274011428610436],[149.1246438,-35.27401564089113],[149.1246630558154,-35.274011428610436],[149.12467715205065,-35.27399992044556],[149.12468231163083,-35.2739842]]]}},{"type":"Feature","id":"12418240983:top","properties":{"part":"top","base":5.5,"height":7,"osmId":12418240983},"geometry":{"type":"Polygon","coordinates":[[[149.1246702079754,-35.2739842],[149.1246666699776,-35.273973420265904],[149.12465700398772,-35.27396552895285],[149.1246438,-35.2739626405318],[149.12463059601228,-35.27396552895285],[149.12462093002242,-35.273973420265904],[149.1246173920246,-35.2739842],[149.12462093002242,-35.2739949797341],[149.12463059601228,-35.27400287104715],[149.1246438,-35.2740057594682],[149.12465700398772,-35.27400287104715],[149.1246666699776,-35.2739949797341],[149.1246702079754,-35.2739842]]]}},{"type":"Feature","id":"12418240984:trunk","properties":{"part":"trunk","base":0,"height":3,"osmId":12418240984},"geometry":{"type":"Polygon","coordinates":[[[149.12493300132925,-35.2739842],[149.12493241166294,-35.27398240337765],[149.12493080066463,-35.273981088158806],[149.1249286,-35.2739806067553],[149.12492639933538,-35.273981088158806],[149.12492478833707,-35.27398240337765],[149.12492419867075,-35.2739842],[149.12492478833707,-35.27398599662235],[149.12492639933538,-35.273987311841196],[149.1249286,-35.2739877932447],[149.12493080066463,-35.273987311841196],[149.12493241166294,-35.27398599662235],[149.12493300132925,-35.2739842]]]}},{"type":"Feature","id":"12418240984:crown","properties":{"part":"crown","base":2.5,"height":5.5,"osmId":12418240984},"geometry":{"type":"Polygon","coordinates":[[[149.12496711163084,-35.2739842],[149.12496195205065,-35.27396847955444],[149.1249478558154,-35.273956971389566],[149.1249286,-35.27395275910887],[149.1249093441846,-35.273956971389566],[149.12489524794935,-35.27396847955444],[149.12489008836917,-35.2739842],[149.12489524794935,-35.27399992044556],[149.1249093441846,-35.274011428610436],[149.1249286,-35.27401564089113],[149.1249478558154,-35.274011428610436],[149.12496195205065,-35.27399992044556],[149.12496711163084,-35.2739842]]]}},{"type":"Feature","id":"12418240984:top","properties":{"part":"top","base":5.5,"height":7,"osmId":12418240984},"geometry":{"type":"Polygon","coordinates":[[[149.12495500797542,-35.2739842],[149.1249514699776,-35.273973420265904],[149.12494180398772,-35.27396552895285],[149.1249286,-35.2739626405318],[149.12491539601228,-35.27396552895285],[149.12490573002242,-35.273973420265904],[149.1249021920246,-35.2739842],[149.12490573002242,-35.2739949797341],[149.12491539601228,-35.27400287104715],[149.1249286,-35.2740057594682],[149.12494180398772,-35.27400287104715],[149.1249514699776,-35.2739949797341],[149.12495500797542,-35.2739842]]]}},{"type":"Feature","id":"12418240985:trunk","properties":{"part":"trunk","base":0,"height":3,"osmId":12418240985},"geometry":{"type":"Polygon","coordinates":[[[149.1248838013283,-35.2739669],[149.1248832116621,-35.27396510337765],[149.12488160066414,-35.2739637881588],[149.1248794,-35.2739633067553],[149.12487719933586,-35.2739637881588],[149.1248755883379,-35.27396510337765],[149.1248749986717,-35.2739669],[149.1248755883379,-35.27396869662235],[149.12487719933586,-35.27397001184119],[149.1248794,-35.2739704932447],[149.12488160066414,-35.27397001184119],[149.1248832116621,-35.27396869662235],[149.1248838013283,-35.2739669]]]}},{"type":"Feature","id":"12418240985:crown","properties":{"part":"crown","base":2.5,"height":5.5,"osmId":12418240985},"geometry":{"type":"Polygon","coordinates":[[[149.1249179116226,-35.2739669],[149.1249127520435,-35.27395117955444],[149.1248986558113,-35.27393967138956],[149.1248794,-35.27393545910887],[149.1248601441887,-35.27393967138956],[149.12484604795648,-35.27395117955444],[149.1248408883774,-35.2739669],[149.12484604795648,-35.27398262044556],[149.1248601441887,-35.27399412861043],[149.1248794,-35.273998340891126],[149.1248986558113,-35.27399412861043],[149.1249127520435,-35.27398262044556],[149.1249179116226,-35.2739669]]]}},{"type":"Feature","id":"12418240985:top","properties":{"part":"top","base":5.5,"height":7,"osmId":12418240985},"geometry":{"type":"Polygon","coordinates":[[[149.12490580796978,-35.2739669],[149.1249022699727,-35.2739561202659],[149.1248926039849,-35.27394822895285],[149.1248794,-35.273945340531796],[149.1248661960151,-35.27394822895285],[149.1248565300273,-35.2739561202659],[149.1248529920302,-35.2739669],[149.1248565300273,-35.273977679734095],[149.1248661960151,-35.27398557104715],[149.1248794,-35.2739884594682],[149.1248926039849,-35.27398557104715],[149.1249022699727,-35.273977679734095],[149.12490580796978,-35.2739669]]]}},{"type":"Feature","id":"12418240986:trunk","properties":{"part":"trunk","base":0,"height":3,"osmId":12418240986},"geometry":{"type":"Polygon","coordinates":[[[149.12491180132568,-35.2739183],[149.12491121165985,-35.27391650337765],[149.12490960066285,-35.2739151881588],[149.1249074,-35.2739147067553],[149.12490519933718,-35.2739151881588],[149.12490358834017,-35.27391650337765],[149.12490299867434,-35.2739183],[149.12490358834017,-35.27392009662235],[149.12490519933718,-35.273921411841194],[149.1249074,-35.2739218932447],[149.12490960066285,-35.273921411841194],[149.12491121165985,-35.27392009662235],[149.12491180132568,-35.2739183]]]}},{"type":"Feature","id":"12418240986:crown","properties":{"part":"crown","base":2.5,"height":5.5,"osmId":12418240986},"geometry":{"type":"Polygon","coordinates":[[[149.1249459115995,-35.2739183],[149.12494075202352,-35.27390257955444],[149.12492665579975,-35.27389107138956],[149.1249074,-35.27388685910887],[149.12488814420027,-35.27389107138956],[149.1248740479765,-35.27390257955444],[149.12486888840053,-35.2739183],[149.1248740479765,-35.27393402044556],[149.12488814420027,-35.27394552861043],[149.1249074,-35.273949740891126],[149.12492665579975,-35.27394552861043],[149.12494075202352,-35.27393402044556],[149.1249459115995,-35.2739183]]]}},{"type":"Feature","id":"12418240986:top","properties":{"part":"top","base":5.5,"height":7,"osmId":12418240986},"geometry":{"type":"Polygon","coordinates":[[[149.12493380795397,-35.2739183],[149.12493026995898,-35.2739075202659],[149.124920603977,-35.27389962895285],[149.1249074,-35.2738967405318],[149.12489419602304,-35.27389962895285],[149.12488453004104,-35.2739075202659],[149.12488099204606,-35.2739183],[149.12488453004104,-35.273929079734096],[149.12489419602304,-35.27393697104715],[149.1249074,-35.2739398594682],[149.124920603977,-35.27393697104715],[149.12493026995898,-35.273929079734096],[149.12493380795397,-35.2739183]]]}},{"type":"Feature","id":"12418240987:trunk","properties":{"part":"trunk","base":0,"height":3,"osmId":12418240987},"geometry":{"type":"Polygon","coordinates":[[[149.12489110133288,-35.2740515],[149.12489051166608,-35.27404970337765],[149.12488890066643,-35.2740483881588],[149.1248867,-35.2740479067553],[149.12488449933355,-35.2740483881588],[149.1248828883339,-35.27404970337765],[149.1248822986671,-35.2740515],[149.1248828883339,-35.27405329662235],[149.12488449933355,-35.274054611841194],[149.1248867,-35.2740550932447],[149.12488890066643,-35.274054611841194],[149.12489051166608,-35.27405329662235],[149.12489110133288,-35.2740515]]]}},{"type":"Feature","id":"12418240987:crown","properties":{"part":"crown","base":2.5,"height":5.5,"osmId":12418240987},"geometry":{"type":"Polygon","coordinates":[[[149.12492521166283,-35.2740515],[149.12492005207835,-35.27403577955444],[149.1249059558314,-35.274024271389564],[149.1248867,-35.27402005910887],[149.1248674441686,-35.274024271389564],[149.12485334792163,-35.27403577955444],[149.12484818833715,-35.2740515],[149.12485334792163,-35.27406722044556],[149.1248674441686,-35.274078728610434],[149.1248867,-35.27408294089113],[149.1249059558314,-35.274078728610434],[149.12492005207835,-35.27406722044556],[149.12492521166283,-35.2740515]]]}},{"type":"Feature","id":"12418240987:top","properties":{"part":"top","base":5.5,"height":7,"osmId":12418240987},"geometry":{"type":"Polygon","coordinates":[[[149.12491310799734,-35.2740515],[149.12490956999656,-35.2740407202659],[149.12489990399868,-35.27403282895285],[149.1248867,-35.2740299405318],[149.1248734960013,-35.27403282895285],[149.12486383000342,-35.2740407202659],[149.12486029200264,-35.2740515],[149.12486383000342,-35.274062279734096],[149.1248734960013,-35.27407017104715],[149.1248867,-35.2740730594682],[149.12489990399868,-35.27407017104715],[149.12490956999656,-35.274062279734096],[149.12491310799734,-35.2740515]]]}},{"type":"Feature","id":"12418240988:trunk","properties":{"part":"trunk","base":0,"height":3,"osmId":12418240988},"geometry":{"type":"Polygon","coordinates":[[[149.1250500013289,-35.273978],[149.12504941166264,-35.27397620337765],[149.12504780066445,-35.273974888158804],[149.1250456,-35.2739744067553],[149.12504339933554,-35.273974888158804],[149.12504178833734,-35.27397620337765],[149.12504119867108,-35.273978],[149.12504178833734,-35.27397979662235],[149.12504339933554,-35.273981111841195],[149.1250456,-35.2739815932447],[149.12504780066445,-35.273981111841195],[149.12504941166264,-35.27397979662235],[149.1250500013289,-35.273978]]]}},{"type":"Feature","id":"12418240988:crown","properties":{"part":"crown","base":2.5,"height":5.5,"osmId":12418240988},"geometry":{"type":"Polygon","coordinates":[[[149.12508411162787,-35.273978],[149.12507895204809,-35.27396227955444],[149.12506485581395,-35.273950771389565],[149.1250456,-35.27394655910887],[149.12502634418604,-35.273950771389565],[149.1250122479519,-35.27396227955444],[149.12500708837212,-35.273978],[149.1250122479519,-35.27399372044556],[149.12502634418604,-35.274005228610434],[149.1250456,-35.27400944089113],[149.12506485581395,-35.274005228610434],[149.12507895204809,-35.27399372044556],[149.12508411162787,-35.273978]]]}},{"type":"Feature","id":"12418240988:top","properties":{"part":"top","base":5.5,"height":7,"osmId":12418240988},"geometry":{"type":"Polygon","coordinates":[[[149.1250720079734,-35.273978],[149.12506846997582,-35.2739672202659],[149.1250588039867,-35.27395932895285],[149.1250456,-35.2739564405318],[149.1250323960133,-35.27395932895285],[149.12502273002417,-35.2739672202659],[149.1250191920266,-35.273978],[149.12502273002417,-35.2739887797341],[149.1250323960133,-35.27399667104715],[149.1250456,-35.2739995594682],[149.1250588039867,-35.27399667104715],[149.12506846997582,-35.2739887797341],[149.1250720079734,-35.273978]]]}},{"type":"Feature","id":"12418240989:trunk","properties":{"part":"trunk","base":0,"height":3,"osmId":12418240989},"geometry":{"type":"Polygon","coordinates":[[[149.12499400132498,-35.2739059],[149.12499341165923,-35.27390410337765],[149.12499180066249,-35.27390278815881],[149.1249896,-35.2739023067553],[149.1249873993375,-35.27390278815881],[149.12498578834075,-35.27390410337765],[149.124985198675,-35.2739059],[149.12498578834075,-35.27390769662235],[149.1249873993375,-35.2739090118412],[149.1249896,-35.2739094932447],[149.12499180066249,-35.2739090118412],[149.12499341165923,-35.27390769662235],[149.12499400132498,-35.2739059]]]}},{"type":"Feature","id":"12418240989:crown","properties":{"part":"crown","base":2.5,"height":5.5,"osmId":12418240989},"geometry":{"type":"Polygon","coordinates":[[[149.1250281115936,-35.2739059],[149.12502295201838,-35.27389017955444],[149.12500885579678,-35.27387867138957],[149.1249896,-35.273874459108875],[149.1249703442032,-35.27387867138957],[149.1249562479816,-35.27389017955444],[149.1249510884064,-35.2739059],[149.1249562479816,-35.27392162044556],[149.1249703442032,-35.27393312861044],[149.1249896,-35.27393734089113],[149.12500885579678,-35.27393312861044],[149.12502295201838,-35.27392162044556],[149.1250281115936,-35.2739059]]]}},{"type":"Feature","id":"12418240989:top","properties":{"part":"top","base":5.5,"height":7,"osmId":12418240989},"geometry":{"type":"Polygon","coordinates":[[[149.12501600794988,-35.2739059],[149.12501246995546,-35.273895120265905],[149.12500280397495,-35.27388722895285],[149.1249896,-35.2738843405318],[149.12497639602503,-35.27388722895285],[149.12496673004452,-35.273895120265905],[149.1249631920501,-35.2739059],[149.12496673004452,-35.2739166797341],[149.12497639602503,-35.273924571047154],[149.1249896,-35.273927459468204],[149.12500280397495,-35.273924571047154],[149.12501246995546,-35.2739166797341],[149.12501600794988,-35.2739059]]]}},{"type":"Feature","id":"12418240990:trunk","properties":{"part":"trunk","base":0,"height":3,"osmId":12418240990},"geometry":{"type":"Polygon","coordinates":[[[149.12491190132152,-35.2738421],[149.12491131165626,-35.27384030337765],[149.12490970066077,-35.27383898815881],[149.1249075,-35.273838506755304],[149.12490529933925,-35.27383898815881],[149.12490368834375,-35.27384030337765],[149.1249030986785,-35.2738421],[149.12490368834375,-35.27384389662235],[149.12490529933925,-35.2738452118412],[149.1249075,-35.2738456932447],[149.12490970066077,-35.2738452118412],[149.12491131165626,-35.27384389662235],[149.12491190132152,-35.2738421]]]}},{"type":"Feature","id":"12418240990:crown","properties":{"part":"crown","base":2.5,"height":5.5,"osmId":12418240990},"geometry":{"type":"Polygon","coordinates":[[[149.12494601156328,-35.2738421],[149.12494085199214,-35.27382637955444],[149.12492675578164,-35.27381487138957],[149.1249075,-35.273810659108875],[149.12488824421837,-35.27381487138957],[149.12487414800788,-35.27382637955444],[149.12486898843673,-35.2738421],[149.12487414800788,-35.27385782044556],[149.12488824421837,-35.27386932861044],[149.1249075,-35.27387354089113],[149.12492675578164,-35.27386932861044],[149.12494085199214,-35.27385782044556],[149.12494601156328,-35.2738421]]]}},{"type":"Feature","id":"12418240990:top","properties":{"part":"top","base":5.5,"height":7,"osmId":12418240990},"geometry":{"type":"Polygon","coordinates":[[[149.1249339079291,-35.2738421],[149.12493036993746,-35.273831320265906],[149.12492070396456,-35.27382342895285],[149.1249075,-35.2738205405318],[149.12489429603545,-35.27382342895285],[149.12488463006255,-35.273831320265906],[149.12488109207092,-35.2738421],[149.12488463006255,-35.2738528797341],[149.12489429603545,-35.273860771047154],[149.1249075,-35.273863659468205],[149.12492070396456,-35.273860771047154],[149.12493036993746,-35.2738528797341],[149.1249339079291,-35.2738421]]]}},{"type":"Feature","id":"12418241092:trunk","properties":{"part":"trunk","base":0,"height":3,"osmId":12418241092},"geometry":{"type":"Polygon","coordinates":[[[149.1227684016492,-35.279872],[149.12276781194004,-35.27987020337765],[149.1227662008246,-35.2798688881588],[149.122764,-35.2798684067553],[149.12276179917538,-35.2798688881588],[149.12276018805994,-35.27987020337765],[149.12275959835077,-35.279872],[149.12276018805994,-35.27987379662235],[149.12276179917538,-35.27987511184119],[149.122764,-35.2798755932447],[149.1227662008246,-35.27987511184119],[149.12276781194004,-35.27987379662235],[149.1227684016492,-35.279872]]]}},{"type":"Feature","id":"12418241092:crown","properties":{"part":"crown","base":2.5,"height":5.5,"osmId":12418241092},"geometry":{"type":"Polygon","coordinates":[[[149.12280251443062,-35.279872],[149.12279735447532,-35.27985627955444],[149.1227832572153,-35.27984477138956],[149.122764,-35.27984055910887],[149.12274474278468,-35.27984477138956],[149.12273064552465,-35.27985627955444],[149.12272548556936,-35.279872],[149.12273064552465,-35.27988772044556],[149.12274474278468,-35.27989922861043],[149.122764,-35.279903440891125],[149.1227832572153,-35.27989922861043],[149.12279735447532,-35.27988772044556],[149.12280251443062,-35.279872]]]}},{"type":"Feature","id":"12418241092:top","properties":{"part":"top","base":5.5,"height":7,"osmId":12418241092},"geometry":{"type":"Polygon","coordinates":[[[149.12279040989526,-35.279872],[149.12278687164022,-35.2798612202659],[149.12277720494762,-35.279853328952846],[149.122764,-35.279850440531796],[149.12275079505235,-35.279853328952846],[149.12274112835976,-35.2798612202659],[149.12273759010472,-35.279872],[149.12274112835976,-35.279882779734095],[149.12275079505235,-35.27989067104715],[149.122764,-35.2798935594682],[149.12277720494762,-35.27989067104715],[149.12278687164022,-35.279882779734095],[149.12279040989526,-35.279872]]]}},{"type":"Feature","id":"12418241093:trunk","properties":{"part":"trunk","base":0,"height":3,"osmId":12418241093},"geometry":{"type":"Polygon","coordinates":[[[149.12268280164636,-35.2798191],[149.12268221193756,-35.27981730337765],[149.12268060082317,-35.2798159881588],[149.1226784,-35.2798155067553],[149.12267619917685,-35.2798159881588],[149.12267458806247,-35.27981730337765],[149.12267399835366,-35.2798191],[149.12267458806247,-35.27982089662235],[149.12267619917685,-35.27982221184119],[149.1226784,-35.2798226932447],[149.12268060082317,-35.27982221184119],[149.12268221193756,-35.27982089662235],[149.12268280164636,-35.2798191]]]}},{"type":"Feature","id":"12418241093:crown","properties":{"part":"crown","base":2.5,"height":5.5,"osmId":12418241093},"geometry":{"type":"Polygon","coordinates":[[[149.12271691440546,-35.2798191],[149.12271175445355,-35.27980337955444],[149.12269765720274,-35.27979187138956],[149.1226784,-35.27978765910887],[149.1226591427973,-35.27979187138956],[149.12264504554648,-35.27980337955444],[149.12263988559457,-35.2798191],[149.12264504554648,-35.27983482044556],[149.1226591427973,-35.27984632861043],[149.1226784,-35.279850540891125],[149.12269765720274,-35.27984632861043],[149.12271175445355,-35.27983482044556],[149.12271691440546,-35.2798191]]]}},{"type":"Feature","id":"12418241093:top","properties":{"part":"top","base":5.5,"height":7,"osmId":12418241093},"geometry":{"type":"Polygon","coordinates":[[[149.12270480987803,-35.2798191],[149.1227012716253,-35.2798083202659],[149.12269160493904,-35.279800428952846],[149.1226784,-35.279797540531796],[149.122665195061,-35.279800428952846],[149.12265552837474,-35.2798083202659],[149.122651990122,-35.2798191],[149.12265552837474,-35.279829879734095],[149.122665195061,-35.27983777104715],[149.1226784,-35.2798406594682],[149.12269160493904,-35.27983777104715],[149.1227012716253,-35.279829879734095],[149.12270480987803,-35.2798191]]]}},{"type":"Feature","id":"12418241094:trunk","properties":{"part":"trunk","base":0,"height":3,"osmId":12418241094},"geometry":{"type":"Polygon","coordinates":[[[149.12251390164124,-35.2797254],[149.12251331193315,-35.27972360337765],[149.12251170082064,-35.2797222881588],[149.1225095,-35.2797218067553],[149.12250729917938,-35.2797222881588],[149.12250568806687,-35.27972360337765],[149.12250509835877,-35.2797254],[149.12250568806687,-35.279727196622346],[149.12250729917938,-35.27972851184119],[149.1225095,-35.279728993244696],[149.12251170082064,-35.27972851184119],[149.12251331193315,-35.279727196622346],[149.12251390164124,-35.2797254]]]}},{"type":"Feature","id":"12418241094:crown","properties":{"part":"crown","base":2.5,"height":5.5,"osmId":12418241094},"geometry":{"type":"Polygon","coordinates":[[[149.1225480143609,-35.2797254],[149.12254285441495,-35.279709679554436],[149.12252875718045,-35.27969817138956],[149.1225095,-35.27969395910887],[149.12249024281957,-35.27969817138956],[149.12247614558507,-35.279709679554436],[149.12247098563913,-35.2797254],[149.12247614558507,-35.27974112044556],[149.12249024281957,-35.27975262861043],[149.1225095,-35.279756840891125],[149.12252875718045,-35.27975262861043],[149.12254285441495,-35.27974112044556],[149.1225480143609,-35.2797254]]]}},{"type":"Feature","id":"12418241094:top","properties":{"part":"top","base":5.5,"height":7,"osmId":12418241094},"geometry":{"type":"Polygon","coordinates":[[[149.12253590984747,-35.2797254],[149.12253237159882,-35.2797146202659],[149.12252270492374,-35.279706728952846],[149.1225095,-35.279703840531795],[149.12249629507627,-35.279706728952846],[149.1224866284012,-35.2797146202659],[149.12248309015254,-35.2797254],[149.1224866284012,-35.279736179734094],[149.12249629507627,-35.27974407104715],[149.1225095,-35.2797469594682],[149.12252270492374,-35.27974407104715],[149.12253237159882,-35.279736179734094],[149.12253590984747,-35.2797254]]]}},{"type":"Feature","id":"12418241095:trunk","properties":{"part":"trunk","base":0,"height":3,"osmId":12418241095},"geometry":{"type":"Polygon","coordinates":[[[149.12259960164414,-35.2797783],[149.12259901193562,-35.27977650337765],[149.12259740082206,-35.2797751881588],[149.1225952,-35.2797747067553],[149.12259299917795,-35.2797751881588],[149.1225913880644,-35.27977650337765],[149.12259079835587,-35.2797783],[149.1225913880644,-35.279780096622346],[149.12259299917795,-35.27978141184119],[149.1225952,-35.279781893244696],[149.12259740082206,-35.27978141184119],[149.12259901193562,-35.279780096622346],[149.12259960164414,-35.2797783]]]}},{"type":"Feature","id":"12418241095:crown","properties":{"part":"crown","base":2.5,"height":5.5,"osmId":12418241095},"geometry":{"type":"Polygon","coordinates":[[[149.12263371438607,-35.2797783],[149.12262855443674,-35.279762579554436],[149.12261445719304,-35.27975107138956],[149.1225952,-35.27974685910887],[149.12257594280698,-35.27975107138956],[149.12256184556327,-35.279762579554436],[149.12255668561394,-35.2797783],[149.12256184556327,-35.27979402044556],[149.12257594280698,-35.27980552861043],[149.1225952,-35.279809740891125],[149.12261445719304,-35.27980552861043],[149.12262855443674,-35.27979402044556],[149.12263371438607,-35.2797783]]]}},{"type":"Feature","id":"12418241095:top","properties":{"part":"top","base":5.5,"height":7,"osmId":12418241095},"geometry":{"type":"Polygon","coordinates":[[[149.12262160986472,-35.2797783],[149.12261807161377,-35.2797675202659],[149.12260840493238,-35.279759628952846],[149.1225952,-35.279756740531795],[149.12258199506763,-35.279759628952846],[149.12257232838624,-35.2797675202659],[149.1225687901353,-35.2797783],[149.12257232838624,-35.279789079734094],[149.12258199506763,-35.27979697104715],[149.1225952,-35.2797998594682],[149.12260840493238,-35.27979697104715],[149.12261807161377,-35.279789079734094],[149.12262160986472,-35.2797783]]]}},{"type":"Feature","id":"12418241096:trunk","properties":{"part":"trunk","base":0,"height":3,"osmId":12418241096},"geometry":{"type":"Polygon","coordinates":[[[149.1224213016386,-35.2796771],[149.12242071193086,-35.27967530337765],[149.1224191008193,-35.279673988158805],[149.1224169,-35.2796735067553],[149.1224146991807,-35.279673988158805],[149.12241308806912,-35.27967530337765],[149.12241249836137,-35.2796771],[149.12241308806912,-35.27967889662235],[149.1224146991807,-35.279680211841196],[149.1224169,-35.2796806932447],[149.1224191008193,-35.279680211841196],[149.12242071193086,-35.27967889662235],[149.1224213016386,-35.2796771]]]}},{"type":"Feature","id":"12418241096:crown","properties":{"part":"crown","base":2.5,"height":5.5,"osmId":12418241096},"geometry":{"type":"Polygon","coordinates":[[[149.1224554143379,-35.2796771],[149.12245025439503,-35.27966137955444],[149.12243615716895,-35.279649871389566],[149.1224169,-35.27964565910887],[149.12239764283103,-35.279649871389566],[149.12238354560495,-35.27966137955444],[149.12237838566207,-35.2796771],[149.12238354560495,-35.27969282044556],[149.12239764283103,-35.279704328610435],[149.1224169,-35.27970854089113],[149.12243615716895,-35.279704328610435],[149.12245025439503,-35.27969282044556],[149.1224554143379,-35.2796771]]]}},{"type":"Feature","id":"12418241096:top","properties":{"part":"top","base":5.5,"height":7,"osmId":12418241096},"geometry":{"type":"Polygon","coordinates":[[[149.1224433098317,-35.2796771],[149.12243977158516,-35.2796663202659],[149.12243010491585,-35.27965842895285],[149.1224169,-35.2796555405318],[149.12240369508413,-35.27965842895285],[149.12239402841482,-35.2796663202659],[149.12239049016827,-35.2796771],[149.12239402841482,-35.2796878797341],[149.12240369508413,-35.27969577104715],[149.1224169,-35.2796986594682],[149.12243010491585,-35.27969577104715],[149.12243977158516,-35.2796878797341],[149.1224433098317,-35.2796771]]]}},{"type":"Feature","id":"12418241097:trunk","properties":{"part":"trunk","base":0,"height":3,"osmId":12418241097},"geometry":{"type":"Polygon","coordinates":[[[149.12249860163325,-35.2795783],[149.1224980119262,-35.27957650337765],[149.12249640081663,-35.2795751881588],[149.1224942,-35.2795747067553],[149.12249199918338,-35.2795751881588],[149.1224903880738,-35.27957650337765],[149.12248979836676,-35.2795783],[149.1224903880738,-35.27958009662235],[149.12249199918338,-35.27958141184119],[149.1224942,-35.279581893244696],[149.12249640081663,-35.27958141184119],[149.1224980119262,-35.27958009662235],[149.12249860163325,-35.2795783]]]}},{"type":"Feature","id":"12418241097:crown","properties":{"part":"crown","base":2.5,"height":5.5,"osmId":12418241097},"geometry":{"type":"Polygon","coordinates":[[[149.12253271429094,-35.2795783],[149.12252755435435,-35.27956257955444],[149.12251345714546,-35.27955107138956],[149.1224942,-35.27954685910887],[149.12247494285455,-35.27955107138956],[149.12246084564566,-35.27956257955444],[149.12245568570907,-35.2795783],[149.12246084564566,-35.27959402044556],[149.12247494285455,-35.27960552861043],[149.1224942,-35.279609740891125],[149.12251345714546,-35.27960552861043],[149.12252755435435,-35.27959402044556],[149.12253271429094,-35.2795783]]]}},{"type":"Feature","id":"12418241097:top","properties":{"part":"top","base":5.5,"height":7,"osmId":12418241097},"geometry":{"type":"Polygon","coordinates":[[[149.1225206097995,-35.2795783],[149.12251707155727,-35.2795675202659],[149.12250740489975,-35.279559628952846],[149.1224942,-35.279556740531795],[149.12248099510026,-35.279559628952846],[149.12247132844274,-35.2795675202659],[149.12246779020052,-35.2795783],[149.12247132844274,-35.279589079734095],[149.12248099510026,-35.27959697104715],[149.1224942,-35.2795998594682],[149.12250740489975,-35.27959697104715],[149.12251707155727,-35.279589079734095],[149.1225206097995,-35.2795783]]]}},{"type":"Feature","id":"12418241098:trunk","properties":{"part":"trunk","base":0,"height":3,"osmId":12418241098},"geometry":{"type":"Polygon","coordinates":[[[149.12258430163612,-35.2796312],[149.1225837119287,-35.27962940337765],[149.12258210081808,-35.2796280881588],[149.1225799,-35.2796276067553],[149.12257769918193,-35.2796280881588],[149.1225760880713,-35.27962940337765],[149.1225754983639,-35.2796312],[149.1225760880713,-35.27963299662235],[149.12257769918193,-35.27963431184119],[149.1225799,-35.279634793244696],[149.12258210081808,-35.27963431184119],[149.1225837119287,-35.27963299662235],[149.12258430163612,-35.2796312]]]}},{"type":"Feature","id":"12418241098:crown","properties":{"part":"crown","base":2.5,"height":5.5,"osmId":12418241098},"geometry":{"type":"Polygon","coordinates":[[[149.1226184143161,-35.2796312],[149.12261325437615,-35.27961547955444],[149.12259915715805,-35.27960397138956],[149.1225799,-35.27959975910887],[149.12256064284196,-35.27960397138956],[149.12254654562386,-35.27961547955444],[149.12254138568392,-35.2796312],[149.12254654562386,-35.27964692044556],[149.12256064284196,-35.27965842861043],[149.1225799,-35.279662640891125],[149.12259915715805,-35.27965842861043],[149.12261325437615,-35.27964692044556],[149.1226184143161,-35.2796312]]]}},{"type":"Feature","id":"12418241098:top","properties":{"part":"top","base":5.5,"height":7,"osmId":12418241098},"geometry":{"type":"Polygon","coordinates":[[[149.12260630981675,-35.2796312],[149.12260277157222,-35.2796204202659],[149.1225931049084,-35.279612528952846],[149.1225799,-35.279609640531795],[149.12256669509162,-35.279612528952846],[149.1225570284278,-35.2796204202659],[149.12255349018326,-35.2796312],[149.1225570284278,-35.279641979734095],[149.12256669509162,-35.27964987104715],[149.1225799,-35.2796527594682],[149.1225931049084,-35.27964987104715],[149.12260277157222,-35.279641979734095],[149.12260630981675,-35.2796312]]]}},{"type":"Feature","id":"12418241099:trunk","properties":{"part":"trunk","base":0,"height":3,"osmId":12418241099},"geometry":{"type":"Polygon","coordinates":[[[149.12267180163812,-35.2796679],[149.12267121193045,-35.27966610337765],[149.12266960081908,-35.279664788158804],[149.1226674,-35.2796643067553],[149.12266519918094,-35.279664788158804],[149.12266358806957,-35.27966610337765],[149.1226629983619,-35.2796679],[149.12266358806957,-35.27966969662235],[149.12266519918094,-35.279671011841195],[149.1226674,-35.2796714932447],[149.12266960081908,-35.279671011841195],[149.12267121193045,-35.27966969662235],[149.12267180163812,-35.2796679]]]}},{"type":"Feature","id":"12418241099:crown","properties":{"part":"crown","base":2.5,"height":5.5,"osmId":12418241099},"geometry":{"type":"Polygon","coordinates":[[[149.12270591433355,-35.2796679],[149.12270075439127,-35.27965217955444],[149.12268665716678,-35.279640671389565],[149.1226674,-35.27963645910887],[149.12264814283324,-35.279640671389565],[149.12263404560875,-35.27965217955444],[149.12262888566647,-35.2796679],[149.12263404560875,-35.27968362044556],[149.12264814283324,-35.279695128610435],[149.1226674,-35.27969934089113],[149.12268665716678,-35.279695128610435],[149.12270075439127,-35.27968362044556],[149.12270591433355,-35.2796679]]]}},{"type":"Feature","id":"12418241099:top","properties":{"part":"top","base":5.5,"height":7,"osmId":12418241099},"geometry":{"type":"Polygon","coordinates":[[[149.12269380982872,-35.2796679],[149.1226902715826,-35.2796571202659],[149.12268060491436,-35.27964922895285],[149.1226674,-35.2796463405318],[149.12265419508566,-35.27964922895285],[149.12264452841742,-35.2796571202659],[149.1226409901713,-35.2796679],[149.12264452841742,-35.2796786797341],[149.12265419508566,-35.27968657104715],[149.1226674,-35.2796894594682],[149.12268060491436,-35.27968657104715],[149.1226902715826,-35.2796786797341],[149.12269380982872,-35.2796679]]]}},{"type":"Feature","id":"12418241100:trunk","properties":{"part":"trunk","base":0,"height":3,"osmId":12418241100},"geometry":{"type":"Polygon","coordinates":[[[149.122757401641,-35.2797208],[149.1227568119329,-35.27971900337765],[149.12275520082048,-35.279717688158804],[149.122753,-35.2797172067553],[149.1227507991795,-35.279717688158804],[149.12274918806708,-35.27971900337765],[149.12274859835898,-35.2797208],[149.12274918806708,-35.27972259662235],[149.1227507991795,-35.279723911841195],[149.122753,-35.2797243932447],[149.12275520082048,-35.279723911841195],[149.1227568119329,-35.27972259662235],[149.122757401641,-35.2797208]]]}},{"type":"Feature","id":"12418241100:crown","properties":{"part":"crown","base":2.5,"height":5.5,"osmId":12418241100},"geometry":{"type":"Polygon","coordinates":[[[149.12279151435868,-35.2797208],[149.12278635441305,-35.27970507955444],[149.12277225717935,-35.279693571389565],[149.122753,-35.27968935910887],[149.12273374282063,-35.279693571389565],[149.12271964558693,-35.27970507955444],[149.1227144856413,-35.2797208],[149.12271964558693,-35.27973652044556],[149.12273374282063,-35.279748028610435],[149.122753,-35.27975224089113],[149.12277225717935,-35.279748028610435],[149.12278635441305,-35.27973652044556],[149.12279151435868,-35.2797208]]]}},{"type":"Feature","id":"12418241100:top","properties":{"part":"top","base":5.5,"height":7,"osmId":12418241100},"geometry":{"type":"Polygon","coordinates":[[[149.12277940984595,-35.2797208],[149.1227758715975,-35.2797100202659],[149.12276620492298,-35.27970212895285],[149.122753,-35.2796992405318],[149.122739795077,-35.27970212895285],[149.12273012840248,-35.2797100202659],[149.12272659015403,-35.2797208],[149.12273012840248,-35.2797315797341],[149.122739795077,-35.27973947104715],[149.122753,-35.2797423594682],[149.12276620492298,-35.27973947104715],[149.1227758715975,-35.2797315797341],[149.12277940984595,-35.2797208]]]}},{"type":"Feature","id":"12418241101:trunk","properties":{"part":"trunk","base":0,"height":3,"osmId":12418241101},"geometry":{"type":"Polygon","coordinates":[[[149.122861901644,-35.2797761],[149.12286131193554,-35.27977430337765],[149.122859700822,-35.279772988158804],[149.1228575,-35.2797725067553],[149.122855299178,-35.279772988158804],[149.12285368806448,-35.27977430337765],[149.12285309835602,-35.2797761],[149.12285368806448,-35.27977789662235],[149.122855299178,-35.279779211841195],[149.1228575,-35.2797796932447],[149.122859700822,-35.279779211841195],[149.12286131193554,-35.27977789662235],[149.122861901644,-35.2797761]]]}},{"type":"Feature","id":"12418241101:crown","properties":{"part":"crown","base":2.5,"height":5.5,"osmId":12418241101},"geometry":{"type":"Polygon","coordinates":[[[149.12289601438502,-35.2797761],[149.12289085443584,-35.27976037955444],[149.1228767571925,-35.279748871389565],[149.1228575,-35.27974465910887],[149.12283824280752,-35.279748871389565],[149.12282414556418,-35.27976037955444],[149.122818985615,-35.2797761],[149.12282414556418,-35.27979182044556],[149.12283824280752,-35.279803328610434],[149.1228575,-35.27980754089113],[149.1228767571925,-35.279803328610434],[149.12289085443584,-35.27979182044556],[149.12289601438502,-35.2797761]]]}},{"type":"Feature","id":"12418241101:top","properties":{"part":"top","base":5.5,"height":7,"osmId":12418241101},"geometry":{"type":"Polygon","coordinates":[[[149.12288390986402,-35.2797761],[149.12288037161315,-35.2797653202659],[149.122870704932,-35.27975742895285],[149.1228575,-35.2797545405318],[149.122844295068,-35.27975742895285],[149.12283462838687,-35.2797653202659],[149.122831090136,-35.2797761],[149.12283462838687,-35.2797868797341],[149.122844295068,-35.27979477104715],[149.1228575,-35.2797976594682],[149.122870704932,-35.27979477104715],[149.12288037161315,-35.2797868797341],[149.12288390986402,-35.2797761]]]}},{"type":"Feature","id":"12418241102:trunk","properties":{"part":"trunk","base":0,"height":3,"osmId":12418241102},"geometry":{"type":"Polygon","coordinates":[[[149.12294750164685,-35.279829],[149.122946911938,-35.27982720337765],[149.12294530082343,-35.279825888158804],[149.1229431,-35.2798254067553],[149.12294089917654,-35.279825888158804],[149.12293928806199,-35.27982720337765],[149.12293869835312,-35.279829],[149.12293928806199,-35.27983079662235],[149.12294089917654,-35.279832111841195],[149.1229431,-35.2798325932447],[149.12294530082343,-35.279832111841195],[149.122946911938,-35.27983079662235],[149.12294750164685,-35.279829]]]}},{"type":"Feature","id":"12418241102:crown","properties":{"part":"crown","base":2.5,"height":5.5,"osmId":12418241102},"geometry":{"type":"Polygon","coordinates":[[[149.12298161441015,-35.279829],[149.12297645445759,-35.27981327955444],[149.12296235720507,-35.279801771389565],[149.1229431,-35.27979755910887],[149.1229238427949,-35.279801771389565],[149.1229097455424,-35.27981327955444],[149.12290458558982,-35.279829],[149.1229097455424,-35.27984472044556],[149.1229238427949,-35.279856228610434],[149.1229431,-35.27986044089113],[149.12296235720507,-35.279856228610434],[149.12297645445759,-35.27984472044556],[149.12298161441015,-35.279829]]]}},{"type":"Feature","id":"12418241102:top","properties":{"part":"top","base":5.5,"height":7,"osmId":12418241102},"geometry":{"type":"Polygon","coordinates":[[[149.12296950988124,-35.279829],[149.12296597162808,-35.2798182202659],[149.1229563049406,-35.27981032895285],[149.1229431,-35.2798074405318],[149.12292989505937,-35.27981032895285],[149.1229202283719,-35.2798182202659],[149.12291669011873,-35.279829],[149.1229202283719,-35.2798397797341],[149.12292989505937,-35.27984767104715],[149.1229431,-35.2798505594682],[149.1229563049406,-35.27984767104715],[149.12296597162808,-35.2798397797341],[149.12296950988124,-35.279829]]]}},{"type":"Feature","id":"12418241103:trunk","properties":{"part":"trunk","base":0,"height":3,"osmId":12418241103},"geometry":{"type":"Polygon","coordinates":[[[149.12259180162724,-35.2794679],[149.122591211921,-35.27946610337765],[149.1225896008136,-35.279464788158805],[149.1225874,-35.2794643067553],[149.12258519918637,-35.279464788158805],[149.12258358807898,-35.27946610337765],[149.12258299837274,-35.2794679],[149.12258358807898,-35.27946969662235],[149.12258519918637,-35.279471011841196],[149.1225874,-35.2794714932447],[149.1225896008136,-35.279471011841196],[149.122591211921,-35.27946969662235],[149.12259180162724,-35.2794679]]]}},{"type":"Feature","id":"12418241103:crown","properties":{"part":"crown","base":2.5,"height":5.5,"osmId":12418241103},"geometry":{"type":"Polygon","coordinates":[[[149.12262591423843,-35.2794679],[149.12262075430888,-35.27945217955444],[149.1226066571192,-35.279440671389565],[149.1225874,-35.27943645910887],[149.12256814288077,-35.279440671389565],[149.1225540456911,-35.27945217955444],[149.12254888576155,-35.2794679],[149.1225540456911,-35.27948362044556],[149.12256814288077,-35.279495128610435],[149.1225874,-35.27949934089113],[149.1226066571192,-35.279495128610435],[149.12262075430888,-35.27948362044556],[149.12262591423843,-35.2794679]]]}},{"type":"Feature","id":"12418241103:top","properties":{"part":"top","base":5.5,"height":7,"osmId":12418241103},"geometry":{"type":"Polygon","coordinates":[[[149.1226138097635,-35.2794679],[149.12261027152607,-35.2794571202659],[149.12260060488174,-35.27944922895285],[149.1225874,-35.2794463405318],[149.12257419511823,-35.27944922895285],[149.1225645284739,-35.2794571202659],[149.12256099023648,-35.2794679],[149.1225645284739,-35.2794786797341],[149.12257419511823,-35.27948657104715],[149.1225874,-35.2794894594682],[149.12260060488174,-35.27948657104715],[149.12261027152607,-35.2794786797341],[149.1226138097635,-35.2794679]]]}},{"type":"Feature","id":"12418241104:trunk","properties":{"part":"trunk","base":0,"height":3,"osmId":12418241104},"geometry":{"type":"Polygon","coordinates":[[[149.12270720163153,-35.2795464],[149.1227066119247,-35.27954460337765],[149.12270500081578,-35.279543288158806],[149.1227028,-35.2795428067553],[149.12270059918424,-35.279543288158806],[149.1226989880753,-35.27954460337765],[149.1226983983685,-35.2795464],[149.1226989880753,-35.27954819662235],[149.12270059918424,-35.279549511841196],[149.1227028,-35.2795499932447],[149.12270500081578,-35.279549511841196],[149.1227066119247,-35.27954819662235],[149.12270720163153,-35.2795464]]]}},{"type":"Feature","id":"12418241104:crown","properties":{"part":"crown","base":2.5,"height":5.5,"osmId":12418241104},"geometry":{"type":"Polygon","coordinates":[[[149.12274131427577,-35.2795464],[149.12273615434123,-35.27953067955444],[149.1227220571379,-35.279519171389566],[149.1227028,-35.27951495910887],[149.12268354286212,-35.279519171389566],[149.1226694456588,-35.27953067955444],[149.12266428572426,-35.2795464],[149.1226694456588,-35.27956212044556],[149.12268354286212,-35.279573628610436],[149.1227028,-35.27957784089113],[149.1227220571379,-35.279573628610436],[149.12273615434123,-35.27956212044556],[149.12274131427577,-35.2795464]]]}},{"type":"Feature","id":"12418241104:top","properties":{"part":"top","base":5.5,"height":7,"osmId":12418241104},"geometry":{"type":"Polygon","coordinates":[[[149.1227292097891,-35.2795464],[149.12272567154827,-35.279535620265904],[149.12271600489456,-35.27952772895285],[149.1227028,-35.2795248405318],[149.12268959510547,-35.27952772895285],[149.12267992845176,-35.279535620265904],[149.12267639021093,-35.2795464],[149.12267992845176,-35.2795571797341],[149.12268959510547,-35.27956507104715],[149.1227028,-35.2795679594682],[149.12271600489456,-35.27956507104715],[149.12272567154827,-35.2795571797341],[149.1227292097891,-35.2795464]]]}},{"type":"Feature","id":"12418241105:trunk","properties":{"part":"trunk","base":0,"height":3,"osmId":12418241105},"geometry":{"type":"Polygon","coordinates":[[[149.12279500163183,-35.2795519],[149.12279441192499,-35.27955010337765],[149.12279280081592,-35.279548788158806],[149.1227906,-35.2795483067553],[149.1227883991841,-35.279548788158806],[149.12278678807502,-35.27955010337765],[149.12278619836817,-35.2795519],[149.12278678807502,-35.27955369662235],[149.1227883991841,-35.2795550118412],[149.1227906,-35.2795554932447],[149.12279280081592,-35.2795550118412],[149.12279441192499,-35.27955369662235],[149.12279500163183,-35.2795519]]]}},{"type":"Feature","id":"12418241105:crown","properties":{"part":"crown","base":2.5,"height":5.5,"osmId":12418241105},"geometry":{"type":"Polygon","coordinates":[[[149.12282911427837,-35.2795519],[149.1228239543435,-35.27953617955444],[149.1228098571392,-35.27952467138957],[149.1227906,-35.27952045910887],[149.1227713428608,-35.27952467138957],[149.12275724565652,-35.27953617955444],[149.12275208572163,-35.2795519],[149.12275724565652,-35.27956762044556],[149.1227713428608,-35.279579128610436],[149.1227906,-35.27958334089113],[149.1228098571392,-35.279579128610436],[149.1228239543435,-35.27956762044556],[149.12282911427837,-35.2795519]]]}},{"type":"Feature","id":"12418241105:top","properties":{"part":"top","base":5.5,"height":7,"osmId":12418241105},"geometry":{"type":"Polygon","coordinates":[[[149.12281700979088,-35.2795519],[149.12281347154982,-35.279541120265904],[149.12280380489545,-35.27953322895285],[149.1227906,-35.2795303405318],[149.12277739510455,-35.27953322895285],[149.12276772845019,-35.279541120265904],[149.12276419020912,-35.2795519],[149.12276772845019,-35.2795626797341],[149.12277739510455,-35.27957057104715],[149.1227906,-35.2795734594682],[149.12280380489545,-35.27957057104715],[149.12281347154982,-35.2795626797341],[149.12281700979088,-35.2795519]]]}},{"type":"Feature","id":"12418241106:trunk","properties":{"part":"trunk","base":0,"height":3,"osmId":12418241106},"geometry":{"type":"Polygon","coordinates":[[[149.1227935016376,-35.2796585],[149.12279291193,-35.27965670337765],[149.12279130081882,-35.2796553881588],[149.1227891,-35.2796549067553],[149.1227868991812,-35.2796553881588],[149.12278528807002,-35.27965670337765],[149.1227846983624,-35.2796585],[149.12278528807002,-35.279660296622346],[149.1227868991812,-35.27966161184119],[149.1227891,-35.279662093244696],[149.12279130081882,-35.27966161184119],[149.12279291193,-35.279660296622346],[149.1227935016376,-35.2796585]]]}},{"type":"Feature","id":"12418241106:crown","properties":{"part":"crown","base":2.5,"height":5.5,"osmId":12418241106},"geometry":{"type":"Polygon","coordinates":[[[149.12282761432908,-35.2796585],[149.1228224543874,-35.279642779554436],[149.12280835716453,-35.27963127138956],[149.1227891,-35.27962705910887],[149.12276984283548,-35.27963127138956],[149.1227557456126,-35.279642779554436],[149.12275058567093,-35.2796585],[149.1227557456126,-35.27967422044556],[149.12276984283548,-35.27968572861043],[149.1227891,-35.279689940891124],[149.12280835716453,-35.27968572861043],[149.1228224543874,-35.27967422044556],[149.12282761432908,-35.2796585]]]}},{"type":"Feature","id":"12418241106:top","properties":{"part":"top","base":5.5,"height":7,"osmId":12418241106},"geometry":{"type":"Polygon","coordinates":[[[149.12281550982567,-35.2796585],[149.12281197157992,-35.2796477202659],[149.12280230491282,-35.279639828952845],[149.1227891,-35.279636940531795],[149.1227758950872,-35.279639828952845],[149.1227662284201,-35.2796477202659],[149.12276269017434,-35.2796585],[149.1227662284201,-35.279669279734094],[149.1227758950872,-35.27967717104715],[149.1227891,-35.2796800594682],[149.12280230491282,-35.27967717104715],[149.12281197157992,-35.279669279734094],[149.12281550982567,-35.2796585]]]}},{"type":"Feature","id":"12418241107:trunk","properties":{"part":"trunk","base":0,"height":3,"osmId":12418241107},"geometry":{"type":"Polygon","coordinates":[[[149.122862101639,-35.279684],[149.12286151193118,-35.279682203377654],[149.1228599008195,-35.27968088815881],[149.1228577,-35.279680406755304],[149.1228554991805,-35.27968088815881],[149.12285388806882,-35.279682203377654],[149.122853298361,-35.279684],[149.12285388806882,-35.27968579662235],[149.1228554991805,-35.2796871118412],[149.1228577,-35.2796875932447],[149.1228599008195,-35.2796871118412],[149.12286151193118,-35.27968579662235],[149.122862101639,-35.279684]]]}},{"type":"Feature","id":"12418241107:crown","properties":{"part":"crown","base":2.5,"height":5.5,"osmId":12418241107},"geometry":{"type":"Polygon","coordinates":[[[149.1228962143412,-35.279684],[149.12289105439788,-35.27966827955444],[149.1228769571706,-35.27965677138957],[149.1228577,-35.279652559108875],[149.1228384428294,-35.27965677138957],[149.1228243456021,-35.27966827955444],[149.12281918565878,-35.279684],[149.1228243456021,-35.279699720445564],[149.1228384428294,-35.27971122861044],[149.1228577,-35.27971544089113],[149.1228769571706,-35.27971122861044],[149.12289105439788,-35.279699720445564],[149.1228962143412,-35.279684]]]}},{"type":"Feature","id":"12418241107:top","properties":{"part":"top","base":5.5,"height":7,"osmId":12418241107},"geometry":{"type":"Polygon","coordinates":[[[149.12288410983396,-35.279684],[149.12288057158713,-35.279673220265906],[149.122870904917,-35.27966532895285],[149.1228577,-35.2796624405318],[149.122844495083,-35.27966532895285],[149.12283482841286,-35.279673220265906],[149.12283129016603,-35.279684],[149.12283482841286,-35.2796947797341],[149.122844495083,-35.279702671047154],[149.1228577,-35.279705559468205],[149.122870904917,-35.279702671047154],[149.12288057158713,-35.2796947797341],[149.12288410983396,-35.279684]]]}},{"type":"Feature","id":"12418241108:trunk","properties":{"part":"trunk","base":0,"height":3,"osmId":12418241108},"geometry":{"type":"Polygon","coordinates":[[[149.1228987016362,-35.279632],[149.12289811192875,-35.27963020337765],[149.1228965008181,-35.279628888158804],[149.1228943,-35.2796284067553],[149.12289209918194,-35.279628888158804],[149.12289048807128,-35.27963020337765],[149.12288989836384,-35.279632],[149.12289048807128,-35.27963379662235],[149.12289209918194,-35.279635111841195],[149.1228943,-35.2796355932447],[149.1228965008181,-35.279635111841195],[149.12289811192875,-35.27963379662235],[149.1228987016362,-35.279632]]]}},{"type":"Feature","id":"12418241108:crown","properties":{"part":"crown","base":2.5,"height":5.5,"osmId":12418241108},"geometry":{"type":"Polygon","coordinates":[[[149.1229328143165,-35.279632],[149.1229276543765,-35.27961627955444],[149.12291355715826,-35.279604771389565],[149.1228943,-35.27960055910887],[149.12287504284177,-35.279604771389565],[149.12286094562353,-35.27961627955444],[149.12285578568353,-35.279632],[149.12286094562353,-35.27964772044556],[149.12287504284177,-35.279659228610434],[149.1228943,-35.27966344089113],[149.12291355715826,-35.279659228610434],[149.1229276543765,-35.27964772044556],[149.1229328143165,-35.279632]]]}},{"type":"Feature","id":"12418241108:top","properties":{"part":"top","base":5.5,"height":7,"osmId":12418241108},"geometry":{"type":"Polygon","coordinates":[[[149.122920709817,-35.279632],[149.12291717157245,-35.2796212202659],[149.1229075049085,-35.27961332895285],[149.1228943,-35.2796104405318],[149.12288109509151,-35.27961332895285],[149.12287142842757,-35.2796212202659],[149.12286789018302,-35.279632],[149.12287142842757,-35.2796427797341],[149.12288109509151,-35.27965067104715],[149.1228943,-35.2796535594682],[149.1229075049085,-35.27965067104715],[149.12291717157245,-35.2796427797341],[149.122920709817,-35.279632]]]}},{"type":"Feature","id":"12418241109:trunk","properties":{"part":"trunk","base":0,"height":3,"osmId":12418241109},"geometry":{"type":"Polygon","coordinates":[[[149.1229884016388,-35.2796805],[149.122987811931,-35.27967870337765],[149.1229862008194,-35.2796773881588],[149.122984,-35.2796769067553],[149.1229817991806,-35.2796773881588],[149.122980188069,-35.27967870337765],[149.1229795983612,-35.2796805],[149.122980188069,-35.27968229662235],[149.1229817991806,-35.27968361184119],[149.122984,-35.2796840932447],[149.1229862008194,-35.27968361184119],[149.122987811931,-35.27968229662235],[149.1229884016388,-35.2796805]]]}},{"type":"Feature","id":"12418241109:crown","properties":{"part":"crown","base":2.5,"height":5.5,"osmId":12418241109},"geometry":{"type":"Polygon","coordinates":[[[149.12302251433954,-35.2796805],[149.12301735439647,-35.27966477955444],[149.12300325716978,-35.27965327138956],[149.122984,-35.27964905910887],[149.12296474283022,-35.27965327138956],[149.12295064560354,-35.27966477955444],[149.12294548566047,-35.2796805],[149.12295064560354,-35.27969622044556],[149.12296474283022,-35.27970772861043],[149.122984,-35.279711940891126],[149.12300325716978,-35.27970772861043],[149.12301735439647,-35.27969622044556],[149.12302251433954,-35.2796805]]]}},{"type":"Feature","id":"12418241109:top","properties":{"part":"top","base":5.5,"height":7,"osmId":12418241109},"geometry":{"type":"Polygon","coordinates":[[[149.12301040983283,-35.2796805],[149.12300687158614,-35.2796697202659],[149.1229972049164,-35.27966182895285],[149.122984,-35.279658940531796],[149.1229707950836,-35.27966182895285],[149.12296112841386,-35.2796697202659],[149.12295759016718,-35.2796805],[149.12296112841386,-35.279691279734095],[149.1229707950836,-35.27969917104715],[149.122984,-35.2797020594682],[149.1229972049164,-35.27969917104715],[149.12300687158614,-35.279691279734095],[149.12301040983283,-35.2796805]]]}},{"type":"Feature","id":"12418241110:trunk","properties":{"part":"trunk","base":0,"height":3,"osmId":12418241110},"geometry":{"type":"Polygon","coordinates":[[[149.12296920163791,-35.2796638],[149.12296861193025,-35.27966200337765],[149.12296700081896,-35.279660688158806],[149.1229648,-35.2796602067553],[149.12296259918105,-35.279660688158806],[149.12296098806976,-35.27966200337765],[149.1229603983621,-35.2796638],[149.12296098806976,-35.27966559662235],[149.12296259918105,-35.2796669118412],[149.1229648,-35.2796673932447],[149.12296700081896,-35.2796669118412],[149.12296861193025,-35.27966559662235],[149.12296920163791,-35.2796638]]]}},{"type":"Feature","id":"12418241110:crown","properties":{"part":"crown","base":2.5,"height":5.5,"osmId":12418241110},"geometry":{"type":"Polygon","coordinates":[[[149.1230033143316,-35.2796638],[149.12299815438956,-35.27964807955444],[149.1229840571658,-35.27963657138957],[149.1229648,-35.279632359108874],[149.1229455428342,-35.27963657138957],[149.12293144561045,-35.27964807955444],[149.1229262856684,-35.2796638],[149.12293144561045,-35.27967952044556],[149.1229455428342,-35.279691028610436],[149.1229648,-35.27969524089113],[149.1229840571658,-35.279691028610436],[149.12299815438956,-35.27967952044556],[149.1230033143316,-35.2796638]]]}},{"type":"Feature","id":"12418241110:top","properties":{"part":"top","base":5.5,"height":7,"osmId":12418241110},"geometry":{"type":"Polygon","coordinates":[[[149.12299120982738,-35.2796638],[149.12298767158143,-35.279653020265904],[149.1229780049137,-35.27964512895285],[149.1229648,-35.2796422405318],[149.1229515950863,-35.27964512895285],[149.12294192841858,-35.279653020265904],[149.12293839017264,-35.2796638],[149.12294192841858,-35.2796745797341],[149.1229515950863,-35.27968247104715],[149.1229648,-35.2796853594682],[149.1229780049137,-35.27968247104715],[149.12298767158143,-35.2796745797341],[149.12299120982738,-35.2796638]]]}},{"type":"Feature","id":"12418241111:trunk","properties":{"part":"trunk","base":0,"height":3,"osmId":12418241111},"geometry":{"type":"Polygon","coordinates":[[[149.12307950163935,-35.2796907],[149.1230789119315,-35.279688903377654],[149.1230773008197,-35.27968758815881],[149.1230751,-35.279687106755304],[149.1230728991803,-35.27968758815881],[149.1230712880685,-35.279688903377654],[149.12307069836064,-35.2796907],[149.1230712880685,-35.27969249662235],[149.1230728991803,-35.2796938118412],[149.1230751,-35.2796942932447],[149.1230773008197,-35.2796938118412],[149.1230789119315,-35.27969249662235],[149.12307950163935,-35.2796907]]]}},{"type":"Feature","id":"12418241111:crown","properties":{"part":"crown","base":2.5,"height":5.5,"osmId":12418241111},"geometry":{"type":"Polygon","coordinates":[[[149.1231136143444,-35.2796907],[149.12310845440064,-35.27967497955444],[149.1230943571722,-35.27966347138957],[149.1230751,-35.279659259108875],[149.1230558428278,-35.27966347138957],[149.12304174559935,-35.27967497955444],[149.1230365856556,-35.2796907],[149.12304174559935,-35.279706420445564],[149.1230558428278,-35.27971792861044],[149.1230751,-35.27972214089113],[149.1230943571722,-35.27971792861044],[149.12310845440064,-35.279706420445564],[149.1231136143444,-35.2796907]]]}},{"type":"Feature","id":"12418241111:top","properties":{"part":"top","base":5.5,"height":7,"osmId":12418241111},"geometry":{"type":"Polygon","coordinates":[[[149.12310150983615,-35.2796907],[149.123097971589,-35.279679920265906],[149.12308830491807,-35.27967202895285],[149.1230751,-35.2796691405318],[149.12306189508192,-35.27967202895285],[149.12305222841098,-35.279679920265906],[149.12304869016384,-35.2796907],[149.12305222841098,-35.2797014797341],[149.12306189508192,-35.279709371047154],[149.1230751,-35.279712259468205],[149.12308830491807,-35.279709371047154],[149.123097971589,-35.2797014797341],[149.12310150983615,-35.2796907]]]}},{"type":"Feature","id":"12418241112:trunk","properties":{"part":"trunk","base":0,"height":3,"osmId":12418241112},"geometry":{"type":"Polygon","coordinates":[[[149.1230985016339,-35.2795903],[149.12309791192678,-35.27958850337765],[149.12309630081694,-35.27958718815881],[149.1230941,-35.2795867067553],[149.12309189918307,-35.27958718815881],[149.12309028807323,-35.27958850337765],[149.1230896983661,-35.2795903],[149.12309028807323,-35.27959209662235],[149.12309189918307,-35.2795934118412],[149.1230941,-35.2795938932447],[149.12309630081694,-35.2795934118412],[149.12309791192678,-35.27959209662235],[149.1230985016339,-35.2795903]]]}},{"type":"Feature","id":"12418241112:crown","properties":{"part":"crown","base":2.5,"height":5.5,"osmId":12418241112},"geometry":{"type":"Polygon","coordinates":[[[149.12313261429665,-35.2795903],[149.1231274543593,-35.27957457955444],[149.12311335714833,-35.27956307138957],[149.1230941,-35.279558859108874],[149.12307484285168,-35.27956307138957],[149.12306074564071,-35.27957457955444],[149.12305558570336,-35.2795903],[149.12306074564071,-35.27960602044556],[149.12307484285168,-35.27961752861044],[149.1230941,-35.27962174089113],[149.12311335714833,-35.27961752861044],[149.1231274543593,-35.27960602044556],[149.12313261429665,-35.2795903]]]}},{"type":"Feature","id":"12418241112:top","properties":{"part":"top","base":5.5,"height":7,"osmId":12418241112},"geometry":{"type":"Polygon","coordinates":[[[149.1231205098034,-35.2795903],[149.12311697156068,-35.279579520265905],[149.1231073049017,-35.27957162895285],[149.1230941,-35.2795687405318],[149.1230808950983,-35.27957162895285],[149.12307122843933,-35.279579520265905],[149.1230676901966,-35.2795903],[149.12307122843933,-35.2796010797341],[149.1230808950983,-35.27960897104715],[149.1230941,-35.279611859468204],[149.1231073049017,-35.27960897104715],[149.12311697156068,-35.2796010797341],[149.1231205098034,-35.2795903]]]}},{"type":"Feature","id":"12418241113:trunk","properties":{"part":"trunk","base":0,"height":3,"osmId":12418241113},"geometry":{"type":"Polygon","coordinates":[[[149.12316640163095,-35.279536],[149.12316581192422,-35.27953420337765],[149.1231642008155,-35.279532888158805],[149.123162,-35.2795324067553],[149.12315979918452,-35.279532888158805],[149.1231581880758,-35.27953420337765],[149.12315759836906,-35.279536],[149.1231581880758,-35.27953779662235],[149.12315979918452,-35.279539111841196],[149.123162,-35.2795395932447],[149.1231642008155,-35.279539111841196],[149.12316581192422,-35.27953779662235],[149.12316640163095,-35.279536]]]}},{"type":"Feature","id":"12418241113:crown","properties":{"part":"crown","base":2.5,"height":5.5,"osmId":12418241113},"geometry":{"type":"Polygon","coordinates":[[[149.12320051427082,-35.279536],[149.12319535433696,-35.27952027955444],[149.12318125713543,-35.279508771389565],[149.123162,-35.27950455910887],[149.1231427428646,-35.279508771389565],[149.12312864566306,-35.27952027955444],[149.1231234857292,-35.279536],[149.12312864566306,-35.27955172044556],[149.1231427428646,-35.279563228610435],[149.123162,-35.27956744089113],[149.12318125713543,-35.279563228610435],[149.12319535433696,-35.27955172044556],[149.12320051427082,-35.279536]]]}},{"type":"Feature","id":"12418241113:top","properties":{"part":"top","base":5.5,"height":7,"osmId":12418241113},"geometry":{"type":"Polygon","coordinates":[[[149.1231884097857,-35.279536],[149.12318487154533,-35.2795252202659],[149.12317520489285,-35.27951732895285],[149.123162,-35.2795144405318],[149.12314879510717,-35.27951732895285],[149.12313912845468,-35.2795252202659],[149.1231355902143,-35.279536],[149.12313912845468,-35.2795467797341],[149.12314879510717,-35.27955467104715],[149.123162,-35.2795575594682],[149.12317520489285,-35.27955467104715],[149.12318487154533,-35.2795467797341],[149.1231884097857,-35.279536]]]}},{"type":"Feature","id":"12418241114:trunk","properties":{"part":"trunk","base":0,"height":3,"osmId":12418241114},"geometry":{"type":"Polygon","coordinates":[[[149.12322140162752,-35.2794729],[149.12322081192127,-35.27947110337765],[149.12321920081376,-35.279469788158806],[149.123217,-35.2794693067553],[149.12321479918626,-35.279469788158806],[149.12321318807875,-35.27947110337765],[149.1232125983725,-35.2794729],[149.12321318807875,-35.27947469662235],[149.12321479918626,-35.2794760118412],[149.123217,-35.2794764932447],[149.12321920081376,-35.2794760118412],[149.12322081192127,-35.27947469662235],[149.12322140162752,-35.2794729]]]}},{"type":"Feature","id":"12418241114:crown","properties":{"part":"crown","base":2.5,"height":5.5,"osmId":12418241114},"geometry":{"type":"Polygon","coordinates":[[[149.1232555142408,-35.2794729],[149.12325035431095,-35.27945717955444],[149.12323625712042,-35.27944567138957],[149.123217,-35.279441459108874],[149.1231977428796,-35.27944567138957],[149.12318364568907,-35.27945717955444],[149.1231784857592,-35.2794729],[149.12318364568907,-35.27948862044556],[149.1231977428796,-35.27950012861044],[149.123217,-35.27950434089113],[149.12323625712042,-35.27950012861044],[149.12325035431095,-35.27948862044556],[149.1232555142408,-35.2794729]]]}},{"type":"Feature","id":"12418241114:top","properties":{"part":"top","base":5.5,"height":7,"osmId":12418241114},"geometry":{"type":"Polygon","coordinates":[[[149.12324340976514,-35.2794729],[149.12323987152752,-35.279462120265904],[149.12323020488256,-35.27945422895285],[149.123217,-35.2794513405318],[149.12320379511746,-35.27945422895285],[149.1231941284725,-35.279462120265904],[149.12319059023488,-35.2794729],[149.1231941284725,-35.2794836797341],[149.12320379511746,-35.27949157104715],[149.123217,-35.279494459468204],[149.12323020488256,-35.27949157104715],[149.12323987152752,-35.2794836797341],[149.12324340976514,-35.2794729]]]}},{"type":"Feature","id":"12418241115:trunk","properties":{"part":"trunk","base":0,"height":3,"osmId":12418241115},"geometry":{"type":"Polygon","coordinates":[[[149.12324710162574,-35.2794401],[149.1232465119197,-35.27943830337765],[149.12324490081286,-35.27943698815881],[149.1232427,-35.2794365067553],[149.12324049918712,-35.27943698815881],[149.1232388880803,-35.27943830337765],[149.12323829837425,-35.2794401],[149.1232388880803,-35.27944189662235],[149.12324049918712,-35.2794432118412],[149.1232427,-35.2794436932447],[149.12324490081286,-35.2794432118412],[149.1232465119197,-35.27944189662235],[149.12324710162574,-35.2794401]]]}},{"type":"Feature","id":"12418241115:crown","properties":{"part":"crown","base":2.5,"height":5.5,"osmId":12418241115},"geometry":{"type":"Polygon","coordinates":[[[149.1232812142252,-35.2794401],[149.12327605429743,-35.27942437955444],[149.1232619571126,-35.27941287138957],[149.1232427,-35.279408659108874],[149.1232234428874,-35.27941287138957],[149.12320934570255,-35.27942437955444],[149.1232041857748,-35.2794401],[149.12320934570255,-35.27945582044556],[149.1232234428874,-35.27946732861044],[149.1232427,-35.27947154089113],[149.1232619571126,-35.27946732861044],[149.12327605429743,-35.27945582044556],[149.1232812142252,-35.2794401]]]}},{"type":"Feature","id":"12418241115:top","properties":{"part":"top","base":5.5,"height":7,"osmId":12418241115},"geometry":{"type":"Polygon","coordinates":[[[149.12326910975443,-35.2794401],[149.12326557151823,-35.279429320265905],[149.1232559048772,-35.27942142895285],[149.1232427,-35.2794185405318],[149.12322949512279,-35.27942142895285],[149.12321982848175,-35.279429320265905],[149.12321629024555,-35.2794401],[149.12321982848175,-35.2794508797341],[149.12322949512279,-35.27945877104715],[149.1232427,-35.279461659468204],[149.1232559048772,-35.27945877104715],[149.12326557151823,-35.2794508797341],[149.12326910975443,-35.2794401]]]}},{"type":"Feature","id":"12418241116:trunk","properties":{"part":"trunk","base":0,"height":3,"osmId":12418241116},"geometry":{"type":"Polygon","coordinates":[[[149.12330460162227,-35.2793762],[149.1233040119167,-35.27937440337765],[149.12330240081113,-35.279373088158806],[149.1233002,-35.2793726067553],[149.12329799918885,-35.279373088158806],[149.12329638808328,-35.27937440337765],[149.1232957983777,-35.2793762],[149.12329638808328,-35.27937799662235],[149.12329799918885,-35.2793793118412],[149.1233002,-35.2793797932447],[149.12330240081113,-35.2793793118412],[149.1233040119167,-35.27937799662235],[149.12330460162227,-35.2793762]]]}},{"type":"Feature","id":"12418241116:crown","properties":{"part":"crown","base":2.5,"height":5.5,"osmId":12418241116},"geometry":{"type":"Polygon","coordinates":[[[149.1233387141948,-35.2793762],[149.1233335542711,-35.27936047955444],[149.1233194570974,-35.27934897138957],[149.1233002,-35.279344759108874],[149.12328094290257,-35.27934897138957],[149.12326684572886,-35.27936047955444],[149.12326168580518,-35.2793762],[149.12326684572886,-35.27939192044556],[149.12328094290257,-35.279403428610436],[149.1233002,-35.27940764089113],[149.1233194570974,-35.279403428610436],[149.1233335542711,-35.27939192044556],[149.1233387141948,-35.2793762]]]}},{"type":"Feature","id":"12418241116:top","properties":{"part":"top","base":5.5,"height":7,"osmId":12418241116},"geometry":{"type":"Polygon","coordinates":[[[149.12332660973357,-35.2793762],[149.12332307150018,-35.279365420265904],[149.1233134048668,-35.27935752895285],[149.1233002,-35.2793546405318],[149.12328699513318,-35.27935752895285],[149.1232773284998,-35.279365420265904],[149.1232737902664,-35.2793762],[149.1232773284998,-35.2793869797341],[149.12328699513318,-35.27939487104715],[149.1233002,-35.2793977594682],[149.1233134048668,-35.27939487104715],[149.12332307150018,-35.2793869797341],[149.12332660973357,-35.2793762]]]}},{"type":"Feature","id":"12418241117:trunk","properties":{"part":"trunk","base":0,"height":3,"osmId":12418241117},"geometry":{"type":"Polygon","coordinates":[[[149.1233308016305,-35.2795274],[149.12333021192381,-35.27952560337765],[149.12332860081523,-35.279524288158804],[149.1233264,-35.2795238067553],[149.12332419918476,-35.279524288158804],[149.12332258807618,-35.27952560337765],[149.1233219983695,-35.2795274],[149.12332258807618,-35.27952919662235],[149.12332419918476,-35.279530511841195],[149.1233264,-35.2795309932447],[149.12332860081523,-35.279530511841195],[149.12333021192381,-35.27952919662235],[149.1233308016305,-35.2795274]]]}},{"type":"Feature","id":"12418241117:crown","properties":{"part":"crown","base":2.5,"height":5.5,"osmId":12418241117},"geometry":{"type":"Polygon","coordinates":[[[149.12336491426672,-35.2795274],[149.1233597543334,-35.27951167955444],[149.12334565713337,-35.279500171389564],[149.1233264,-35.27949595910887],[149.12330714286662,-35.279500171389564],[149.1232930456666,-35.27951167955444],[149.12328788573328,-35.2795274],[149.1232930456666,-35.27954312044556],[149.12330714286662,-35.279554628610434],[149.1233264,-35.27955884089113],[149.12334565713337,-35.279554628610434],[149.1233597543334,-35.27954312044556],[149.12336491426672,-35.2795274]]]}},{"type":"Feature","id":"12418241117:top","properties":{"part":"top","base":5.5,"height":7,"osmId":12418241117},"geometry":{"type":"Polygon","coordinates":[[[149.1233528097829,-35.2795274],[149.1233492715429,-35.2795166202659],[149.12333960489144,-35.27950872895285],[149.1233264,-35.2795058405318],[149.12331319510855,-35.27950872895285],[149.1233035284571,-35.2795166202659],[149.1232999902171,-35.2795274],[149.1233035284571,-35.2795381797341],[149.12331319510855,-35.27954607104715],[149.1233264,-35.2795489594682],[149.12333960489144,-35.27954607104715],[149.1233492715429,-35.2795381797341],[149.1233528097829,-35.2795274]]]}},{"type":"Feature","id":"12418241118:trunk","properties":{"part":"trunk","base":0,"height":3,"osmId":12418241118},"geometry":{"type":"Polygon","coordinates":[[[149.1233707016253,-35.2794326],[149.12337011191934,-35.27943080337765],[149.12336850081266,-35.279429488158804],[149.1233663,-35.2794290067553],[149.1233640991873,-35.279429488158804],[149.12336248808063,-35.27943080337765],[149.12336189837467,-35.2794326],[149.12336248808063,-35.27943439662235],[149.1233640991873,-35.279435711841195],[149.1233663,-35.2794361932447],[149.12336850081266,-35.279435711841195],[149.12337011191934,-35.27943439662235],[149.1233707016253,-35.2794326]]]}},{"type":"Feature","id":"12418241118:crown","properties":{"part":"crown","base":2.5,"height":5.5,"osmId":12418241118},"geometry":{"type":"Polygon","coordinates":[[[149.12340481422163,-35.2794326],[149.12339965429433,-35.27941687955444],[149.1233855571108,-35.279405371389565],[149.1233663,-35.27940115910887],[149.12334704288918,-35.279405371389565],[149.12333294570564,-35.27941687955444],[149.12332778577834,-35.2794326],[149.12333294570564,-35.27944832044556],[149.12334704288918,-35.279459828610435],[149.1233663,-35.27946404089113],[149.1233855571108,-35.279459828610435],[149.12339965429433,-35.27944832044556],[149.12340481422163,-35.2794326]]]}},{"type":"Feature","id":"12418241118:top","properties":{"part":"top","base":5.5,"height":7,"osmId":12418241118},"geometry":{"type":"Polygon","coordinates":[[[149.12339270975198,-35.2794326],[149.12338917151612,-35.2794218202659],[149.12337950487597,-35.27941392895285],[149.1233663,-35.2794110405318],[149.123353095124,-35.27941392895285],[149.12334342848385,-35.2794218202659],[149.123339890248,-35.2794326],[149.12334342848385,-35.2794433797341],[149.123353095124,-35.27945127104715],[149.1233663,-35.2794541594682],[149.12337950487597,-35.27945127104715],[149.12338917151612,-35.2794433797341],[149.12339270975198,-35.2794326]]]}},{"type":"Feature","id":"12418241119:trunk","properties":{"part":"trunk","base":0,"height":3,"osmId":12418241119},"geometry":{"type":"Polygon","coordinates":[[[149.12341040161516,-35.2792457],[149.12340981191053,-35.27924390337765],[149.12340820080757,-35.2792425881588],[149.123406,-35.2792421067553],[149.1234037991924,-35.2792425881588],[149.12340218808944,-35.27924390337765],[149.12340159838482,-35.2792457],[149.12340218808944,-35.27924749662235],[149.1234037991924,-35.27924881184119],[149.123406,-35.279249293244696],[149.12340820080757,-35.27924881184119],[149.12340981191053,-35.27924749662235],[149.12341040161516,-35.2792457]]]}},{"type":"Feature","id":"12418241119:crown","properties":{"part":"crown","base":2.5,"height":5.5,"osmId":12418241119},"geometry":{"type":"Polygon","coordinates":[[[149.12344451413276,-35.2792457],[149.12343935421737,-35.27922997955444],[149.12342525706637,-35.27921847138956],[149.123406,-35.27921425910887],[149.1233867429336,-35.27921847138956],[149.1233726457826,-35.27922997955444],[149.12336748586722,-35.2792457],[149.1233726457826,-35.27926142044556],[149.1233867429336,-35.27927292861043],[149.123406,-35.279277140891125],[149.12342525706637,-35.27927292861043],[149.12343935421737,-35.27926142044556],[149.12344451413276,-35.2792457]]]}},{"type":"Feature","id":"12418241119:top","properties":{"part":"top","base":5.5,"height":7,"osmId":12418241119},"geometry":{"type":"Polygon","coordinates":[[[149.12343240969102,-35.2792457],[149.12342887146332,-35.2792349202659],[149.1234192048455,-35.279227028952846],[149.123406,-35.279224140531795],[149.12339279515447,-35.279227028952846],[149.12338312853666,-35.2792349202659],[149.12337959030896,-35.2792457],[149.12338312853666,-35.279256479734094],[149.12339279515447,-35.27926437104715],[149.123406,-35.2792672594682],[149.1234192048455,-35.27926437104715],[149.12342887146332,-35.279256479734094],[149.12343240969102,-35.2792457]]]}},{"type":"Feature","id":"12418241120:trunk","properties":{"part":"trunk","base":0,"height":3,"osmId":12418241120},"geometry":{"type":"Polygon","coordinates":[[[149.12345940161833,-35.279304],[149.1234588119133,-35.279302203377654],[149.12345720080918,-35.27930088815881],[149.123455,-35.279300406755304],[149.12345279919083,-35.27930088815881],[149.1234511880867,-35.279302203377654],[149.12345059838168,-35.279304],[149.1234511880867,-35.27930579662235],[149.12345279919083,-35.2793071118412],[149.123455,-35.2793075932447],[149.12345720080918,-35.2793071118412],[149.1234588119133,-35.27930579662235],[149.12345940161833,-35.279304]]]}},{"type":"Feature","id":"12418241120:crown","properties":{"part":"crown","base":2.5,"height":5.5,"osmId":12418241120},"geometry":{"type":"Polygon","coordinates":[[[149.1234935141605,-35.279304],[149.1234883542414,-35.27928827955444],[149.12347425708026,-35.27927677138957],[149.123455,-35.279272559108875],[149.12343574291975,-35.27927677138957],[149.1234216457586,-35.27928827955444],[149.12341648583953,-35.279304],[149.1234216457586,-35.279319720445564],[149.12343574291975,-35.27933122861044],[149.123455,-35.27933544089113],[149.12347425708026,-35.27933122861044],[149.1234883542414,-35.279319720445564],[149.1234935141605,-35.279304]]]}},{"type":"Feature","id":"12418241120:top","properties":{"part":"top","base":5.5,"height":7,"osmId":12418241120},"geometry":{"type":"Polygon","coordinates":[[[149.12348140971005,-35.279304],[149.12347787147982,-35.279293220265906],[149.12346820485502,-35.27928532895285],[149.123455,-35.2792824405318],[149.123441795145,-35.27928532895285],[149.1234321285202,-35.279293220265906],[149.12342859028996,-35.279304],[149.1234321285202,-35.2793147797341],[149.123441795145,-35.279322671047154],[149.123455,-35.279325559468205],[149.12346820485502,-35.279322671047154],[149.12347787147982,-35.2793147797341],[149.12348140971005,-35.279304]]]}},{"type":"Feature","id":"12418241121:trunk","properties":{"part":"trunk","base":0,"height":3,"osmId":12418241121},"geometry":{"type":"Polygon","coordinates":[[[149.1234728016134,-35.2792128],[149.12347221190902,-35.279211003377654],[149.1234706008067,-35.27920968815881],[149.1234684,-35.279209206755304],[149.1234661991933,-35.27920968815881],[149.123464588091,-35.279211003377654],[149.12346399838663,-35.2792128],[149.123464588091,-35.27921459662235],[149.1234661991933,-35.2792159118412],[149.1234684,-35.2792163932447],[149.1234706008067,-35.2792159118412],[149.12347221190902,-35.27921459662235],[149.1234728016134,-35.2792128]]]}},{"type":"Feature","id":"12418241121:crown","properties":{"part":"crown","base":2.5,"height":5.5,"osmId":12418241121},"geometry":{"type":"Polygon","coordinates":[[[149.12350691411712,-35.2792128],[149.12350175420383,-35.27919707955444],[149.12348765705858,-35.27918557138957],[149.1234684,-35.279181359108875],[149.12344914294144,-35.27918557138957],[149.12343504579619,-35.27919707955444],[149.1234298858829,-35.2792128],[149.12343504579619,-35.279228520445564],[149.12344914294144,-35.27924002861044],[149.1234684,-35.27924424089113],[149.12348765705858,-35.27924002861044],[149.12350175420383,-35.279228520445564],[149.12350691411712,-35.2792128]]]}},{"type":"Feature","id":"12418241121:top","properties":{"part":"top","base":5.5,"height":7,"osmId":12418241121},"geometry":{"type":"Polygon","coordinates":[[[149.12349480968032,-35.2792128],[149.12349127145404,-35.279202020265906],[149.12348160484015,-35.27919412895285],[149.1234684,-35.2791912405318],[149.12345519515986,-35.27919412895285],[149.12344552854597,-35.279202020265906],[149.1234419903197,-35.2792128],[149.12344552854597,-35.2792235797341],[149.12345519515986,-35.279231471047154],[149.1234684,-35.279234359468205],[149.12348160484015,-35.279231471047154],[149.12349127145404,-35.2792235797341],[149.12349480968032,-35.2792128]]]}},{"type":"Feature","id":"12418241122:trunk","properties":{"part":"trunk","base":0,"height":3,"osmId":12418241122},"geometry":{"type":"Polygon","coordinates":[[[149.1235312016159,-35.2792589],[149.12353061191118,-35.27925710337765],[149.12352900080796,-35.27925578815881],[149.1235268,-35.2792553067553],[149.12352459919205,-35.27925578815881],[149.12352298808884,-35.27925710337765],[149.12352239838413,-35.2792589],[149.12352298808884,-35.27926069662235],[149.12352459919205,-35.2792620118412],[149.1235268,-35.2792624932447],[149.12352900080796,-35.2792620118412],[149.12353061191118,-35.27926069662235],[149.1235312016159,-35.2792589]]]}},{"type":"Feature","id":"12418241122:crown","properties":{"part":"crown","base":2.5,"height":5.5,"osmId":12418241122},"geometry":{"type":"Polygon","coordinates":[[[149.12356531413903,-35.2792589],[149.12356015422282,-35.27924317955444],[149.12354605706952,-35.27923167138957],[149.1235268,-35.279227459108874],[149.1235075429305,-35.27923167138957],[149.1234934457772,-35.27924317955444],[149.123488285861,-35.2792589],[149.1234934457772,-35.27927462044556],[149.1235075429305,-35.27928612861044],[149.1235268,-35.27929034089113],[149.12354605706952,-35.27928612861044],[149.12356015422282,-35.27927462044556],[149.12356531413903,-35.2792589]]]}},{"type":"Feature","id":"12418241122:top","properties":{"part":"top","base":5.5,"height":7,"osmId":12418241122},"geometry":{"type":"Polygon","coordinates":[[[149.12355320969533,-35.2792589],[149.1235496714671,-35.279248120265905],[149.12354000484768,-35.27924022895285],[149.1235268,-35.2792373405318],[149.12351359515233,-35.27924022895285],[149.12350392853293,-35.279248120265905],[149.12350039030468,-35.2792589],[149.12350392853293,-35.2792696797341],[149.12351359515233,-35.27927757104715],[149.1235268,-35.279280459468204],[149.12354000484768,-35.27927757104715],[149.1235496714671,-35.2792696797341],[149.12355320969533,-35.2792589]]]}},{"type":"Feature","id":"12418241123:trunk","properties":{"part":"trunk","base":0,"height":3,"osmId":12418241123},"geometry":{"type":"Polygon","coordinates":[[[149.12360280161246,-35.2791958],[149.1236022119082,-35.27919400337765],[149.1236006008062,-35.2791926881588],[149.1235984,-35.2791922067553],[149.12359619919377,-35.2791926881588],[149.12359458809178,-35.27919400337765],[149.12359399838752,-35.2791958],[149.12359458809178,-35.279197596622346],[149.12359619919377,-35.27919891184119],[149.1235984,-35.279199393244696],[149.1236006008062,-35.27919891184119],[149.1236022119082,-35.279197596622346],[149.12360280161246,-35.2791958]]]}},{"type":"Feature","id":"12418241123:crown","properties":{"part":"crown","base":2.5,"height":5.5,"osmId":12418241123},"geometry":{"type":"Polygon","coordinates":[[[149.12363691410903,-35.2791958],[149.12363175419682,-35.279180079554436],[149.1236176570545,-35.27916857138956],[149.1235984,-35.27916435910887],[149.1235791429455,-35.27916857138956],[149.12356504580316,-35.279180079554436],[149.12355988589096,-35.2791958],[149.12356504580316,-35.27921152044556],[149.1235791429455,-35.27922302861043],[149.1235984,-35.279227240891124],[149.1236176570545,-35.27922302861043],[149.12363175419682,-35.27921152044556],[149.12363691410903,-35.2791958]]]}},{"type":"Feature","id":"12418241123:top","properties":{"part":"top","base":5.5,"height":7,"osmId":12418241123},"geometry":{"type":"Polygon","coordinates":[[[149.12362480967474,-35.2791958],[149.12362127144925,-35.2791850202659],[149.12361160483738,-35.279177128952846],[149.1235984,-35.279174240531795],[149.1235851951626,-35.279177128952846],[149.12357552855073,-35.2791850202659],[149.12357199032525,-35.2791958],[149.12357552855073,-35.279206579734094],[149.1235851951626,-35.27921447104715],[149.1235984,-35.2792173594682],[149.12361160483738,-35.27921447104715],[149.12362127144925,-35.279206579734094],[149.12362480967474,-35.2791958]]]}},{"type":"Feature","id":"12418241124:trunk","properties":{"part":"trunk","base":0,"height":3,"osmId":12418241124},"geometry":{"type":"Polygon","coordinates":[[[149.12327900161293,-35.2792042],[149.12327841190861,-35.27920240337765],[149.12327680080645,-35.27920108815881],[149.1232746,-35.2792006067553],[149.12327239919355,-35.27920108815881],[149.1232707880914,-35.27920240337765],[149.12327019838708,-35.2792042],[149.1232707880914,-35.27920599662235],[149.12327239919355,-35.2792073118412],[149.1232746,-35.2792077932447],[149.12327680080645,-35.2792073118412],[149.12327841190861,-35.27920599662235],[149.12327900161293,-35.2792042]]]}},{"type":"Feature","id":"12418241124:crown","properties":{"part":"crown","base":2.5,"height":5.5,"osmId":12418241124},"geometry":{"type":"Polygon","coordinates":[[[149.12331311411302,-35.2792042],[149.12330795420027,-35.27918847955444],[149.12329385705652,-35.27917697138957],[149.1232746,-35.279172759108874],[149.12325534294348,-35.27917697138957],[149.12324124579973,-35.27918847955444],[149.123236085887,-35.2792042],[149.12324124579973,-35.27921992044556],[149.12325534294348,-35.27923142861044],[149.1232746,-35.27923564089113],[149.12329385705652,-35.27923142861044],[149.12330795420027,-35.27921992044556],[149.12331311411302,-35.2792042]]]}},{"type":"Feature","id":"12418241124:top","properties":{"part":"top","base":5.5,"height":7,"osmId":12418241124},"geometry":{"type":"Polygon","coordinates":[[[149.1233010096775,-35.2792042],[149.12329747145162,-35.279193420265905],[149.12328780483875,-35.27918552895285],[149.1232746,-35.2791826405318],[149.12326139516125,-35.27918552895285],[149.12325172854838,-35.279193420265905],[149.1232481903225,-35.2792042],[149.12325172854838,-35.2792149797341],[149.12326139516125,-35.27922287104715],[149.1232746,-35.279225759468204],[149.12328780483875,-35.27922287104715],[149.12329747145162,-35.2792149797341],[149.1233010096775,-35.2792042]]]}},{"type":"Feature","id":"12418241125:trunk","properties":{"part":"trunk","base":0,"height":3,"osmId":12418241125},"geometry":{"type":"Polygon","coordinates":[[[149.12332350161154,-35.2791788],[149.12332291190742,-35.27917700337765],[149.12332130080577,-35.2791756881588],[149.1233191,-35.2791752067553],[149.12331689919424,-35.2791756881588],[149.12331528809258,-35.27917700337765],[149.12331469838847,-35.2791788],[149.12331528809258,-35.279180596622346],[149.12331689919424,-35.27918191184119],[149.1233191,-35.279182393244696],[149.12332130080577,-35.27918191184119],[149.12332291190742,-35.279180596622346],[149.12332350161154,-35.2791788]]]}},{"type":"Feature","id":"12418241125:crown","properties":{"part":"crown","base":2.5,"height":5.5,"osmId":12418241125},"geometry":{"type":"Polygon","coordinates":[[[149.12335761410094,-35.2791788],[149.1233524541898,-35.279163079554436],[149.12333835705047,-35.27915157138956],[149.1233191,-35.27914735910887],[149.12329984294954,-35.27915157138956],[149.1232857458102,-35.279163079554436],[149.12328058589907,-35.2791788],[149.1232857458102,-35.27919452044556],[149.12329984294954,-35.27920602861043],[149.1233191,-35.279210240891125],[149.12333835705047,-35.27920602861043],[149.1233524541898,-35.27919452044556],[149.12335761410094,-35.2791788]]]}},{"type":"Feature","id":"12418241125:top","properties":{"part":"top","base":5.5,"height":7,"osmId":12418241125},"geometry":{"type":"Polygon","coordinates":[[[149.1233455096692,-35.2791788],[149.12334197144446,-35.2791680202659],[149.1233323048346,-35.279160128952846],[149.1233191,-35.279157240531795],[149.1233058951654,-35.279160128952846],[149.12329622855555,-35.2791680202659],[149.1232926903308,-35.2791788],[149.12329622855555,-35.279189579734094],[149.1233058951654,-35.27919747104715],[149.1233191,-35.2792003594682],[149.1233323048346,-35.27919747104715],[149.12334197144446,-35.279189579734094],[149.1233455096692,-35.2791788]]]}},{"type":"Feature","id":"12418241126:trunk","properties":{"part":"trunk","base":0,"height":3,"osmId":12418241126},"geometry":{"type":"Polygon","coordinates":[[[149.12335000161042,-35.2791584],[149.12334941190645,-35.27915660337765],[149.12334780080522,-35.279155288158805],[149.1233456,-35.2791548067553],[149.12334339919477,-35.279155288158805],[149.12334178809354,-35.27915660337765],[149.12334119838957,-35.2791584],[149.12334178809354,-35.27916019662235],[149.12334339919477,-35.279161511841195],[149.1233456,-35.2791619932447],[149.12334780080522,-35.279161511841195],[149.12334941190645,-35.27916019662235],[149.12335000161042,-35.2791584]]]}},{"type":"Feature","id":"12418241126:crown","properties":{"part":"crown","base":2.5,"height":5.5,"osmId":12418241126},"geometry":{"type":"Polygon","coordinates":[[[149.12338411409124,-35.2791584],[149.12337895418142,-35.27914267955444],[149.1233648570456,-35.279131171389565],[149.1233456,-35.27912695910887],[149.12332634295439,-35.279131171389565],[149.12331224581857,-35.27914267955444],[149.12330708590875,-35.2791584],[149.12331224581857,-35.27917412044556],[149.12332634295439,-35.279185628610435],[149.1233456,-35.27918984089113],[149.1233648570456,-35.279185628610435],[149.12337895418142,-35.27917412044556],[149.12338411409124,-35.2791584]]]}},{"type":"Feature","id":"12418241126:top","properties":{"part":"top","base":5.5,"height":7,"osmId":12418241126},"geometry":{"type":"Polygon","coordinates":[[[149.12337200966255,-35.2791584],[149.12336847143868,-35.2791476202659],[149.12335880483127,-35.27913972895285],[149.1233456,-35.2791368405318],[149.12333239516872,-35.27913972895285],[149.1233227285613,-35.2791476202659],[149.12331919033744,-35.2791584],[149.1233227285613,-35.2791691797341],[149.12333239516872,-35.27917707104715],[149.1233456,-35.2791799594682],[149.12335880483127,-35.27917707104715],[149.12336847143868,-35.2791691797341],[149.12337200966255,-35.2791584]]]}},{"type":"Feature","id":"12418241127:trunk","properties":{"part":"trunk","base":0,"height":3,"osmId":12418241127},"geometry":{"type":"Polygon","coordinates":[[[149.1232923016086,-35.2791242],[149.12329171190484,-35.27912240337765],[149.1232901008043,-35.2791210881588],[149.1232879,-35.2791206067553],[149.12328569919572,-35.2791210881588],[149.12328408809518,-35.27912240337765],[149.12328349839143,-35.2791242],[149.12328408809518,-35.27912599662235],[149.12328569919572,-35.279127311841194],[149.1232879,-35.2791277932447],[149.1232901008043,-35.279127311841194],[149.12329171190484,-35.27912599662235],[149.1232923016086,-35.2791242]]]}},{"type":"Feature","id":"12418241127:crown","properties":{"part":"crown","base":2.5,"height":5.5,"osmId":12418241127},"geometry":{"type":"Polygon","coordinates":[[[149.12332641407497,-35.2791242],[149.12332125416734,-35.27910847955444],[149.1233071570375,-35.27909697138956],[149.1232879,-35.27909275910887],[149.12326864296253,-35.27909697138956],[149.12325454583268,-35.27910847955444],[149.12324938592505,-35.2791242],[149.12325454583268,-35.27913992044556],[149.12326864296253,-35.27915142861043],[149.1232879,-35.279155640891126],[149.1233071570375,-35.27915142861043],[149.12332125416734,-35.27913992044556],[149.12332641407497,-35.2791242]]]}},{"type":"Feature","id":"12418241127:top","properties":{"part":"top","base":5.5,"height":7,"osmId":12418241127},"geometry":{"type":"Polygon","coordinates":[[[149.12331430965142,-35.2791242],[149.12331077142903,-35.2791134202659],[149.1233011048257,-35.27910552895285],[149.1232879,-35.2791026405318],[149.1232746951743,-35.27910552895285],[149.12326502857098,-35.2791134202659],[149.1232614903486,-35.2791242],[149.12326502857098,-35.279134979734096],[149.1232746951743,-35.27914287104715],[149.1232879,-35.2791457594682],[149.1233011048257,-35.27914287104715],[149.12331077142903,-35.279134979734096],[149.12331430965142,-35.2791242]]]}},{"type":"Feature","id":"12418241128:trunk","properties":{"part":"trunk","base":0,"height":3,"osmId":12418241128},"geometry":{"type":"Polygon","coordinates":[[[149.12318540161343,-35.2792137],[149.12318481190903,-35.27921190337765],[149.1231832008067,-35.279210588158804],[149.123181,-35.2792101067553],[149.12317879919328,-35.279210588158804],[149.12317718809095,-35.27921190337765],[149.12317659838655,-35.2792137],[149.12317718809095,-35.27921549662235],[149.12317879919328,-35.279216811841195],[149.123181,-35.2792172932447],[149.1231832008067,-35.279216811841195],[149.12318481190903,-35.27921549662235],[149.12318540161343,-35.2792137]]]}},{"type":"Feature","id":"12418241128:crown","properties":{"part":"crown","base":2.5,"height":5.5,"osmId":12418241128},"geometry":{"type":"Polygon","coordinates":[[[149.12321951411752,-35.2792137],[149.12321435420418,-35.27919797955444],[149.12320025705876,-35.279186471389565],[149.123181,-35.27918225910887],[149.12316174294122,-35.279186471389565],[149.1231476457958,-35.27919797955444],[149.12314248588245,-35.2792137],[149.1231476457958,-35.27922942044556],[149.12316174294122,-35.279240928610434],[149.123181,-35.27924514089113],[149.12320025705876,-35.279240928610434],[149.12321435420418,-35.27922942044556],[149.12321951411752,-35.2792137]]]}},{"type":"Feature","id":"12418241128:top","properties":{"part":"top","base":5.5,"height":7,"osmId":12418241128},"geometry":{"type":"Polygon","coordinates":[[[149.1232074096806,-35.2792137],[149.12320387145428,-35.2792029202659],[149.12319420484027,-35.27919502895285],[149.123181,-35.2791921405318],[149.1231677951597,-35.27919502895285],[149.1231581285457,-35.2792029202659],[149.1231545903194,-35.2792137],[149.1231581285457,-35.2792244797341],[149.1231677951597,-35.27923237104715],[149.123181,-35.2792352594682],[149.12319420484027,-35.27923237104715],[149.12320387145428,-35.2792244797341],[149.1232074096806,-35.2792137]]]}},{"type":"Feature","id":"12418241129:trunk","properties":{"part":"trunk","base":0,"height":3,"osmId":12418241129},"geometry":{"type":"Polygon","coordinates":[[[149.12375590160502,-35.2790591],[149.12375531190176,-35.27905730337765],[149.12375370080252,-35.2790559881588],[149.1237515,-35.2790555067553],[149.12374929919747,-35.2790559881588],[149.12374768809823,-35.27905730337765],[149.12374709839497,-35.2790591],[149.12374768809823,-35.27906089662235],[149.12374929919747,-35.27906221184119],[149.1237515,-35.2790626932447],[149.12375370080252,-35.27906221184119],[149.12375531190176,-35.27906089662235],[149.12375590160502,-35.2790591]]]}},{"type":"Feature","id":"12418241129:crown","properties":{"part":"crown","base":2.5,"height":5.5,"osmId":12418241129},"geometry":{"type":"Polygon","coordinates":[[[149.123790014044,-35.2790591],[149.12378485414052,-35.27904337955444],[149.12377075702202,-35.27903187138956],[149.1237515,-35.27902765910887],[149.12373224297798,-35.27903187138956],[149.12371814585947,-35.27904337955444],[149.123712985956,-35.2790591],[149.12371814585947,-35.27907482044556],[149.12373224297798,-35.27908632861043],[149.1237515,-35.279090540891126],[149.12377075702202,-35.27908632861043],[149.12378485414052,-35.27907482044556],[149.123790014044,-35.2790591]]]}},{"type":"Feature","id":"12418241129:top","properties":{"part":"top","base":5.5,"height":7,"osmId":12418241129},"geometry":{"type":"Polygon","coordinates":[[[149.12377790963018,-35.2790591],[149.12377437141063,-35.2790483202659],[149.12376470481507,-35.27904042895285],[149.1237515,-35.279037540531796],[149.12373829518492,-35.27904042895285],[149.12372862858936,-35.2790483202659],[149.12372509036982,-35.2790591],[149.12372862858936,-35.279069879734095],[149.12373829518492,-35.27907777104715],[149.1237515,-35.2790806594682],[149.12376470481507,-35.27907777104715],[149.12377437141063,-35.279069879734095],[149.12377790963018,-35.2790591]]]}},{"type":"Feature","id":"12418241147:trunk","properties":{"part":"trunk","base":0,"height":3,"osmId":12418241147},"geometry":{"type":"Polygon","coordinates":[[[149.1247174016428,-35.2797539],[149.1247168119345,-35.27975210337765],[149.1247152008214,-35.27975078815881],[149.124713,-35.279750306755304],[149.12471079917862,-35.27975078815881],[149.12470918806554,-35.27975210337765],[149.12470859835722,-35.2797539],[149.12470918806554,-35.27975569662235],[149.12471079917862,-35.2797570118412],[149.124713,-35.2797574932447],[149.1247152008214,-35.2797570118412],[149.1247168119345,-35.27975569662235],[149.1247174016428,-35.2797539]]]}},{"type":"Feature","id":"12418241147:crown","properties":{"part":"crown","base":2.5,"height":5.5,"osmId":12418241147},"geometry":{"type":"Polygon","coordinates":[[[149.12475151437445,-35.2797539],[149.1247463544267,-35.27973817955444],[149.12473225718725,-35.27972667138957],[149.124713,-35.279722459108875],[149.12469374281278,-35.27972667138957],[149.12467964557334,-35.27973817955444],[149.12467448562558,-35.2797539],[149.12467964557334,-35.27976962044556],[149.12469374281278,-35.27978112861044],[149.124713,-35.27978534089113],[149.12473225718725,-35.27978112861044],[149.1247463544267,-35.27976962044556],[149.12475151437445,-35.2797539]]]}},{"type":"Feature","id":"12418241147:top","properties":{"part":"top","base":5.5,"height":7,"osmId":12418241147},"geometry":{"type":"Polygon","coordinates":[[[149.12473940985677,-35.2797539],[149.12473587160687,-35.279743120265906],[149.1247262049284,-35.27973522895285],[149.124713,-35.2797323405318],[149.12469979507162,-35.27973522895285],[149.12469012839315,-35.279743120265906],[149.12468659014326,-35.2797539],[149.12469012839315,-35.2797646797341],[149.12469979507162,-35.279772571047154],[149.124713,-35.279775459468205],[149.1247262049284,-35.279772571047154],[149.12473587160687,-35.2797646797341],[149.12473940985677,-35.2797539]]]}},{"type":"Feature","id":"12418241173:trunk","properties":{"part":"trunk","base":0,"height":3,"osmId":12418241173},"geometry":{"type":"Polygon","coordinates":[[[149.1248148016656,-35.2801736],[149.12481421195423,-35.28017180337765],[149.1248126008328,-35.2801704881588],[149.1248104,-35.2801700067553],[149.1248081991672,-35.2801704881588],[149.12480658804577,-35.28017180337765],[149.1248059983344,-35.2801736],[149.12480658804577,-35.28017539662235],[149.1248081991672,-35.28017671184119],[149.1248104,-35.2801771932447],[149.1248126008328,-35.28017671184119],[149.12481421195423,-35.28017539662235],[149.1248148016656,-35.2801736]]]}},{"type":"Feature","id":"12418241173:crown","properties":{"part":"crown","base":2.5,"height":5.5,"osmId":12418241173},"geometry":{"type":"Polygon","coordinates":[[[149.12484891457405,-35.2801736],[149.12484375459954,-35.28015787955444],[149.12482965728702,-35.28014637138956],[149.1248104,-35.28014215910887],[149.12479114271298,-35.28014637138956],[149.12477704540046,-35.28015787955444],[149.12477188542596,-35.2801736],[149.12477704540046,-35.28018932044556],[149.12479114271298,-35.28020082861043],[149.1248104,-35.280205040891126],[149.12482965728702,-35.28020082861043],[149.12484375459954,-35.28018932044556],[149.12484891457405,-35.2801736]]]}},{"type":"Feature","id":"12418241173:top","properties":{"part":"top","base":5.5,"height":7,"osmId":12418241173},"geometry":{"type":"Polygon","coordinates":[[[149.12483680999364,-35.2801736],[149.1248332717254,-35.2801628202659],[149.1248236049968,-35.28015492895285],[149.1248104,-35.280152040531796],[149.1247971950032,-35.28015492895285],[149.1247875282746,-35.2801628202659],[149.12478399000636,-35.2801736],[149.1247875282746,-35.280184379734095],[149.1247971950032,-35.28019227104715],[149.1248104,-35.2801951594682],[149.1248236049968,-35.28019227104715],[149.1248332717254,-35.280184379734095],[149.12483680999364,-35.2801736]]]}},{"type":"Feature","id":"12527938560:trunk","properties":{"part":"trunk","base":0,"height":3,"osmId":12527938560},"geometry":{"type":"Polygon","coordinates":[[[149.12438130190526,-35.2845825],[149.12438071216178,-35.28458070337765],[149.12437910095264,-35.284579388158804],[149.1243769,-35.2845789067553],[149.12437469904734,-35.284579388158804],[149.1243730878382,-35.28458070337765],[149.12437249809471,-35.2845825],[149.1243730878382,-35.28458429662235],[149.12437469904734,-35.284585611841194],[149.1243769,-35.2845860932447],[149.12437910095264,-35.284585611841194],[149.12438071216178,-35.28458429662235],[149.12438130190526,-35.2845825]]]}},{"type":"Feature","id":"12527938560:crown","properties":{"part":"crown","base":2.5,"height":5.5,"osmId":12527938560},"geometry":{"type":"Polygon","coordinates":[[[149.12441541667113,-35.2845825],[149.12441025641567,-35.28456677955444],[149.12439615833557,-35.284555271389564],[149.1243769,-35.28455105910887],[149.1243576416644,-35.284555271389564],[149.1243435435843,-35.28456677955444],[149.12433838332885,-35.2845825],[149.1243435435843,-35.28459822044556],[149.1243576416644,-35.284609728610434],[149.1243769,-35.28461394089113],[149.12439615833557,-35.284609728610434],[149.12441025641567,-35.28459822044556],[149.12441541667113,-35.2845825]]]}},{"type":"Feature","id":"12527938560:top","properties":{"part":"top","base":5.5,"height":7,"osmId":12527938560},"geometry":{"type":"Polygon","coordinates":[[[149.12440331143162,-35.2845825],[149.12439977297075,-35.2845717202659],[149.1243901057158,-35.28456382895285],[149.1243769,-35.2845609405318],[149.12436369428417,-35.28456382895285],[149.12435402702923,-35.2845717202659],[149.12435048856835,-35.2845825],[149.12435402702923,-35.284593279734096],[149.12436369428417,-35.28460117104715],[149.1243769,-35.2846040594682],[149.1243901057158,-35.28460117104715],[149.12439977297075,-35.284593279734096],[149.12440331143162,-35.2845825]]]}},{"type":"Feature","id":"12730451209:trunk","properties":{"part":"trunk","base":0,"height":3,"osmId":12730451209},"geometry":{"type":"Polygon","coordinates":[[[149.12000760139193,-35.2751377],[149.12000701171723,-35.27513590337765],[149.12000540069596,-35.27513458815881],[149.1200032,-35.2751341067553],[149.12000099930407,-35.27513458815881],[149.1199993882828,-35.27513590337765],[149.1199987986081,-35.2751377],[149.1199993882828,-35.27513949662235],[149.12000099930407,-35.2751408118412],[149.1200032,-35.2751412932447],[149.12000540069596,-35.2751408118412],[149.12000701171723,-35.27513949662235],[149.12000760139193,-35.2751377]]]}},{"type":"Feature","id":"12730451209:crown","properties":{"part":"crown","base":2.5,"height":5.5,"osmId":12730451209},"geometry":{"type":"Polygon","coordinates":[[[149.1200417121793,-35.2751377],[149.12003655252562,-35.27512197955444],[149.12002245608966,-35.27511047138957],[149.1200032,-35.275106259108874],[149.11998394391037,-35.27511047138957],[149.1199698474744,-35.27512197955444],[149.11996468782073,-35.2751377],[149.1199698474744,-35.27515342044556],[149.11998394391037,-35.27516492861044],[149.1200032,-35.27516914089113],[149.12002245608966,-35.27516492861044],[149.12003655252562,-35.27515342044556],[149.1200417121793,-35.2751377]]]}},{"type":"Feature","id":"12730451209:top","properties":{"part":"top","base":5.5,"height":7,"osmId":12730451209},"geometry":{"type":"Polygon","coordinates":[[[149.12002960835153,-35.2751377],[149.12002607030328,-35.275126920265905],[149.12001640417577,-35.27511902895285],[149.1200032,-35.2751161405318],[149.11998999582426,-35.27511902895285],[149.11998032969674,-35.275126920265905],[149.1199767916485,-35.2751377],[149.11998032969674,-35.2751484797341],[149.11998999582426,-35.27515637104715],[149.1200032,-35.275159259468204],[149.12001640417577,-35.27515637104715],[149.12002607030328,-35.2751484797341],[149.12002960835153,-35.2751377]]]}},{"type":"Feature","id":"12730451210:trunk","properties":{"part":"trunk","base":0,"height":3,"osmId":12730451210},"geometry":{"type":"Polygon","coordinates":[[[149.11941110138,-35.2749179],[149.1194105117069,-35.27491610337765],[149.11940890069,-35.2749147881588],[149.1194067,-35.2749143067553],[149.11940449931004,-35.2749147881588],[149.11940288829314,-35.27491610337765],[149.11940229862003,-35.2749179],[149.11940288829314,-35.27491969662235],[149.11940449931004,-35.274921011841194],[149.1194067,-35.2749214932447],[149.11940890069,-35.274921011841194],[149.1194105117069,-35.27491969662235],[149.11941110138,-35.2749179]]]}},{"type":"Feature","id":"12730451210:crown","properties":{"part":"crown","base":2.5,"height":5.5,"osmId":12730451210},"geometry":{"type":"Polygon","coordinates":[[[149.1194452120748,-35.2749179],[149.11944005243512,-35.27490217955444],[149.1194259560374,-35.274890671389564],[149.1194067,-35.27488645910887],[149.11938744396264,-35.274890671389564],[149.1193733475649,-35.27490217955444],[149.11936818792523,-35.2749179],[149.1193733475649,-35.27493362044556],[149.11938744396264,-35.27494512861043],[149.1194067,-35.274949340891126],[149.1194259560374,-35.27494512861043],[149.11944005243512,-35.27493362044556],[149.1194452120748,-35.2749179]]]}},{"type":"Feature","id":"12730451210:top","properties":{"part":"top","base":5.5,"height":7,"osmId":12730451210},"geometry":{"type":"Polygon","coordinates":[[[149.11943310827985,-35.2749179],[149.11942957024124,-35.2749071202659],[149.11941990413993,-35.27489922895285],[149.1194067,-35.2748963405318],[149.1193934958601,-35.27489922895285],[149.1193838297588,-35.2749071202659],[149.11938029172018,-35.2749179],[149.1193838297588,-35.274928679734096],[149.1193934958601,-35.27493657104715],[149.1194067,-35.2749394594682],[149.11941990413993,-35.27493657104715],[149.11942957024124,-35.274928679734096],[149.11943310827985,-35.2749179]]]}},{"type":"Feature","id":"12730451211:trunk","properties":{"part":"trunk","base":0,"height":3,"osmId":12730451211},"geometry":{"type":"Polygon","coordinates":[[[149.11952830137236,-35.2747778],[149.11952771170027,-35.27477600337765],[149.11952610068616,-35.27477468815881],[149.1195239,-35.2747742067553],[149.11952169931382,-35.27477468815881],[149.1195200882997,-35.27477600337765],[149.11951949862762,-35.2747778],[149.1195200882997,-35.27477959662235],[149.11952169931382,-35.2747809118412],[149.1195239,-35.2747813932447],[149.11952610068616,-35.2747809118412],[149.11952771170027,-35.27477959662235],[149.11952830137236,-35.2747778]]]}},{"type":"Feature","id":"12730451211:crown","properties":{"part":"crown","base":2.5,"height":5.5,"osmId":12730451211},"geometry":{"type":"Polygon","coordinates":[[[149.11956241200815,-35.2747778],[149.1195572523774,-35.27476207955444],[149.11954315600406,-35.27475057138957],[149.1195239,-35.274746359108875],[149.11950464399592,-35.27475057138957],[149.11949054762258,-35.27476207955444],[149.11948538799183,-35.2747778],[149.11949054762258,-35.27479352044556],[149.11950464399592,-35.27480502861044],[149.1195239,-35.27480924089113],[149.11954315600406,-35.27480502861044],[149.1195572523774,-35.27479352044556],[149.11956241200815,-35.2747778]]]}},{"type":"Feature","id":"12730451211:top","properties":{"part":"top","base":5.5,"height":7,"osmId":12730451211},"geometry":{"type":"Polygon","coordinates":[[[149.11955030823415,-35.2747778],[149.11954677020165,-35.274767020265905],[149.1195371041171,-35.27475912895285],[149.1195239,-35.2747562405318],[149.1195106958829,-35.27475912895285],[149.11950102979833,-35.274767020265905],[149.11949749176583,-35.2747778],[149.11950102979833,-35.2747885797341],[149.1195106958829,-35.27479647104715],[149.1195239,-35.274799359468204],[149.1195371041171,-35.27479647104715],[149.11954677020165,-35.2747885797341],[149.11955030823415,-35.2747778]]]}},{"type":"Feature","id":"12730451212:trunk","properties":{"part":"trunk","base":0,"height":3,"osmId":12730451212},"geometry":{"type":"Polygon","coordinates":[[[149.1193226013753,-35.2748318],[149.11932201170282,-35.27483000337765],[149.11932040068766,-35.274828688158806],[149.1193182,-35.2748282067553],[149.11931599931236,-35.274828688158806],[149.1193143882972,-35.27483000337765],[149.11931379862472,-35.2748318],[149.1193143882972,-35.27483359662235],[149.11931599931236,-35.2748349118412],[149.1193182,-35.2748353932447],[149.11932040068766,-35.2748349118412],[149.11932201170282,-35.27483359662235],[149.1193226013753,-35.2748318]]]}},{"type":"Feature","id":"12730451212:crown","properties":{"part":"crown","base":2.5,"height":5.5,"osmId":12730451212},"geometry":{"type":"Polygon","coordinates":[[[149.11935671203383,-35.2748318],[149.11935155239965,-35.27481607955444],[149.11933745601692,-35.274804571389566],[149.1193182,-35.27480035910887],[149.1192989439831,-35.274804571389566],[149.11928484760037,-35.27481607955444],[149.11927968796618,-35.2748318],[149.11928484760037,-35.27484752044556],[149.1192989439831,-35.274859028610436],[149.1193182,-35.27486324089113],[149.11933745601692,-35.274859028610436],[149.11935155239965,-35.27484752044556],[149.11935671203383,-35.2748318]]]}},{"type":"Feature","id":"12730451212:top","properties":{"part":"top","base":5.5,"height":7,"osmId":12730451212},"geometry":{"type":"Polygon","coordinates":[[[149.1193446082518,-35.2748318],[149.1193410702169,-35.274821020265904],[149.1193314041259,-35.27481312895285],[149.1193182,-35.2748102405318],[149.11930499587413,-35.27481312895285],[149.1192953297831,-35.274821020265904],[149.11929179174822,-35.2748318],[149.1192953297831,-35.2748425797341],[149.11930499587413,-35.27485047104715],[149.1193182,-35.2748533594682],[149.1193314041259,-35.27485047104715],[149.1193410702169,-35.2748425797341],[149.1193446082518,-35.2748318]]]}},{"type":"Feature","id":"12847820117:trunk","properties":{"part":"trunk","base":0,"height":3,"osmId":12847820117},"geometry":{"type":"Polygon","coordinates":[[[149.1149448014681,-35.2765401],[149.1149442117832,-35.27653830337765],[149.11494260073405,-35.2765369881588],[149.1149404,-35.2765365067553],[149.11493819926594,-35.2765369881588],[149.11493658821678,-35.27653830337765],[149.11493599853188,-35.2765401],[149.11493658821678,-35.27654189662235],[149.11493819926594,-35.276543211841194],[149.1149404,-35.2765436932447],[149.11494260073405,-35.276543211841194],[149.1149442117832,-35.27654189662235],[149.1149448014681,-35.2765401]]]}},{"type":"Feature","id":"12847820117:crown","properties":{"part":"crown","base":2.5,"height":5.5,"osmId":12847820117},"geometry":{"type":"Polygon","coordinates":[[[149.1149789128461,-35.2765401],[149.1149737531031,-35.27652437955444],[149.11495965642305,-35.27651287138956],[149.1149404,-35.27650865910887],[149.11492114357694,-35.27651287138956],[149.1149070468969,-35.27652437955444],[149.11490188715388,-35.2765401],[149.1149070468969,-35.27655582044556],[149.11492114357694,-35.27656732861043],[149.1149404,-35.276571540891126],[149.11495965642305,-35.27656732861043],[149.1149737531031,-35.27655582044556],[149.1149789128461,-35.2765401]]]}},{"type":"Feature","id":"12847820117:top","properties":{"part":"top","base":5.5,"height":7,"osmId":12847820117},"geometry":{"type":"Polygon","coordinates":[[[149.11496680880876,-35.2765401],[149.11496327069926,-35.2765293202659],[149.11495360440438,-35.27652142895285],[149.1149404,-35.2765185405318],[149.1149271955956,-35.27652142895285],[149.11491752930073,-35.2765293202659],[149.11491399119123,-35.2765401],[149.11491752930073,-35.276550879734096],[149.1149271955956,-35.27655877104715],[149.1149404,-35.2765616594682],[149.11495360440438,-35.27655877104715],[149.11496327069926,-35.276550879734096],[149.11496680880876,-35.2765401]]]}},{"type":"Feature","id":"12847820118:trunk","properties":{"part":"trunk","base":0,"height":3,"osmId":12847820118},"geometry":{"type":"Polygon","coordinates":[[[149.1149079014704,-35.2765819],[149.11490731178517,-35.27658010337765],[149.1149057007352,-35.2765787881588],[149.1149035,-35.2765783067553],[149.1149012992648,-35.2765787881588],[149.11489968821482,-35.27658010337765],[149.1148990985296,-35.2765819],[149.11489968821482,-35.276583696622346],[149.1149012992648,-35.27658501184119],[149.1149035,-35.276585493244696],[149.1149057007352,-35.27658501184119],[149.11490731178517,-35.276583696622346],[149.1149079014704,-35.2765819]]]}},{"type":"Feature","id":"12847820118:crown","properties":{"part":"crown","base":2.5,"height":5.5,"osmId":12847820118},"geometry":{"type":"Polygon","coordinates":[[[149.11494201286598,-35.2765819],[149.11493685312033,-35.276566179554436],[149.114922756433,-35.27655467138956],[149.1149035,-35.27655045910887],[149.114884243567,-35.27655467138956],[149.11487014687967,-35.276566179554436],[149.114864987134,-35.2765819],[149.11487014687967,-35.27659762044556],[149.114884243567,-35.27660912861043],[149.1149035,-35.276613340891124],[149.114922756433,-35.27660912861043],[149.11493685312033,-35.27659762044556],[149.11494201286598,-35.2765819]]]}},{"type":"Feature","id":"12847820118:top","properties":{"part":"top","base":5.5,"height":7,"osmId":12847820118},"geometry":{"type":"Polygon","coordinates":[[[149.1149299088224,-35.2765819],[149.1149263707111,-35.2765711202659],[149.1149167044112,-35.276563228952845],[149.1149035,-35.276560340531795],[149.1148902955888,-35.276563228952845],[149.1148806292889,-35.2765711202659],[149.1148770911776,-35.2765819],[149.1148806292889,-35.276592679734094],[149.1148902955888,-35.27660057104715],[149.1149035,-35.2766034594682],[149.1149167044112,-35.27660057104715],[149.1149263707111,-35.276592679734094],[149.1149299088224,-35.2765819]]]}},{"type":"Feature","id":"12847820119:trunk","properties":{"part":"trunk","base":0,"height":3,"osmId":12847820119},"geometry":{"type":"Polygon","coordinates":[[[149.1148489014738,-35.2766443],[149.1148483117881,-35.27664250337765],[149.1148467007369,-35.276641188158806],[149.1148445,-35.2766407067553],[149.1148422992631,-35.276641188158806],[149.1148406882119,-35.27664250337765],[149.1148400985262,-35.2766443],[149.1148406882119,-35.27664609662235],[149.1148422992631,-35.276647411841196],[149.1148445,-35.2766478932447],[149.1148467007369,-35.276647411841196],[149.1148483117881,-35.27664609662235],[149.1148489014738,-35.2766443]]]}},{"type":"Feature","id":"12847820119:crown","properties":{"part":"crown","base":2.5,"height":5.5,"osmId":12847820119},"geometry":{"type":"Polygon","coordinates":[[[149.11488301289566,-35.2766443],[149.11487785314603,-35.27662857955444],[149.11486375644785,-35.276617071389566],[149.1148445,-35.27661285910887],[149.11482524355216,-35.276617071389566],[149.11481114685398,-35.27662857955444],[149.11480598710435,-35.2766443],[149.11481114685398,-35.27666002044556],[149.11482524355216,-35.276671528610436],[149.1148445,-35.27667574089113],[149.11486375644785,-35.276671528610436],[149.11487785314603,-35.27666002044556],[149.11488301289566,-35.2766443]]]}},{"type":"Feature","id":"12847820119:top","properties":{"part":"top","base":5.5,"height":7,"osmId":12847820119},"geometry":{"type":"Polygon","coordinates":[[[149.11487090884276,-35.2766443],[149.11486737072872,-35.276633520265904],[149.11485770442138,-35.27662562895285],[149.1148445,-35.2766227405318],[149.11483129557863,-35.27662562895285],[149.1148216292713,-35.276633520265904],[149.11481809115725,-35.2766443],[149.1148216292713,-35.2766550797341],[149.11483129557863,-35.27666297104715],[149.1148445,-35.2766658594682],[149.11485770442138,-35.27666297104715],[149.11486737072872,-35.2766550797341],[149.11487090884276,-35.2766443]]]}},{"type":"Feature","id":"12847820120:trunk","properties":{"part":"trunk","base":0,"height":3,"osmId":12847820120},"geometry":{"type":"Polygon","coordinates":[[[149.1148213014769,-35.2767015],[149.1148207117908,-35.27669970337765],[149.11481910073843,-35.276698388158806],[149.1148169,-35.2766979067553],[149.11481469926156,-35.276698388158806],[149.1148130882092,-35.27669970337765],[149.1148124985231,-35.2767015],[149.1148130882092,-35.27670329662235],[149.11481469926156,-35.2767046118412],[149.1148169,-35.2767050932447],[149.11481910073843,-35.2767046118412],[149.1148207117908,-35.27670329662235],[149.1148213014769,-35.2767015]]]}},{"type":"Feature","id":"12847820120:crown","properties":{"part":"crown","base":2.5,"height":5.5,"osmId":12847820120},"geometry":{"type":"Polygon","coordinates":[[[149.11485541292285,-35.2767015],[149.11485025316958,-35.27668577955444],[149.11483615646142,-35.27667427138957],[149.1148169,-35.27667005910887],[149.11479764353857,-35.27667427138957],[149.1147835468304,-35.27668577955444],[149.11477838707714,-35.2767015],[149.1147835468304,-35.27671722044556],[149.11479764353857,-35.276728728610436],[149.1148169,-35.27673294089113],[149.11483615646142,-35.276728728610436],[149.11485025316958,-35.27671722044556],[149.11485541292285,-35.2767015]]]}},{"type":"Feature","id":"12847820120:top","properties":{"part":"top","base":5.5,"height":7,"osmId":12847820120},"geometry":{"type":"Polygon","coordinates":[[[149.1148433088614,-35.2767015],[149.11483977074485,-35.276690720265904],[149.1148301044307,-35.27668282895285],[149.1148169,-35.2766799405318],[149.1148036955693,-35.27668282895285],[149.11479402925514,-35.276690720265904],[149.1147904911386,-35.2767015],[149.11479402925514,-35.2767122797341],[149.1148036955693,-35.27672017104715],[149.1148169,-35.2767230594682],[149.1148301044307,-35.27672017104715],[149.11483977074485,-35.2767122797341],[149.1148433088614,-35.2767015]]]}},{"type":"Feature","id":"12862381830:trunk","properties":{"part":"trunk","base":0,"height":3,"osmId":12862381830},"geometry":{"type":"Polygon","coordinates":[[[149.1249334016574,-35.2800224],[149.12493281194713,-35.28002060337765],[149.1249312008287,-35.280019288158805],[149.124929,-35.2800188067553],[149.1249267991713,-35.280019288158805],[149.12492518805288,-35.28002060337765],[149.12492459834263,-35.2800224],[149.12492518805288,-35.28002419662235],[149.1249267991713,-35.280025511841195],[149.124929,-35.2800259932447],[149.1249312008287,-35.280025511841195],[149.12493281194713,-35.28002419662235],[149.1249334016574,-35.2800224]]]}},{"type":"Feature","id":"12862381830:crown","properties":{"part":"crown","base":2.5,"height":5.5,"osmId":12862381830},"geometry":{"type":"Polygon","coordinates":[[[149.12496751450215,-35.2800224],[149.12496235453727,-35.28000667955444],[149.12494825725108,-35.279995171389565],[149.124929,-35.27999095910887],[149.12490974274894,-35.279995171389565],[149.12489564546274,-35.28000667955444],[149.12489048549787,-35.2800224],[149.12489564546274,-35.28003812044556],[149.12490974274894,-35.280049628610435],[149.124929,-35.28005384089113],[149.12494825725108,-35.280049628610435],[149.12496235453727,-35.28003812044556],[149.12496751450215,-35.2800224]]]}},{"type":"Feature","id":"12862381830:top","properties":{"part":"top","base":5.5,"height":7,"osmId":12862381830},"geometry":{"type":"Polygon","coordinates":[[[149.12495540994433,-35.2800224],[149.1249518716827,-35.2800116202659],[149.12494220497217,-35.28000372895285],[149.124929,-35.2800008405318],[149.12491579502785,-35.28000372895285],[149.12490612831732,-35.2800116202659],[149.12490259005568,-35.2800224],[149.12490612831732,-35.2800331797341],[149.12491579502785,-35.28004107104715],[149.124929,-35.2800439594682],[149.12494220497217,-35.28004107104715],[149.1249518716827,-35.2800331797341],[149.12495540994433,-35.2800224]]]}},{"type":"Feature","id":"12862381831:trunk","properties":{"part":"trunk","base":0,"height":3,"osmId":12862381831},"geometry":{"type":"Polygon","coordinates":[[[149.1250238016519,-35.2799213],[149.12502321194236,-35.27991950337765],[149.12502160082596,-35.2799181881588],[149.1250194,-35.2799177067553],[149.12501719917407,-35.2799181881588],[149.12501558805766,-35.27991950337765],[149.12501499834812,-35.2799213],[149.12501558805766,-35.27992309662235],[149.12501719917407,-35.27992441184119],[149.1250194,-35.2799248932447],[149.12502160082596,-35.27992441184119],[149.12502321194236,-35.27992309662235],[149.1250238016519,-35.2799213]]]}},{"type":"Feature","id":"12862381831:crown","properties":{"part":"crown","base":2.5,"height":5.5,"osmId":12862381831},"geometry":{"type":"Polygon","coordinates":[[[149.12505791445406,-35.2799213],[149.12505275449564,-35.27990557955444],[149.12503865722704,-35.27989407138956],[149.1250194,-35.27988985910887],[149.125000142773,-35.27989407138956],[149.1249860455044,-35.27990557955444],[149.12498088554597,-35.2799213],[149.1249860455044,-35.27993702044556],[149.125000142773,-35.27994852861043],[149.1250194,-35.279952740891126],[149.12503865722704,-35.27994852861043],[149.12505275449564,-35.27993702044556],[149.12505791445406,-35.2799213]]]}},{"type":"Feature","id":"12862381831:top","properties":{"part":"top","base":5.5,"height":7,"osmId":12862381831},"geometry":{"type":"Polygon","coordinates":[[[149.12504580991137,-35.2799213],[149.12504227165417,-35.2799105202659],[149.1250326049557,-35.27990262895285],[149.1250194,-35.279899740531796],[149.12500619504434,-35.27990262895285],[149.12499652834586,-35.2799105202659],[149.12499299008866,-35.2799213],[149.12499652834586,-35.279932079734095],[149.12500619504434,-35.27993997104715],[149.1250194,-35.2799428594682],[149.1250326049557,-35.27993997104715],[149.12504227165417,-35.279932079734095],[149.12504580991137,-35.2799213]]]}},{"type":"Feature","id":"12862381865:trunk","properties":{"part":"trunk","base":0,"height":3,"osmId":12862381865},"geometry":{"type":"Polygon","coordinates":[[[149.12499780165058,-35.2798971],[149.1249972119412,-35.27989530337765],[149.1249956008253,-35.279893988158804],[149.1249934,-35.2798935067553],[149.1249911991747,-35.279893988158804],[149.12498958805878,-35.27989530337765],[149.1249889983494,-35.2798971],[149.12498958805878,-35.27989889662235],[149.1249911991747,-35.279900211841195],[149.1249934,-35.2799006932447],[149.1249956008253,-35.279900211841195],[149.1249972119412,-35.27989889662235],[149.12499780165058,-35.2798971]]]}},{"type":"Feature","id":"12862381865:crown","properties":{"part":"crown","base":2.5,"height":5.5,"osmId":12862381865},"geometry":{"type":"Polygon","coordinates":[[[149.12503191444256,-35.2798971],[149.12502675448565,-35.27988137955444],[149.12501265722128,-35.279869871389565],[149.1249934,-35.27986565910887],[149.1249741427787,-35.279869871389565],[149.12496004551434,-35.27988137955444],[149.12495488555743,-35.2798971],[149.12496004551434,-35.27991282044556],[149.1249741427787,-35.279924328610434],[149.1249934,-35.27992854089113],[149.12501265722128,-35.279924328610434],[149.12502675448565,-35.27991282044556],[149.12503191444256,-35.2798971]]]}},{"type":"Feature","id":"12862381865:top","properties":{"part":"top","base":5.5,"height":7,"osmId":12862381865},"geometry":{"type":"Polygon","coordinates":[[[149.12501980990345,-35.2798971],[149.1250162716473,-35.2798863202659],[149.12500660495172,-35.27987842895285],[149.1249934,-35.2798755405318],[149.12498019504827,-35.27987842895285],[149.1249705283527,-35.2798863202659],[149.12496699009654,-35.2798971],[149.1249705283527,-35.2799078797341],[149.12498019504827,-35.27991577104715],[149.1249934,-35.2799186594682],[149.12500660495172,-35.27991577104715],[149.1250162716473,-35.2799078797341],[149.12501980990345,-35.2798971]]]}},{"type":"Feature","id":"12862431796:trunk","properties":{"part":"trunk","base":0,"height":3,"osmId":12862431796},"geometry":{"type":"Polygon","coordinates":[[[149.12458060163857,-35.2796759],[149.12458001193082,-35.27967410337765],[149.12457840081927,-35.279672788158805],[149.1245762,-35.2796723067553],[149.12457399918074,-35.279672788158805],[149.1245723880692,-35.27967410337765],[149.12457179836144,-35.2796759],[149.1245723880692,-35.27967769662235],[149.12457399918074,-35.279679011841196],[149.1245762,-35.2796794932447],[149.12457840081927,-35.279679011841196],[149.12458001193082,-35.27967769662235],[149.12458060163857,-35.2796759]]]}},{"type":"Feature","id":"12862431796:crown","properties":{"part":"crown","base":2.5,"height":5.5,"osmId":12862431796},"geometry":{"type":"Polygon","coordinates":[[[149.12461471433735,-35.2796759],[149.12460955439457,-35.27966017955444],[149.12459545716868,-35.279648671389566],[149.1245762,-35.27964445910887],[149.12455694283133,-35.279648671389566],[149.12454284560545,-35.27966017955444],[149.12453768566266,-35.2796759],[149.12454284560545,-35.27969162044556],[149.12455694283133,-35.279703128610436],[149.1245762,-35.27970734089113],[149.12459545716868,-35.279703128610436],[149.12460955439457,-35.27969162044556],[149.12461471433735,-35.2796759]]]}},{"type":"Feature","id":"12862431796:top","properties":{"part":"top","base":5.5,"height":7,"osmId":12862431796},"geometry":{"type":"Polygon","coordinates":[[[149.12460260983133,-35.2796759],[149.12459907158484,-35.2796651202659],[149.12458940491567,-35.27965722895285],[149.1245762,-35.2796543405318],[149.12456299508435,-35.27965722895285],[149.12455332841517,-35.2796651202659],[149.1245497901687,-35.2796759],[149.12455332841517,-35.2796866797341],[149.12456299508435,-35.27969457104715],[149.1245762,-35.2796974594682],[149.12458940491567,-35.27969457104715],[149.12459907158484,-35.2796866797341],[149.12460260983133,-35.2796759]]]}},{"type":"Feature","id":"12862431797:trunk","properties":{"part":"trunk","base":0,"height":3,"osmId":12862431797},"geometry":{"type":"Polygon","coordinates":[[[149.12444290163407,-35.2795934],[149.1244423119269,-35.27959160337765],[149.12444070081702,-35.27959028815881],[149.1244385,-35.279589806755304],[149.12443629918297,-35.27959028815881],[149.12443468807308,-35.27959160337765],[149.12443409836592,-35.2795934],[149.12443468807308,-35.27959519662235],[149.12443629918297,-35.2795965118412],[149.1244385,-35.2795969932447],[149.12444070081702,-35.2795965118412],[149.1244423119269,-35.27959519662235],[149.12444290163407,-35.2795934]]]}},{"type":"Feature","id":"12862431797:crown","properties":{"part":"crown","base":2.5,"height":5.5,"osmId":12862431797},"geometry":{"type":"Polygon","coordinates":[[[149.12447701429812,-35.2795934],[149.12447185436056,-35.27957767955444],[149.12445775714906,-35.27956617138957],[149.1244385,-35.279561959108875],[149.12441924285093,-35.27956617138957],[149.12440514563943,-35.27957767955444],[149.12439998570187,-35.2795934],[149.12440514563943,-35.27960912044556],[149.12441924285093,-35.27962062861044],[149.1244385,-35.27962484089113],[149.12445775714906,-35.27962062861044],[149.12447185436056,-35.27960912044556],[149.12447701429812,-35.2795934]]]}},{"type":"Feature","id":"12862431797:top","properties":{"part":"top","base":5.5,"height":7,"osmId":12862431797},"geometry":{"type":"Polygon","coordinates":[[[149.12446490980443,-35.2795934],[149.12446137156152,-35.279582620265906],[149.1244517049022,-35.27957472895285],[149.1244385,-35.2795718405318],[149.12442529509778,-35.27957472895285],[149.12441562843847,-35.279582620265906],[149.12441209019556,-35.2795934],[149.12441562843847,-35.2796041797341],[149.12442529509778,-35.279612071047154],[149.1244385,-35.279614959468205],[149.1244517049022,-35.279612071047154],[149.12446137156152,-35.2796041797341],[149.12446490980443,-35.2795934]]]}},{"type":"Feature","id":"12862431798:trunk","properties":{"part":"trunk","base":0,"height":3,"osmId":12862431798},"geometry":{"type":"Polygon","coordinates":[[[149.12476160165377,-35.2799559],[149.124761011944,-35.27995410337765],[149.1247594008269,-35.2799527881588],[149.1247572,-35.2799523067553],[149.12475499917312,-35.2799527881588],[149.124753388056,-35.27995410337765],[149.12475279834624,-35.2799559],[149.124753388056,-35.27995769662235],[149.12475499917312,-35.27995901184119],[149.1247572,-35.2799594932447],[149.1247594008269,-35.27995901184119],[149.124761011944,-35.27995769662235],[149.12476160165377,-35.2799559]]]}},{"type":"Feature","id":"12862431798:crown","properties":{"part":"crown","base":2.5,"height":5.5,"osmId":12862431798},"geometry":{"type":"Polygon","coordinates":[[[149.1247957144705,-35.2799559],[149.12479055450987,-35.27994017955444],[149.12477645723527,-35.27992867138956],[149.1247572,-35.27992445910887],[149.12473794276474,-35.27992867138956],[149.12472384549014,-35.27994017955444],[149.1247186855295,-35.2799559],[149.12472384549014,-35.27997162044556],[149.12473794276474,-35.27998312861043],[149.1247572,-35.279987340891125],[149.12477645723527,-35.27998312861043],[149.12479055450987,-35.27997162044556],[149.1247957144705,-35.2799559]]]}},{"type":"Feature","id":"12862431798:top","properties":{"part":"top","base":5.5,"height":7,"osmId":12862431798},"geometry":{"type":"Polygon","coordinates":[[[149.12478360992264,-35.2799559],[149.12478007166393,-35.2799451202659],[149.1247704049613,-35.279937228952846],[149.1247572,-35.279934340531796],[149.1247439950387,-35.279937228952846],[149.12473432833607,-35.2799451202659],[149.12473079007736,-35.2799559],[149.12473432833607,-35.279966679734095],[149.1247439950387,-35.27997457104715],[149.1247572,-35.2799774594682],[149.1247704049613,-35.27997457104715],[149.12478007166393,-35.279966679734095],[149.12478360992264,-35.2799559]]]}},{"type":"Feature","id":"12862431799:trunk","properties":{"part":"trunk","base":0,"height":3,"osmId":12862431799},"geometry":{"type":"Polygon","coordinates":[[[149.12468920166344,-35.2801338],[149.12468861195237,-35.28013200337765],[149.12468700083173,-35.280130688158806],[149.1246848,-35.2801302067553],[149.1246825991683,-35.280130688158806],[149.12468098804766,-35.28013200337765],[149.12468039833658,-35.2801338],[149.12468098804766,-35.28013559662235],[149.1246825991683,-35.2801369118412],[149.1246848,-35.2801373932447],[149.12468700083173,-35.2801369118412],[149.12468861195237,-35.28013559662235],[149.12468920166344,-35.2801338]]]}},{"type":"Feature","id":"12862431799:crown","properties":{"part":"crown","base":2.5,"height":5.5,"osmId":12862431799},"geometry":{"type":"Polygon","coordinates":[[[149.12472331455513,-35.2801338],[149.12471815458318,-35.28011807955444],[149.12470405727757,-35.28010657138957],[149.1246848,-35.280102359108874],[149.12466554272245,-35.28010657138957],[149.12465144541684,-35.28011807955444],[149.1246462854449,-35.2801338],[149.12465144541684,-35.28014952044556],[149.12466554272245,-35.280161028610436],[149.1246848,-35.28016524089113],[149.12470405727757,-35.280161028610436],[149.12471815458318,-35.28014952044556],[149.12472331455513,-35.2801338]]]}},{"type":"Feature","id":"12862431799:top","properties":{"part":"top","base":5.5,"height":7,"osmId":12862431799},"geometry":{"type":"Polygon","coordinates":[[[149.12471120998066,-35.2801338],[149.12470767171416,-35.280123020265904],[149.12469800499034,-35.28011512895285],[149.1246848,-35.2801122405318],[149.1246715950097,-35.28011512895285],[149.12466192828586,-35.280123020265904],[149.12465839001936,-35.2801338],[149.12466192828586,-35.2801445797341],[149.1246715950097,-35.28015247104715],[149.1246848,-35.2801553594682],[149.12469800499034,-35.28015247104715],[149.12470767171416,-35.2801445797341],[149.12471120998066,-35.2801338]]]}},{"type":"Feature","id":"12862431800:trunk","properties":{"part":"trunk","base":0,"height":3,"osmId":12862431800},"geometry":{"type":"Polygon","coordinates":[[[149.12452160166785,-35.2802148],[149.12452101195618,-35.28021300337765],[149.12451940083395,-35.28021168815881],[149.1245172,-35.280211206755304],[149.12451499916608,-35.28021168815881],[149.12451338804385,-35.28021300337765],[149.12451279833218,-35.2802148],[149.12451338804385,-35.28021659662235],[149.12451499916608,-35.2802179118412],[149.1245172,-35.2802183932447],[149.12451940083395,-35.2802179118412],[149.12452101195618,-35.28021659662235],[149.12452160166785,-35.2802148]]]}},{"type":"Feature","id":"12862431800:crown","properties":{"part":"crown","base":2.5,"height":5.5,"osmId":12862431800},"geometry":{"type":"Polygon","coordinates":[[[149.12455571459367,-35.2802148],[149.12455055461652,-35.28019907955444],[149.12453645729684,-35.28018757138957],[149.1245172,-35.280183359108875],[149.1244979427032,-35.28018757138957],[149.1244838453835,-35.28019907955444],[149.12447868540636,-35.2802148],[149.1244838453835,-35.28023052044556],[149.1244979427032,-35.28024202861044],[149.1245172,-35.28024624089113],[149.12453645729684,-35.28024202861044],[149.12455055461652,-35.28023052044556],[149.12455571459367,-35.2802148]]]}},{"type":"Feature","id":"12862431800:top","properties":{"part":"top","base":5.5,"height":7,"osmId":12862431800},"geometry":{"type":"Polygon","coordinates":[[[149.1245436100071,-35.2802148],[149.12454007173704,-35.280204020265906],[149.12453040500355,-35.28019612895285],[149.1245172,-35.2801932405318],[149.12450399499647,-35.28019612895285],[149.12449432826298,-35.280204020265906],[149.12449078999293,-35.2802148],[149.12449432826298,-35.2802255797341],[149.12450399499647,-35.280233471047154],[149.1245172,-35.280236359468205],[149.12453040500355,-35.280233471047154],[149.12454007173704,-35.2802255797341],[149.1245436100071,-35.2802148]]]}},{"type":"Feature","id":"12862449701:trunk","properties":{"part":"trunk","base":0,"height":3,"osmId":12862449701},"geometry":{"type":"Polygon","coordinates":[[[149.12470840165776,-35.2800291],[149.12470781194745,-35.28002730337765],[149.12470620082888,-35.280025988158805],[149.124704,-35.2800255067553],[149.12470179917113,-35.280025988158805],[149.12470018805257,-35.28002730337765],[149.12469959834226,-35.2800291],[149.12470018805257,-35.28003089662235],[149.12470179917113,-35.280032211841196],[149.124704,-35.2800326932447],[149.12470620082888,-35.280032211841196],[149.12470781194745,-35.28003089662235],[149.12470840165776,-35.2800291]]]}},{"type":"Feature","id":"12862449701:crown","properties":{"part":"crown","base":2.5,"height":5.5,"osmId":12862449701},"geometry":{"type":"Polygon","coordinates":[[[149.12474251450533,-35.2800291],[149.12473735454003,-35.28001337955444],[149.12472325725267,-35.280001871389565],[149.124704,-35.27999765910887],[149.12468474274735,-35.280001871389565],[149.12467064546,-35.28001337955444],[149.1246654854947,-35.2800291],[149.12467064546,-35.28004482044556],[149.12468474274735,-35.280056328610435],[149.124704,-35.28006054089113],[149.12472325725267,-35.280056328610435],[149.12473735454003,-35.28004482044556],[149.12474251450533,-35.2800291]]]}},{"type":"Feature","id":"12862449701:top","properties":{"part":"top","base":5.5,"height":7,"osmId":12862449701},"geometry":{"type":"Polygon","coordinates":[[[149.12473040994652,-35.2800291],[149.1247268716846,-35.2800183202659],[149.12471720497325,-35.28001042895285],[149.124704,-35.2800075405318],[149.12469079502677,-35.28001042895285],[149.12468112831542,-35.2800183202659],[149.1246775900535,-35.2800291],[149.12468112831542,-35.2800398797341],[149.12469079502677,-35.28004777104715],[149.124704,-35.2800506594682],[149.12471720497325,-35.28004777104715],[149.1247268716846,-35.2800398797341],[149.12473040994652,-35.2800291]]]}},{"type":"Feature","id":"12862449702:trunk","properties":{"part":"trunk","base":0,"height":3,"osmId":12862449702},"geometry":{"type":"Polygon","coordinates":[[[149.12474790165905,-35.2800529],[149.12474731194854,-35.28005110337765],[149.12474570082952,-35.280049788158806],[149.1247435,-35.2800493067553],[149.12474129917047,-35.280049788158806],[149.12473968805145,-35.28005110337765],[149.12473909834094,-35.2800529],[149.12473968805145,-35.28005469662235],[149.12474129917047,-35.2800560118412],[149.1247435,-35.2800564932447],[149.12474570082952,-35.2800560118412],[149.12474731194854,-35.28005469662235],[149.12474790165905,-35.2800529]]]}},{"type":"Feature","id":"12862449702:crown","properties":{"part":"crown","base":2.5,"height":5.5,"osmId":12862449702},"geometry":{"type":"Polygon","coordinates":[[[149.12478201451665,-35.2800529],[149.12477685454982,-35.28003717955444],[149.1247627572583,-35.280025671389566],[149.1247435,-35.28002145910887],[149.12472424274168,-35.280025671389566],[149.12471014545017,-35.28003717955444],[149.12470498548333,-35.2800529],[149.12471014545017,-35.28006862044556],[149.12472424274168,-35.280080128610436],[149.1247435,-35.28008434089113],[149.1247627572583,-35.280080128610436],[149.12477685454982,-35.28006862044556],[149.12478201451665,-35.2800529]]]}},{"type":"Feature","id":"12862449702:top","properties":{"part":"top","base":5.5,"height":7,"osmId":12862449702},"geometry":{"type":"Polygon","coordinates":[[[149.12476990995427,-35.2800529],[149.1247663716913,-35.280042120265904],[149.12475670497713,-35.28003422895285],[149.1247435,-35.2800313405318],[149.12473029502286,-35.28003422895285],[149.1247206283087,-35.280042120265904],[149.12471709004572,-35.2800529],[149.1247206283087,-35.2800636797341],[149.12473029502286,-35.28007157104715],[149.1247435,-35.2800744594682],[149.12475670497713,-35.28007157104715],[149.1247663716913,-35.2800636797341],[149.12476990995427,-35.2800529]]]}},{"type":"Feature","id":"12862449703:trunk","properties":{"part":"trunk","base":0,"height":3,"osmId":12862449703},"geometry":{"type":"Polygon","coordinates":[[[149.1247142016552,-35.2799818],[149.1247136119452,-35.27998000337765],[149.1247120008276,-35.279978688158806],[149.1247098,-35.2799782067553],[149.1247075991724,-35.279978688158806],[149.1247059880548,-35.27998000337765],[149.12470539834482,-35.2799818],[149.1247059880548,-35.27998359662235],[149.1247075991724,-35.2799849118412],[149.1247098,-35.2799853932447],[149.1247120008276,-35.2799849118412],[149.1247136119452,-35.27998359662235],[149.1247142016552,-35.2799818]]]}},{"type":"Feature","id":"12862449703:crown","properties":{"part":"crown","base":2.5,"height":5.5,"osmId":12862449703},"geometry":{"type":"Polygon","coordinates":[[[149.12474831448284,-35.2799818],[149.12474315452056,-35.27996607955444],[149.1247290572414,-35.27995457138957],[149.1247098,-35.279950359108874],[149.1246905427586,-35.27995457138957],[149.12467644547945,-35.27996607955444],[149.12467128551717,-35.2799818],[149.12467644547945,-35.27999752044556],[149.1246905427586,-35.280009028610436],[149.1247098,-35.28001324089113],[149.1247290572414,-35.280009028610436],[149.12474315452056,-35.27999752044556],[149.12474831448284,-35.2799818]]]}},{"type":"Feature","id":"12862449703:top","properties":{"part":"top","base":5.5,"height":7,"osmId":12862449703},"geometry":{"type":"Polygon","coordinates":[[[149.1247362099311,-35.2799818],[149.12473267167124,-35.279971020265904],[149.12472300496555,-35.27996312895285],[149.1247098,-35.2799602405318],[149.12469659503446,-35.27996312895285],[149.12468692832877,-35.279971020265904],[149.12468339006892,-35.2799818],[149.12468692832877,-35.2799925797341],[149.12469659503446,-35.28000047104715],[149.1247098,-35.2800033594682],[149.12472300496555,-35.28000047104715],[149.12473267167124,-35.2799925797341],[149.1247362099311,-35.2799818]]]}},{"type":"Feature","id":"12862449704:trunk","properties":{"part":"trunk","base":0,"height":3,"osmId":12862449704},"geometry":{"type":"Polygon","coordinates":[[[149.12462230164888,-35.2798658],[149.12462171193974,-35.279864003377654],[149.12462010082444,-35.27986268815881],[149.1246179,-35.279862206755304],[149.12461569917556,-35.27986268815881],[149.12461408806027,-35.279864003377654],[149.12461349835112,-35.2798658],[149.12461408806027,-35.27986759662235],[149.12461569917556,-35.2798689118412],[149.1246179,-35.2798693932447],[149.12462010082444,-35.2798689118412],[149.12462171193974,-35.27986759662235],[149.12462230164888,-35.2798658]]]}},{"type":"Feature","id":"12862449704:crown","properties":{"part":"crown","base":2.5,"height":5.5,"osmId":12862449704},"geometry":{"type":"Polygon","coordinates":[[[149.12465641442768,-35.2798658],[149.12465125447278,-35.27985007955444],[149.12463715721384,-35.27983857138957],[149.1246179,-35.279834359108875],[149.12459864278617,-35.27983857138957],[149.12458454552723,-35.27985007955444],[149.12457938557233,-35.2798658],[149.12458454552723,-35.279881520445564],[149.12459864278617,-35.27989302861044],[149.1246179,-35.27989724089113],[149.12463715721384,-35.27989302861044],[149.12465125447278,-35.279881520445564],[149.12465641442768,-35.2798658]]]}},{"type":"Feature","id":"12862449704:top","properties":{"part":"top","base":5.5,"height":7,"osmId":12862449704},"geometry":{"type":"Polygon","coordinates":[[[149.12464430989326,-35.2798658],[149.12464077163847,-35.279855020265906],[149.12463110494664,-35.27984712895285],[149.1246179,-35.2798442405318],[149.12460469505336,-35.27984712895285],[149.12459502836154,-35.279855020265906],[149.12459149010675,-35.2798658],[149.12459502836154,-35.2798765797341],[149.12460469505336,-35.279884471047154],[149.1246179,-35.279887359468205],[149.12463110494664,-35.279884471047154],[149.12464077163847,-35.2798765797341],[149.12464430989326,-35.2798658]]]}},{"type":"Feature","id":"12862449705:trunk","properties":{"part":"trunk","base":0,"height":3,"osmId":12862449705},"geometry":{"type":"Polygon","coordinates":[[[149.12448290164403,-35.2797767],[149.12448231193557,-35.27977490337765],[149.12448070082203,-35.279773588158804],[149.1244785,-35.2797731067553],[149.12447629917799,-35.279773588158804],[149.12447468806445,-35.27977490337765],[149.124474098356,-35.2797767],[149.12447468806445,-35.27977849662235],[149.12447629917799,-35.279779811841195],[149.1244785,-35.2797802932447],[149.12448070082203,-35.279779811841195],[149.12448231193557,-35.27977849662235],[149.12448290164403,-35.2797767]]]}},{"type":"Feature","id":"12862449705:crown","properties":{"part":"crown","base":2.5,"height":5.5,"osmId":12862449705},"geometry":{"type":"Polygon","coordinates":[[[149.1245170143853,-35.2797767],[149.1245118544361,-35.27976097955444],[149.12449775719264,-35.279749471389565],[149.1244785,-35.27974525910887],[149.12445924280738,-35.279749471389565],[149.12444514556393,-35.27976097955444],[149.1244399856147,-35.2797767],[149.12444514556393,-35.27979242044556],[149.12445924280738,-35.279803928610434],[149.1244785,-35.27980814089113],[149.12449775719264,-35.279803928610434],[149.1245118544361,-35.27979242044556],[149.1245170143853,-35.2797767]]]}},{"type":"Feature","id":"12862449705:top","properties":{"part":"top","base":5.5,"height":7,"osmId":12862449705},"geometry":{"type":"Polygon","coordinates":[[[149.1245049098642,-35.2797767],[149.12450137161332,-35.2797659202659],[149.1244917049321,-35.27975802895285],[149.1244785,-35.2797551405318],[149.12446529506792,-35.27975802895285],[149.1244556283867,-35.2797659202659],[149.1244520901358,-35.2797767],[149.1244556283867,-35.2797874797341],[149.12446529506792,-35.27979537104715],[149.1244785,-35.2797982594682],[149.1244917049321,-35.27979537104715],[149.12450137161332,-35.2797874797341],[149.1245049098642,-35.2797767]]]}},{"type":"Feature","id":"12862449706:trunk","properties":{"part":"trunk","base":0,"height":3,"osmId":12862449706},"geometry":{"type":"Polygon","coordinates":[[[149.1243452016398,-35.279699],[149.1243446119319,-35.27969720337765],[149.1243430008199,-35.279695888158805],[149.1243408,-35.2796954067553],[149.1243385991801,-35.279695888158805],[149.1243369880681,-35.27969720337765],[149.12433639836019,-35.279699],[149.1243369880681,-35.27970079662235],[149.1243385991801,-35.279702111841196],[149.1243408,-35.2797025932447],[149.1243430008199,-35.279702111841196],[149.1243446119319,-35.27970079662235],[149.1243452016398,-35.279699]]]}},{"type":"Feature","id":"12862449706:crown","properties":{"part":"crown","base":2.5,"height":5.5,"osmId":12862449706},"geometry":{"type":"Polygon","coordinates":[[[149.12437931434835,-35.279699],[149.12437415440408,-35.27968327955444],[149.12436005717416,-35.279671771389566],[149.1243408,-35.27966755910887],[149.12432154282584,-35.279671771389566],[149.12430744559592,-35.27968327955444],[149.12430228565165,-35.279699],[149.12430744559592,-35.27971472044556],[149.12432154282584,-35.279726228610436],[149.1243408,-35.27973044089113],[149.12436005717416,-35.279726228610436],[149.12437415440408,-35.27971472044556],[149.12437931434835,-35.279699]]]}},{"type":"Feature","id":"12862449706:top","properties":{"part":"top","base":5.5,"height":7,"osmId":12862449706},"geometry":{"type":"Polygon","coordinates":[[[149.12436720983885,-35.279699],[149.12436367159137,-35.2796882202659],[149.12435400491944,-35.27968032895285],[149.1243408,-35.2796774405318],[149.12432759508056,-35.27968032895285],[149.12431792840863,-35.2796882202659],[149.12431439016115,-35.279699],[149.12431792840863,-35.2797097797341],[149.12432759508056,-35.27971767104715],[149.1243408,-35.2797205594682],[149.12435400491944,-35.27971767104715],[149.12436367159137,-35.2797097797341],[149.12436720983885,-35.279699]]]}},{"type":"Feature","id":"12862449707:trunk","properties":{"part":"trunk","base":0,"height":3,"osmId":12862449707},"geometry":{"type":"Polygon","coordinates":[[[149.1245003016595,-35.2800612],[149.12449971194894,-35.28005940337765],[149.12449810082975,-35.2800580881588],[149.1244959,-35.2800576067553],[149.12449369917024,-35.2800580881588],[149.12449208805106,-35.28005940337765],[149.1244914983405,-35.2800612],[149.12449208805106,-35.28006299662235],[149.12449369917024,-35.280064311841194],[149.1244959,-35.2800647932447],[149.12449810082975,-35.280064311841194],[149.12449971194894,-35.28006299662235],[149.1245003016595,-35.2800612]]]}},{"type":"Feature","id":"12862449707:crown","properties":{"part":"crown","base":2.5,"height":5.5,"osmId":12862449707},"geometry":{"type":"Polygon","coordinates":[[[149.12453441452058,-35.2800612],[149.12452925455324,-35.28004547955444],[149.1245151572603,-35.280033971389564],[149.1244959,-35.28002975910887],[149.1244766427397,-35.280033971389564],[149.12446254544676,-35.28004547955444],[149.12445738547942,-35.2800612],[149.12446254544676,-35.28007692044556],[149.1244766427397,-35.28008842861043],[149.1244959,-35.28009264089113],[149.1245151572603,-35.28008842861043],[149.12452925455324,-35.28007692044556],[149.12453441452058,-35.2800612]]]}},{"type":"Feature","id":"12862449707:top","properties":{"part":"top","base":5.5,"height":7,"osmId":12862449707},"geometry":{"type":"Polygon","coordinates":[[[149.12452230995697,-35.2800612],[149.12451877169366,-35.2800504202659],[149.1245091049785,-35.28004252895285],[149.1244959,-35.2800396405318],[149.1244826950215,-35.28004252895285],[149.12447302830634,-35.2800504202659],[149.12446949004303,-35.2800612],[149.12447302830634,-35.280071979734096],[149.1244826950215,-35.28007987104715],[149.1244959,-35.2800827594682],[149.1245091049785,-35.28007987104715],[149.12451877169366,-35.280071979734096],[149.12452230995697,-35.2800612]]]}},{"type":"Feature","id":"12862449708:trunk","properties":{"part":"trunk","base":0,"height":3,"osmId":12862449708},"geometry":{"type":"Polygon","coordinates":[[[149.12446360165126,-35.2799098],[149.1244630119418,-35.27990800337765],[149.12446140082562,-35.2799066881588],[149.1244592,-35.2799062067553],[149.12445699917436,-35.2799066881588],[149.12445538805818,-35.27990800337765],[149.12445479834872,-35.2799098],[149.12445538805818,-35.27991159662235],[149.12445699917436,-35.279912911841194],[149.1244592,-35.2799133932447],[149.12446140082562,-35.279912911841194],[149.1244630119418,-35.27991159662235],[149.12446360165126,-35.2799098]]]}},{"type":"Feature","id":"12862449708:crown","properties":{"part":"crown","base":2.5,"height":5.5,"osmId":12862449708},"geometry":{"type":"Polygon","coordinates":[[[149.12449771444858,-35.2799098],[149.12449255449087,-35.27989407955444],[149.12447845722428,-35.279882571389564],[149.1244592,-35.27987835910887],[149.1244399427757,-35.279882571389564],[149.1244258455091,-35.27989407955444],[149.1244206855514,-35.2799098],[149.1244258455091,-35.27992552044556],[149.1244399427757,-35.27993702861043],[149.1244592,-35.27994124089113],[149.12447845722428,-35.27993702861043],[149.12449255449087,-35.27992552044556],[149.12449771444858,-35.2799098]]]}},{"type":"Feature","id":"12862449708:top","properties":{"part":"top","base":5.5,"height":7,"osmId":12862449708},"geometry":{"type":"Polygon","coordinates":[[[149.1244856099076,-35.2799098],[149.12448207165087,-35.2798990202659],[149.1244724049538,-35.27989112895285],[149.1244592,-35.2798882405318],[149.1244459950462,-35.27989112895285],[149.1244363283491,-35.2798990202659],[149.12443279009238,-35.2799098],[149.1244363283491,-35.279920579734096],[149.1244459950462,-35.27992847104715],[149.1244592,-35.2799313594682],[149.1244724049538,-35.27992847104715],[149.12448207165087,-35.279920579734096],[149.1244856099076,-35.2799098]]]}},{"type":"Feature","id":"12862449709:trunk","properties":{"part":"trunk","base":0,"height":3,"osmId":12862449709},"geometry":{"type":"Polygon","coordinates":[[[149.12437450164737,-35.2798381],[149.12437391193842,-35.27983630337765],[149.12437230082367,-35.279834988158804],[149.1243701,-35.2798345067553],[149.12436789917632,-35.279834988158804],[149.12436628806157,-35.27983630337765],[149.12436569835262,-35.2798381],[149.12436628806157,-35.27983989662235],[149.12436789917632,-35.279841211841195],[149.1243701,-35.2798416932447],[149.12437230082367,-35.279841211841195],[149.12437391193842,-35.27983989662235],[149.12437450164737,-35.2798381]]]}},{"type":"Feature","id":"12862449709:crown","properties":{"part":"crown","base":2.5,"height":5.5,"osmId":12862449709},"geometry":{"type":"Polygon","coordinates":[[[149.12440861441448,-35.2798381],[149.12440345446134,-35.27982237955444],[149.12438935720724,-35.279810871389564],[149.1243701,-35.27980665910887],[149.12435084279275,-35.279810871389564],[149.12433674553864,-35.27982237955444],[149.1243315855855,-35.2798381],[149.12433674553864,-35.27985382044556],[149.12435084279275,-35.279865328610434],[149.1243701,-35.27986954089113],[149.12438935720724,-35.279865328610434],[149.12440345446134,-35.27985382044556],[149.12440861441448,-35.2798381]]]}},{"type":"Feature","id":"12862449709:top","properties":{"part":"top","base":5.5,"height":7,"osmId":12862449709},"geometry":{"type":"Polygon","coordinates":[[[149.1243965098842,-35.2798381],[149.12439297163064,-35.2798273202659],[149.1243833049421,-35.27981942895285],[149.1243701,-35.2798165405318],[149.12435689505787,-35.27981942895285],[149.12434722836934,-35.2798273202659],[149.12434369011578,-35.2798381],[149.12434722836934,-35.2798488797341],[149.12435689505787,-35.27985677104715],[149.1243701,-35.2798596594682],[149.1243833049421,-35.27985677104715],[149.12439297163064,-35.2798488797341],[149.1243965098842,-35.2798381]]]}},{"type":"Feature","id":"12862449710:trunk","properties":{"part":"trunk","base":0,"height":3,"osmId":12862449710},"geometry":{"type":"Polygon","coordinates":[[[149.1241924016538,-35.2799561],[149.124191811944,-35.27995430337765],[149.1241902008269,-35.279952988158804],[149.124188,-35.2799525067553],[149.12418579917312,-35.279952988158804],[149.124184188056,-35.27995430337765],[149.1241835983462,-35.2799561],[149.124184188056,-35.27995789662235],[149.12418579917312,-35.279959211841195],[149.124188,-35.2799596932447],[149.1241902008269,-35.279959211841195],[149.124191811944,-35.27995789662235],[149.1241924016538,-35.2799561]]]}},{"type":"Feature","id":"12862449710:crown","properties":{"part":"crown","base":2.5,"height":5.5,"osmId":12862449710},"geometry":{"type":"Polygon","coordinates":[[[149.12422651447062,-35.2799561],[149.12422135450996,-35.27994037955444],[149.1242072572353,-35.279928871389565],[149.124188,-35.27992465910887],[149.1241687427647,-35.279928871389565],[149.12415464549005,-35.27994037955444],[149.1241494855294,-35.2799561],[149.12415464549005,-35.27997182044556],[149.1241687427647,-35.279983328610435],[149.124188,-35.27998754089113],[149.1242072572353,-35.279983328610435],[149.12422135450996,-35.27997182044556],[149.12422651447062,-35.2799561]]]}},{"type":"Feature","id":"12862449710:top","properties":{"part":"top","base":5.5,"height":7,"osmId":12862449710},"geometry":{"type":"Polygon","coordinates":[[[149.1242144099227,-35.2799561],[149.124210871664,-35.2799453202659],[149.12420120496137,-35.27993742895285],[149.124188,-35.2799345405318],[149.12417479503864,-35.27993742895285],[149.12416512833602,-35.2799453202659],[149.1241615900773,-35.2799561],[149.12416512833602,-35.2799668797341],[149.12417479503864,-35.27997477104715],[149.124188,-35.2799776594682],[149.12420120496137,-35.27997477104715],[149.124210871664,-35.2799668797341],[149.1242144099227,-35.2799561]]]}},{"type":"Feature","id":"12862449711:trunk","properties":{"part":"trunk","base":0,"height":3,"osmId":12862449711},"geometry":{"type":"Polygon","coordinates":[[[149.12425430165004,-35.2798871],[149.12425371194075,-35.279885303377654],[149.124252100825,-35.27988398815881],[149.1242499,-35.279883506755304],[149.124247699175,-35.27988398815881],[149.12424608805924,-35.279885303377654],[149.12424549834995,-35.2798871],[149.12424608805924,-35.27988889662235],[149.124247699175,-35.2798902118412],[149.1242499,-35.2798906932447],[149.124252100825,-35.2798902118412],[149.12425371194075,-35.27988889662235],[149.12425430165004,-35.2798871]]]}},{"type":"Feature","id":"12862449711:crown","properties":{"part":"crown","base":2.5,"height":5.5,"osmId":12862449711},"geometry":{"type":"Polygon","coordinates":[[[149.12428841443779,-35.2798871],[149.12428325448153,-35.27987137955444],[149.1242691572189,-35.27985987138957],[149.1242499,-35.279855659108875],[149.1242306427811,-35.27985987138957],[149.12421654551846,-35.27987137955444],[149.1242113855622,-35.2798871],[149.12421654551846,-35.279902820445564],[149.1242306427811,-35.27991432861044],[149.1242499,-35.27991854089113],[149.1242691572189,-35.27991432861044],[149.12428325448153,-35.279902820445564],[149.12428841443779,-35.2798871]]]}},{"type":"Feature","id":"12862449711:top","properties":{"part":"top","base":5.5,"height":7,"osmId":12862449711},"geometry":{"type":"Polygon","coordinates":[[[149.1242763099002,-35.2798871],[149.12427277164448,-35.279876320265906],[149.1242631049501,-35.27986842895285],[149.1242499,-35.2798655405318],[149.1242366950499,-35.27986842895285],[149.1242270283555,-35.279876320265906],[149.12422349009978,-35.2798871],[149.1242270283555,-35.2798978797341],[149.1242366950499,-35.279905771047154],[149.1242499,-35.279908659468205],[149.1242631049501,-35.279905771047154],[149.12427277164448,-35.2798978797341],[149.1242763099002,-35.2798871]]]}},{"type":"Feature","id":"12862449712:trunk","properties":{"part":"trunk","base":0,"height":3,"osmId":12862449712},"geometry":{"type":"Polygon","coordinates":[[[149.1243246016445,-35.2797855],[149.12432401193595,-35.27978370337765],[149.12432240082225,-35.27978238815881],[149.1243202,-35.279781906755304],[149.12431799917775,-35.27978238815881],[149.12431638806405,-35.27978370337765],[149.1243157983555,-35.2797855],[149.12431638806405,-35.27978729662235],[149.12431799917775,-35.2797886118412],[149.1243202,-35.2797890932447],[149.12432240082225,-35.2797886118412],[149.12432401193595,-35.27978729662235],[149.1243246016445,-35.2797855]]]}},{"type":"Feature","id":"12862449712:crown","properties":{"part":"crown","base":2.5,"height":5.5,"osmId":12862449712},"geometry":{"type":"Polygon","coordinates":[[[149.12435871438947,-35.2797855],[149.1243535544397,-35.27976977955444],[149.12433945719474,-35.27975827138957],[149.1243202,-35.279754059108875],[149.12430094280526,-35.27975827138957],[149.1242868455603,-35.27976977955444],[149.12428168561053,-35.2797855],[149.1242868455603,-35.27980122044556],[149.12430094280526,-35.27981272861044],[149.1243202,-35.27981694089113],[149.12433945719474,-35.27981272861044],[149.1243535544397,-35.27980122044556],[149.12435871438947,-35.2797855]]]}},{"type":"Feature","id":"12862449712:top","properties":{"part":"top","base":5.5,"height":7,"osmId":12862449712},"geometry":{"type":"Polygon","coordinates":[[[149.12434660986708,-35.2797855],[149.12434307161578,-35.279774720265905],[149.12433340493354,-35.27976682895285],[149.1243202,-35.2797639405318],[149.12430699506646,-35.27976682895285],[149.12429732838422,-35.279774720265905],[149.12429379013292,-35.2797855],[149.12429732838422,-35.2797962797341],[149.12430699506646,-35.279804171047154],[149.1243202,-35.279807059468204],[149.12433340493354,-35.279804171047154],[149.12434307161578,-35.2797962797341],[149.12434660986708,-35.2797855]]]}},{"type":"Feature","id":"12862449713:trunk","properties":{"part":"trunk","base":0,"height":3,"osmId":12862449713},"geometry":{"type":"Polygon","coordinates":[[[149.12428450164285,-35.2797549],[149.12428391193453,-35.27975310337765],[149.12428230082142,-35.279751788158805],[149.1242801,-35.2797513067553],[149.12427789917857,-35.279751788158805],[149.12427628806546,-35.27975310337765],[149.12427569835714,-35.2797549],[149.12427628806546,-35.27975669662235],[149.12427789917857,-35.279758011841196],[149.1242801,-35.2797584932447],[149.12428230082142,-35.279758011841196],[149.12428391193453,-35.27975669662235],[149.12428450164285,-35.2797549]]]}},{"type":"Feature","id":"12862449713:crown","properties":{"part":"crown","base":2.5,"height":5.5,"osmId":12862449713},"geometry":{"type":"Polygon","coordinates":[[[149.1243186143749,-35.2797549],[149.1243134544271,-35.27973917955444],[149.12429935718745,-35.279727671389566],[149.1242801,-35.27972345910887],[149.12426084281253,-35.279727671389566],[149.1242467455729,-35.27973917955444],[149.12424158562507,-35.2797549],[149.1242467455729,-35.27977062044556],[149.12426084281253,-35.279782128610435],[149.1242801,-35.27978634089113],[149.12429935718745,-35.279782128610435],[149.1243134544271,-35.27977062044556],[149.1243186143749,-35.2797549]]]}},{"type":"Feature","id":"12862449713:top","properties":{"part":"top","base":5.5,"height":7,"osmId":12862449713},"geometry":{"type":"Polygon","coordinates":[[[149.1243065098571,-35.2797549],[149.12430297160714,-35.2797441202659],[149.12429330492853,-35.27973622895285],[149.1242801,-35.2797333405318],[149.12426689507146,-35.27973622895285],[149.12425722839285,-35.2797441202659],[149.1242536901429,-35.2797549],[149.12425722839285,-35.2797656797341],[149.12426689507146,-35.27977357104715],[149.1242801,-35.2797764594682],[149.12429330492853,-35.27977357104715],[149.12430297160714,-35.2797656797341],[149.1243065098571,-35.2797549]]]}},{"type":"Feature","id":"12862449714:trunk","properties":{"part":"trunk","base":0,"height":3,"osmId":12862449714},"geometry":{"type":"Polygon","coordinates":[[[149.12428940164745,-35.2798396],[149.1242888119385,-35.27983780337765],[149.12428720082372,-35.27983648815881],[149.124285,-35.2798360067553],[149.12428279917626,-35.27983648815881],[149.12428118806147,-35.27983780337765],[149.12428059835253,-35.2798396],[149.12428118806147,-35.27984139662235],[149.12428279917626,-35.2798427118412],[149.124285,-35.2798431932447],[149.12428720082372,-35.2798427118412],[149.1242888119385,-35.27984139662235],[149.12428940164745,-35.2798396]]]}},{"type":"Feature","id":"12862449714:crown","properties":{"part":"crown","base":2.5,"height":5.5,"osmId":12862449714},"geometry":{"type":"Polygon","coordinates":[[[149.12432351441518,-35.2798396],[149.12431835446196,-35.27982387955444],[149.1243042572076,-35.27981237138957],[149.124285,-35.279808159108875],[149.12426574279237,-35.27981237138957],[149.124251645538,-35.27982387955444],[149.1242464855848,-35.2798396],[149.124251645538,-35.27985532044556],[149.12426574279237,-35.27986682861044],[149.124285,-35.27987104089113],[149.1243042572076,-35.27986682861044],[149.12431835446196,-35.27985532044556],[149.12432351441518,-35.2798396]]]}},{"type":"Feature","id":"12862449714:top","properties":{"part":"top","base":5.5,"height":7,"osmId":12862449714},"geometry":{"type":"Polygon","coordinates":[[[149.1243114098847,-35.2798396],[149.12430787163106,-35.279828820265905],[149.12429820494233,-35.27982092895285],[149.124285,-35.2798180405318],[149.12427179505764,-35.27982092895285],[149.1242621283689,-35.279828820265905],[149.12425859011526,-35.2798396],[149.1242621283689,-35.2798503797341],[149.12427179505764,-35.27985827104715],[149.124285,-35.279861159468204],[149.12429820494233,-35.27985827104715],[149.12430787163106,-35.2798503797341],[149.1243114098847,-35.2798396]]]}},{"type":"Feature","id":"12862449828:trunk","properties":{"part":"trunk","base":0,"height":3,"osmId":12862449828},"geometry":{"type":"Polygon","coordinates":[[[149.1242156016358,-35.2796255],[149.1242150119284,-35.27962370337765],[149.1242134008179,-35.279622388158806],[149.1242112,-35.2796219067553],[149.1242089991821,-35.279622388158806],[149.12420738807157,-35.27962370337765],[149.12420679836418,-35.2796255],[149.12420738807157,-35.27962729662235],[149.1242089991821,-35.2796286118412],[149.1242112,-35.2796290932447],[149.1242134008179,-35.2796286118412],[149.1242150119284,-35.27962729662235],[149.1242156016358,-35.2796255]]]}},{"type":"Feature","id":"12862449828:crown","properties":{"part":"crown","base":2.5,"height":5.5,"osmId":12862449828},"geometry":{"type":"Polygon","coordinates":[[[149.12424971431338,-35.2796255],[149.12424455437377,-35.27960977955444],[149.12423045715667,-35.27959827138957],[149.1242112,-35.279594059108874],[149.1241919428433,-35.27959827138957],[149.1241778456262,-35.27960977955444],[149.1241726856866,-35.2796255],[149.1241778456262,-35.27964122044556],[149.1241919428433,-35.279652728610436],[149.1242112,-35.27965694089113],[149.12423045715667,-35.279652728610436],[149.12424455437377,-35.27964122044556],[149.12424971431338,-35.2796255]]]}},{"type":"Feature","id":"12862449828:top","properties":{"part":"top","base":5.5,"height":7,"osmId":12862449828},"geometry":{"type":"Polygon","coordinates":[[[149.12423760981488,-35.2796255],[149.12423407157058,-35.279614720265904],[149.12422440490744,-35.27960682895285],[149.1242112,-35.2796039405318],[149.12419799509254,-35.27960682895285],[149.1241883284294,-35.279614720265904],[149.1241847901851,-35.2796255],[149.1241883284294,-35.2796362797341],[149.12419799509254,-35.27964417104715],[149.1242112,-35.2796470594682],[149.12422440490744,-35.27964417104715],[149.12423407157058,-35.2796362797341],[149.12423760981488,-35.2796255]]]}},{"type":"Feature","id":"12862449829:trunk","properties":{"part":"trunk","base":0,"height":3,"osmId":12862449829},"geometry":{"type":"Polygon","coordinates":[[[149.1240949016317,-35.2795499],[149.12409431192486,-35.27954810337765],[149.12409270081585,-35.279546788158804],[149.1240905,-35.2795463067553],[149.12408829918414,-35.279546788158804],[149.12408668807512,-35.27954810337765],[149.12408609836828,-35.2795499],[149.12408668807512,-35.27955169662235],[149.12408829918414,-35.279553011841195],[149.1240905,-35.2795534932447],[149.12409270081585,-35.279553011841195],[149.12409431192486,-35.27955169662235],[149.1240949016317,-35.2795499]]]}},{"type":"Feature","id":"12862449829:crown","properties":{"part":"crown","base":2.5,"height":5.5,"osmId":12862449829},"geometry":{"type":"Polygon","coordinates":[[[149.12412901427743,-35.2795499],[149.12412385434266,-35.27953417955444],[149.1241097571387,-35.279522671389564],[149.1240905,-35.27951845910887],[149.12407124286128,-35.279522671389564],[149.12405714565733,-35.27953417955444],[149.12405198572256,-35.2795499],[149.12405714565733,-35.27956562044556],[149.12407124286128,-35.279577128610434],[149.1240905,-35.27958134089113],[149.1241097571387,-35.279577128610434],[149.12412385434266,-35.27956562044556],[149.12412901427743,-35.2795499]]]}},{"type":"Feature","id":"12862449829:top","properties":{"part":"top","base":5.5,"height":7,"osmId":12862449829},"geometry":{"type":"Polygon","coordinates":[[[149.12411690979022,-35.2795499],[149.12411337154924,-35.2795391202659],[149.1241037048951,-35.27953122895285],[149.1240905,-35.2795283405318],[149.12407729510488,-35.27953122895285],[149.12406762845075,-35.2795391202659],[149.12406409020977,-35.2795499],[149.12406762845075,-35.2795606797341],[149.12407729510488,-35.27956857104715],[149.1240905,-35.2795714594682],[149.1241037048951,-35.27956857104715],[149.12411337154924,-35.2795606797341],[149.12411690979022,-35.2795499]]]}},{"type":"Feature","id":"12862449830:trunk","properties":{"part":"trunk","base":0,"height":3,"osmId":12862449830},"geometry":{"type":"Polygon","coordinates":[[[149.1239337016268,-35.2794601],[149.12393311192062,-35.27945830337765],[149.1239315008134,-35.279456988158806],[149.1239293,-35.2794565067553],[149.12392709918657,-35.279456988158806],[149.12392548807935,-35.27945830337765],[149.12392489837316,-35.2794601],[149.12392548807935,-35.27946189662235],[149.12392709918657,-35.2794632118412],[149.1239293,-35.2794636932447],[149.1239315008134,-35.2794632118412],[149.12393311192062,-35.27946189662235],[149.1239337016268,-35.2794601]]]}},{"type":"Feature","id":"12862449830:crown","properties":{"part":"crown","base":2.5,"height":5.5,"osmId":12862449830},"geometry":{"type":"Polygon","coordinates":[[[149.1239678142347,-35.2794601],[149.12396265430567,-35.27944437955444],[149.12394855711736,-35.27943287138957],[149.1239293,-35.27942865910887],[149.1239100428826,-35.27943287138957],[149.1238959456943,-35.27944437955444],[149.12389078576527,-35.2794601],[149.1238959456943,-35.27947582044556],[149.1239100428826,-35.279487328610436],[149.1239293,-35.27949154089113],[149.12394855711736,-35.279487328610436],[149.12396265430567,-35.27947582044556],[149.1239678142347,-35.2794601]]]}},{"type":"Feature","id":"12862449830:top","properties":{"part":"top","base":5.5,"height":7,"osmId":12862449830},"geometry":{"type":"Polygon","coordinates":[[[149.12395570976093,-35.2794601],[149.12395217152388,-35.279449320265904],[149.12394250488046,-35.27944142895285],[149.1239293,-35.2794385405318],[149.1239160951195,-35.27944142895285],[149.1239064284761,-35.279449320265904],[149.12390289023904,-35.2794601],[149.1239064284761,-35.2794708797341],[149.1239160951195,-35.27947877104715],[149.1239293,-35.2794816594682],[149.12394250488046,-35.27947877104715],[149.12395217152388,-35.2794708797341],[149.12395570976093,-35.2794601]]]}},{"type":"Feature","id":"12862449859:trunk","properties":{"part":"trunk","base":0,"height":3,"osmId":12862449859},"geometry":{"type":"Polygon","coordinates":[[[149.1243158016298,-35.2795145],[149.12431521192323,-35.27951270337765],[149.1243136008149,-35.2795113881588],[149.1243114,-35.2795109067553],[149.12430919918512,-35.2795113881588],[149.1243075880768,-35.27951270337765],[149.12430699837023,-35.2795145],[149.1243075880768,-35.27951629662235],[149.12430919918512,-35.27951761184119],[149.1243114,-35.2795180932447],[149.1243136008149,-35.27951761184119],[149.12431521192323,-35.27951629662235],[149.1243158016298,-35.2795145]]]}},{"type":"Feature","id":"12862449859:crown","properties":{"part":"crown","base":2.5,"height":5.5,"osmId":12862449859},"geometry":{"type":"Polygon","coordinates":[[[149.1243499142606,-35.2795145],[149.1243447543281,-35.27949877955444],[149.12433065713032,-35.27948727138956],[149.1243114,-35.27948305910887],[149.1242921428697,-35.27948727138956],[149.12427804567193,-35.27949877955444],[149.12427288573943,-35.2795145],[149.12427804567193,-35.27953022044556],[149.1242921428697,-35.27954172861043],[149.1243114,-35.279545940891126],[149.12433065713032,-35.27954172861043],[149.1243447543281,-35.27953022044556],[149.1243499142606,-35.2795145]]]}},{"type":"Feature","id":"12862449859:top","properties":{"part":"top","base":5.5,"height":7,"osmId":12862449859},"geometry":{"type":"Polygon","coordinates":[[[149.1243378097787,-35.2795145],[149.12433427153925,-35.2795037202659],[149.12432460488935,-35.27949582895285],[149.1243114,-35.279492940531796],[149.12429819511067,-35.27949582895285],[149.12428852846077,-35.2795037202659],[149.12428499022133,-35.2795145],[149.12428852846077,-35.279525279734095],[149.12429819511067,-35.27953317104715],[149.1243114,-35.2795360594682],[149.12432460488935,-35.27953317104715],[149.12433427153925,-35.279525279734095],[149.1243378097787,-35.2795145]]]}},{"type":"Feature","id":"12862449860:trunk","properties":{"part":"trunk","base":0,"height":3,"osmId":12862449860},"geometry":{"type":"Polygon","coordinates":[[[149.12417730162525,-35.2794315],[149.1241767119193,-35.27942970337765],[149.12417510081264,-35.279428388158806],[149.1241729,-35.2794279067553],[149.12417069918735,-35.279428388158806],[149.1241690880807,-35.27942970337765],[149.12416849837473,-35.2794315],[149.1241690880807,-35.27943329662235],[149.12417069918735,-35.2794346118412],[149.1241729,-35.2794350932447],[149.12417510081264,-35.2794346118412],[149.1241767119193,-35.27943329662235],[149.12417730162525,-35.2794315]]]}},{"type":"Feature","id":"12862449860:crown","properties":{"part":"crown","base":2.5,"height":5.5,"osmId":12862449860},"geometry":{"type":"Polygon","coordinates":[[[149.12421141422112,-35.2794315],[149.12420625429388,-35.27941577955444],[149.12419215711054,-35.279404271389566],[149.1241729,-35.27940005910887],[149.12415364288944,-35.279404271389566],[149.1241395457061,-35.27941577955444],[149.12413438577886,-35.2794315],[149.1241395457061,-35.27944722044556],[149.12415364288944,-35.279458728610436],[149.1241729,-35.27946294089113],[149.12419215711054,-35.279458728610436],[149.12420625429388,-35.27944722044556],[149.12421141422112,-35.2794315]]]}},{"type":"Feature","id":"12862449860:top","properties":{"part":"top","base":5.5,"height":7,"osmId":12862449860},"geometry":{"type":"Polygon","coordinates":[[[149.12419930975162,-35.2794315],[149.12419577151582,-35.279420720265904],[149.1241861048758,-35.27941282895285],[149.1241729,-35.2794099405318],[149.12415969512418,-35.27941282895285],[149.12415002848417,-35.279420720265904],[149.12414649024836,-35.2794315],[149.12415002848417,-35.2794422797341],[149.12415969512418,-35.27945017104715],[149.1241729,-35.2794530594682],[149.1241861048758,-35.27945017104715],[149.12419577151582,-35.2794422797341],[149.12419930975162,-35.2794315]]]}},{"type":"Feature","id":"12862449861:trunk","properties":{"part":"trunk","base":0,"height":3,"osmId":12862449861},"geometry":{"type":"Polygon","coordinates":[[[149.12404380162093,-35.2793521],[149.12404321191556,-35.27935030337765],[149.12404160081047,-35.2793489881588],[149.1240394,-35.2793485067553],[149.1240371991895,-35.2793489881588],[149.1240355880844,-35.27935030337765],[149.12403499837905,-35.2793521],[149.1240355880844,-35.27935389662235],[149.1240371991895,-35.27935521184119],[149.1240394,-35.279355693244696],[149.12404160081047,-35.27935521184119],[149.12404321191556,-35.27935389662235],[149.12404380162093,-35.2793521]]]}},{"type":"Feature","id":"12862449861:crown","properties":{"part":"crown","base":2.5,"height":5.5,"osmId":12862449861},"geometry":{"type":"Polygon","coordinates":[[[149.12407791418335,-35.2793521],[149.1240727542612,-35.27933637955444],[149.12405865709167,-35.27932487138956],[149.1240394,-35.27932065910887],[149.1240201429083,-35.27932487138956],[149.12400604573878,-35.27933637955444],[149.12400088581663,-35.2793521],[149.12400604573878,-35.27936782044556],[149.1240201429083,-35.27937932861043],[149.1240394,-35.279383540891125],[149.12405865709167,-35.27937932861043],[149.1240727542612,-35.27936782044556],[149.12407791418335,-35.2793521]]]}},{"type":"Feature","id":"12862449861:top","properties":{"part":"top","base":5.5,"height":7,"osmId":12862449861},"geometry":{"type":"Polygon","coordinates":[[[149.12406580972572,-35.2793521],[149.1240622714934,-35.2793413202659],[149.12405260486284,-35.279333428952846],[149.1240394,-35.279330540531795],[149.12402619513713,-35.279333428952846],[149.1240165285066,-35.2793413202659],[149.12401299027425,-35.2793521],[149.1240165285066,-35.279362879734094],[149.12402619513713,-35.27937077104715],[149.1240394,-35.2793736594682],[149.12405260486284,-35.27937077104715],[149.1240622714934,-35.279362879734094],[149.12406580972572,-35.2793521]]]}},{"type":"Feature","id":"12862449862:trunk","properties":{"part":"trunk","base":0,"height":3,"osmId":12862449862},"geometry":{"type":"Polygon","coordinates":[[[149.12390620161648,-35.2792695],[149.12390561191168,-35.27926770337765],[149.12390400080824,-35.2792663881588],[149.1239018,-35.2792659067553],[149.12389959919176,-35.2792663881588],[149.12389798808832,-35.27926770337765],[149.12389739838352,-35.2792695],[149.12389798808832,-35.27927129662235],[149.12389959919176,-35.27927261184119],[149.1239018,-35.2792730932447],[149.12390400080824,-35.27927261184119],[149.12390561191168,-35.27927129662235],[149.12390620161648,-35.2792695]]]}},{"type":"Feature","id":"12862449862:crown","properties":{"part":"crown","base":2.5,"height":5.5,"osmId":12862449862},"geometry":{"type":"Polygon","coordinates":[[[149.12394031414408,-35.2792695],[149.12393515422718,-35.27925377955444],[149.12392105707204,-35.27924227138956],[149.1239018,-35.27923805910887],[149.12388254292796,-35.27924227138956],[149.1238684457728,-35.27925377955444],[149.12386328585592,-35.2792695],[149.1238684457728,-35.27928522044556],[149.12388254292796,-35.27929672861043],[149.1239018,-35.279300940891126],[149.12392105707204,-35.27929672861043],[149.12393515422718,-35.27928522044556],[149.12394031414408,-35.2792695]]]}},{"type":"Feature","id":"12862449862:top","properties":{"part":"top","base":5.5,"height":7,"osmId":12862449862},"geometry":{"type":"Polygon","coordinates":[[[149.1239282096988,-35.2792695],[149.12392467147006,-35.2792587202659],[149.1239150048494,-35.27925082895285],[149.1239018,-35.279247940531796],[149.1238885951506,-35.27925082895285],[149.12387892852993,-35.2792587202659],[149.1238753903012,-35.2792695],[149.12387892852993,-35.279280279734095],[149.1238885951506,-35.27928817104715],[149.1239018,-35.2792910594682],[149.1239150048494,-35.27928817104715],[149.12392467147006,-35.279280279734095],[149.1239282096988,-35.2792695]]]}},{"type":"Feature","id":"12862449863:trunk","properties":{"part":"trunk","base":0,"height":3,"osmId":12862449863},"geometry":{"type":"Polygon","coordinates":[[[149.12382920162366,-35.279402],[149.1238286119179,-35.27940020337765],[149.12382700081181,-35.2793988881588],[149.1238248,-35.2793984067553],[149.12382259918817,-35.2793988881588],[149.1238209880821,-35.27940020337765],[149.12382039837632,-35.279402],[149.1238209880821,-35.27940379662235],[149.12382259918817,-35.27940511184119],[149.1238248,-35.2794055932447],[149.12382700081181,-35.27940511184119],[149.1238286119179,-35.27940379662235],[149.12382920162366,-35.279402]]]}},{"type":"Feature","id":"12862449863:crown","properties":{"part":"crown","base":2.5,"height":5.5,"osmId":12862449863},"geometry":{"type":"Polygon","coordinates":[[[149.12386331420709,-35.279402],[149.12385815428175,-35.27938627955444],[149.12384405710353,-35.27937477138956],[149.1238248,-35.27937055910887],[149.12380554289646,-35.27937477138956],[149.12379144571824,-35.27938627955444],[149.1237862857929,-35.279402],[149.12379144571824,-35.27941772044556],[149.12380554289646,-35.27942922861043],[149.1238248,-35.279433440891125],[149.12384405710353,-35.27942922861043],[149.12385815428175,-35.27941772044556],[149.12386331420709,-35.279402]]]}},{"type":"Feature","id":"12862449863:top","properties":{"part":"top","base":5.5,"height":7,"osmId":12862449863},"geometry":{"type":"Polygon","coordinates":[[[149.12385120974199,-35.279402],[149.12384767150746,-35.2793912202659],[149.123838004871,-35.27938332895285],[149.1238248,-35.279380440531796],[149.12381159512898,-35.27938332895285],[149.12380192849253,-35.2793912202659],[149.123798390258,-35.279402],[149.12380192849253,-35.279412779734095],[149.12381159512898,-35.27942067104715],[149.1238248,-35.2794235594682],[149.123838004871,-35.27942067104715],[149.12384767150746,-35.279412779734095],[149.12385120974199,-35.279402]]]}},{"type":"Feature","id":"12862449864:trunk","properties":{"part":"trunk","base":0,"height":3,"osmId":12862449864},"geometry":{"type":"Polygon","coordinates":[[[149.12375540162108,-35.2793546],[149.1237548119157,-35.27935280337765],[149.12375320081054,-35.2793514881588],[149.123751,-35.2793510067553],[149.12374879918946,-35.2793514881588],[149.1237471880843,-35.27935280337765],[149.12374659837891,-35.2793546],[149.1237471880843,-35.27935639662235],[149.12374879918946,-35.27935771184119],[149.123751,-35.2793581932447],[149.12375320081054,-35.27935771184119],[149.1237548119157,-35.27935639662235],[149.12375540162108,-35.2793546]]]}},{"type":"Feature","id":"12862449864:crown","properties":{"part":"crown","base":2.5,"height":5.5,"osmId":12862449864},"geometry":{"type":"Polygon","coordinates":[[[149.12378951418455,-35.2793546],[149.12378435426223,-35.27933887955444],[149.12377025709227,-35.27932737138956],[149.123751,-35.27932315910887],[149.12373174290772,-35.27932737138956],[149.12371764573777,-35.27933887955444],[149.12371248581545,-35.2793546],[149.12371764573777,-35.27937032044556],[149.12373174290772,-35.27938182861043],[149.123751,-35.279386040891126],[149.12377025709227,-35.27938182861043],[149.12378435426223,-35.27937032044556],[149.12378951418455,-35.2793546]]]}},{"type":"Feature","id":"12862449864:top","properties":{"part":"top","base":5.5,"height":7,"osmId":12862449864},"geometry":{"type":"Polygon","coordinates":[[[149.12377740972656,-35.2793546],[149.12377387149408,-35.2793438202659],[149.12376420486328,-35.27933592895285],[149.123751,-35.279333040531796],[149.12373779513672,-35.27933592895285],[149.12372812850592,-35.2793438202659],[149.12372459027344,-35.2793546],[149.12372812850592,-35.279365379734095],[149.12373779513672,-35.27937327104715],[149.123751,-35.2793761594682],[149.12376420486328,-35.27937327104715],[149.12377387149408,-35.279365379734095],[149.12377740972656,-35.2793546]]]}},{"type":"Feature","id":"12862449865:trunk","properties":{"part":"trunk","base":0,"height":3,"osmId":12862449865},"geometry":{"type":"Polygon","coordinates":[[[149.12389020161078,-35.2791649],[149.12388961190678,-35.27916310337765],[149.1238880008054,-35.2791617881588],[149.1238858,-35.2791613067553],[149.1238835991946,-35.2791617881588],[149.12388198809325,-35.27916310337765],[149.12388139838924,-35.2791649],[149.12388198809325,-35.27916669662235],[149.1238835991946,-35.27916801184119],[149.1238858,-35.2791684932447],[149.1238880008054,-35.27916801184119],[149.12388961190678,-35.27916669662235],[149.12389020161078,-35.2791649]]]}},{"type":"Feature","id":"12862449865:crown","properties":{"part":"crown","base":2.5,"height":5.5,"osmId":12862449865},"geometry":{"type":"Polygon","coordinates":[[[149.12392431409435,-35.2791649],[149.1239191541841,-35.27914917955444],[149.12390505704718,-35.27913767138956],[149.1238858,-35.27913345910887],[149.12386654295284,-35.27913767138956],[149.1238524458159,-35.27914917955444],[149.12384728590567,-35.2791649],[149.1238524458159,-35.27918062044556],[149.12386654295284,-35.27919212861043],[149.1238858,-35.279196340891126],[149.12390505704718,-35.27919212861043],[149.1239191541841,-35.27918062044556],[149.12392431409435,-35.2791649]]]}},{"type":"Feature","id":"12862449865:top","properties":{"part":"top","base":5.5,"height":7,"osmId":12862449865},"geometry":{"type":"Polygon","coordinates":[[[149.1239122096647,-35.2791649],[149.12390867144052,-35.2791541202659],[149.12389900483234,-35.27914622895285],[149.1238858,-35.279143340531796],[149.12387259516768,-35.27914622895285],[149.1238629285595,-35.2791541202659],[149.12385939033533,-35.2791649],[149.1238629285595,-35.279175679734095],[149.12387259516768,-35.27918357104715],[149.1238858,-35.2791864594682],[149.12389900483234,-35.27918357104715],[149.12390867144052,-35.279175679734095],[149.1239122096647,-35.2791649]]]}},{"type":"Feature","id":"12862449866:trunk","properties":{"part":"trunk","base":0,"height":3,"osmId":12862449866},"geometry":{"type":"Polygon","coordinates":[[[149.12456860163252,-35.2795645],[149.12456801192556,-35.27956270337765],[149.12456640081626,-35.279561388158804],[149.1245642,-35.2795609067553],[149.12456199918375,-35.279561388158804],[149.12456038807446,-35.27956270337765],[149.1245597983675,-35.2795645],[149.12456038807446,-35.27956629662235],[149.12456199918375,-35.279567611841195],[149.1245642,-35.2795680932447],[149.12456640081626,-35.279567611841195],[149.12456801192556,-35.27956629662235],[149.12456860163252,-35.2795645]]]}},{"type":"Feature","id":"12862449866:crown","properties":{"part":"crown","base":2.5,"height":5.5,"osmId":12862449866},"geometry":{"type":"Polygon","coordinates":[[[149.12460271428438,-35.2795645],[149.1245975543487,-35.27954877955444],[149.1245834571422,-35.279537271389565],[149.1245642,-35.27953305910887],[149.12454494285782,-35.279537271389565],[149.12453084565132,-35.27954877955444],[149.12452568571564,-35.2795645],[149.12453084565132,-35.27958022044556],[149.12454494285782,-35.279591728610434],[149.1245642,-35.27959594089113],[149.1245834571422,-35.279591728610434],[149.1245975543487,-35.27958022044556],[149.12460271428438,-35.2795645]]]}},{"type":"Feature","id":"12862449866:top","properties":{"part":"top","base":5.5,"height":7,"osmId":12862449866},"geometry":{"type":"Polygon","coordinates":[[[149.124590609795,-35.2795645],[149.12458707155338,-35.2795537202659],[149.1245774048975,-35.27954582895285],[149.1245642,-35.2795429405318],[149.1245509951025,-35.27954582895285],[149.12454132844664,-35.2795537202659],[149.124537790205,-35.2795645],[149.12454132844664,-35.2795752797341],[149.1245509951025,-35.27958317104715],[149.1245642,-35.2795860594682],[149.1245774048975,-35.27958317104715],[149.12458707155338,-35.2795752797341],[149.124590609795,-35.2795645]]]}},{"type":"Feature","id":"12862449867:trunk","properties":{"part":"trunk","base":0,"height":3,"osmId":12862449867},"geometry":{"type":"Polygon","coordinates":[[[149.1244389016288,-35.279496],[149.12443831192235,-35.27949420337765],[149.12443670081439,-35.279492888158806],[149.1244345,-35.2794924067553],[149.12443229918563,-35.279492888158806],[149.12443068807767,-35.27949420337765],[149.12443009837122,-35.279496],[149.12443068807767,-35.27949779662235],[149.12443229918563,-35.2794991118412],[149.1244345,-35.2794995932447],[149.12443670081439,-35.2794991118412],[149.12443831192235,-35.27949779662235],[149.1244389016288,-35.279496]]]}},{"type":"Feature","id":"12862449867:crown","properties":{"part":"crown","base":2.5,"height":5.5,"osmId":12862449867},"geometry":{"type":"Polygon","coordinates":[[[149.1244730142518,-35.279496],[149.12446785432047,-35.27948027955444],[149.1244537571259,-35.27946877138957],[149.1244345,-35.279464559108874],[149.1244152428741,-35.27946877138957],[149.12440114567954,-35.27948027955444],[149.1243959857482,-35.279496],[149.12440114567954,-35.27951172044556],[149.1244152428741,-35.27952322861044],[149.1244345,-35.27952744089113],[149.1244537571259,-35.27952322861044],[149.12446785432047,-35.27951172044556],[149.1244730142518,-35.279496]]]}},{"type":"Feature","id":"12862449867:top","properties":{"part":"top","base":5.5,"height":7,"osmId":12862449867},"geometry":{"type":"Polygon","coordinates":[[[149.12446090977267,-35.279496],[149.12445737153405,-35.279485220265904],[149.12444770488634,-35.27947732895285],[149.1244345,-35.2794744405318],[149.12442129511368,-35.27947732895285],[149.12441162846596,-35.279485220265904],[149.12440809022735,-35.279496],[149.12441162846596,-35.2795067797341],[149.12442129511368,-35.27951467104715],[149.1244345,-35.279517559468204],[149.12444770488634,-35.27951467104715],[149.12445737153405,-35.2795067797341],[149.12446090977267,-35.279496]]]}},{"type":"Feature","id":"12862449868:trunk","properties":{"part":"trunk","base":0,"height":3,"osmId":12862449868},"geometry":{"type":"Polygon","coordinates":[[[149.12429690162395,-35.2794075],[149.12429631191816,-35.27940570337765],[149.124294700812,-35.2794043881588],[149.1242925,-35.2794039067553],[149.124290299188,-35.2794043881588],[149.12428868808183,-35.27940570337765],[149.12428809837604,-35.2794075],[149.12428868808183,-35.27940929662235],[149.124290299188,-35.27941061184119],[149.1242925,-35.2794110932447],[149.124294700812,-35.27941061184119],[149.12429631191816,-35.27940929662235],[149.12429690162395,-35.2794075]]]}},{"type":"Feature","id":"12862449868:crown","properties":{"part":"crown","base":2.5,"height":5.5,"osmId":12862449868},"geometry":{"type":"Polygon","coordinates":[[[149.1243310142097,-35.2794075],[149.124325854284,-35.27939177955444],[149.12431175710483,-35.27938027138956],[149.1242925,-35.27937605910887],[149.12427324289516,-35.27938027138956],[149.124259145716,-35.27939177955444],[149.1242539857903,-35.2794075],[149.124259145716,-35.27942322044556],[149.12427324289516,-35.27943472861043],[149.1242925,-35.279438940891126],[149.12431175710483,-35.27943472861043],[149.124325854284,-35.27942322044556],[149.1243310142097,-35.2794075]]]}},{"type":"Feature","id":"12862449868:top","properties":{"part":"top","base":5.5,"height":7,"osmId":12862449868},"geometry":{"type":"Polygon","coordinates":[[[149.1243189097438,-35.2794075],[149.12431537150903,-35.2793967202659],[149.1243057048719,-35.27938882895285],[149.1242925,-35.279385940531796],[149.1242792951281,-35.27938882895285],[149.12426962849096,-35.2793967202659],[149.12426609025619,-35.2794075],[149.12426962849096,-35.279418279734095],[149.1242792951281,-35.27942617104715],[149.1242925,-35.2794290594682],[149.1243057048719,-35.27942617104715],[149.12431537150903,-35.279418279734095],[149.1243189097438,-35.2794075]]]}},{"type":"Feature","id":"12862449869:trunk","properties":{"part":"trunk","base":0,"height":3,"osmId":12862449869},"geometry":{"type":"Polygon","coordinates":[[[149.1240040016145,-35.2792335],[149.12400341190997,-35.27923170337765],[149.12400180080724,-35.2792303881588],[149.1239996,-35.2792299067553],[149.12399739919275,-35.2792303881588],[149.12399578809,-35.27923170337765],[149.12399519838547,-35.2792335],[149.12399578809,-35.279235296622346],[149.12399739919275,-35.27923661184119],[149.1239996,-35.279237093244696],[149.12400180080724,-35.27923661184119],[149.12400341190997,-35.279235296622346],[149.1240040016145,-35.2792335]]]}},{"type":"Feature","id":"12862449869:crown","properties":{"part":"crown","base":2.5,"height":5.5,"osmId":12862449869},"geometry":{"type":"Polygon","coordinates":[[[149.12403811412693,-35.2792335],[149.12403295421234,-35.279217779554436],[149.12401885706348,-35.27920627138956],[149.1239996,-35.27920205910887],[149.1239803429365,-35.27920627138956],[149.12396624578764,-35.279217779554436],[149.12396108587305,-35.2792335],[149.12396624578764,-35.27924922044556],[149.1239803429365,-35.27926072861043],[149.1239996,-35.279264940891125],[149.12401885706348,-35.27926072861043],[149.12403295421234,-35.27924922044556],[149.12403811412693,-35.2792335]]]}},{"type":"Feature","id":"12862449869:top","properties":{"part":"top","base":5.5,"height":7,"osmId":12862449869},"geometry":{"type":"Polygon","coordinates":[[[149.12402600968704,-35.2792335],[149.12402247145988,-35.2792227202659],[149.12401280484352,-35.279214828952846],[149.1239996,-35.279211940531795],[149.12398639515646,-35.279214828952846],[149.1239767285401,-35.2792227202659],[149.12397319031294,-35.2792335],[149.1239767285401,-35.279244279734094],[149.12398639515646,-35.27925217104715],[149.1239996,-35.2792550594682],[149.12401280484352,-35.27925217104715],[149.12402247145988,-35.279244279734094],[149.12402600968704,-35.2792335]]]}},{"type":"Feature","id":"12862449870:trunk","properties":{"part":"trunk","base":0,"height":3,"osmId":12862449870},"geometry":{"type":"Polygon","coordinates":[[[149.12409610161652,-35.2792701],[149.12409551191172,-35.27926830337765],[149.12409390080825,-35.2792669881588],[149.1240917,-35.2792665067553],[149.12408949919177,-35.2792669881588],[149.1240878880883,-35.27926830337765],[149.1240872983835,-35.2792701],[149.1240878880883,-35.27927189662235],[149.12408949919177,-35.27927321184119],[149.1240917,-35.2792736932447],[149.12409390080825,-35.27927321184119],[149.12409551191172,-35.27927189662235],[149.12409610161652,-35.2792701]]]}},{"type":"Feature","id":"12862449870:crown","properties":{"part":"crown","base":2.5,"height":5.5,"osmId":12862449870},"geometry":{"type":"Polygon","coordinates":[[[149.12413021414437,-35.2792701],[149.12412505422742,-35.27925437955444],[149.1241109570722,-35.27924287138956],[149.1240917,-35.27923865910887],[149.12407244292783,-35.27924287138956],[149.1240583457726,-35.27925437955444],[149.12405318585564,-35.2792701],[149.1240583457726,-35.27928582044556],[149.12407244292783,-35.27929732861043],[149.1240917,-35.279301540891126],[149.1241109570722,-35.27929732861043],[149.12412505422742,-35.27928582044556],[149.12413021414437,-35.2792701]]]}},{"type":"Feature","id":"12862449870:top","properties":{"part":"top","base":5.5,"height":7,"osmId":12862449870},"geometry":{"type":"Polygon","coordinates":[[[149.124118109699,-35.2792701],[149.12411457147024,-35.2792593202659],[149.1241049048495,-35.27925142895285],[149.1240917,-35.279248540531796],[149.1240784951505,-35.27925142895285],[149.12406882852977,-35.2792593202659],[149.12406529030102,-35.2792701],[149.12406882852977,-35.279280879734095],[149.1240784951505,-35.27928877104715],[149.1240917,-35.2792916594682],[149.1241049048495,-35.27928877104715],[149.12411457147024,-35.279280879734095],[149.124118109699,-35.2792701]]]}},{"type":"Feature","id":"12862449871:trunk","properties":{"part":"trunk","base":0,"height":3,"osmId":12862449871},"geometry":{"type":"Polygon","coordinates":[[[149.1241631016205,-35.2793435],[149.12416251191516,-35.27934170337765],[149.12416090081027,-35.27934038815881],[149.1241587,-35.279339906755304],[149.12415649918975,-35.27934038815881],[149.12415488808486,-35.27934170337765],[149.12415429837952,-35.2793435],[149.12415488808486,-35.27934529662235],[149.12415649918975,-35.2793466118412],[149.1241587,-35.2793470932447],[149.12416090081027,-35.2793466118412],[149.12416251191516,-35.27934529662235],[149.1241631016205,-35.2793435]]]}},{"type":"Feature","id":"12862449871:crown","properties":{"part":"crown","base":2.5,"height":5.5,"osmId":12862449871},"geometry":{"type":"Polygon","coordinates":[[[149.12419721417928,-35.2793435],[149.12419205425766,-35.27932777955444],[149.12417795708964,-35.27931627138957],[149.1241587,-35.279312059108875],[149.12413944291038,-35.27931627138957],[149.12412534574236,-35.27932777955444],[149.12412018582074,-35.2793435],[149.12412534574236,-35.27935922044556],[149.12413944291038,-35.27937072861044],[149.1241587,-35.27937494089113],[149.12417795708964,-35.27937072861044],[149.12419205425766,-35.27935922044556],[149.12419721417928,-35.2793435]]]}},{"type":"Feature","id":"12862449871:top","properties":{"part":"top","base":5.5,"height":7,"osmId":12862449871},"geometry":{"type":"Polygon","coordinates":[[[149.12418510972293,-35.2793435],[149.12418157149096,-35.279332720265906],[149.12417190486147,-35.27932482895285],[149.1241587,-35.2793219405318],[149.12414549513855,-35.27932482895285],[149.12413582850905,-35.279332720265906],[149.1241322902771,-35.2793435],[149.12413582850905,-35.2793542797341],[149.12414549513855,-35.279362171047154],[149.1241587,-35.279365059468205],[149.12417190486147,-35.279362171047154],[149.12418157149096,-35.2793542797341],[149.12418510972293,-35.2793435]]]}},{"type":"Feature","id":"12862449872:trunk","properties":{"part":"trunk","base":0,"height":3,"osmId":12862449872},"geometry":{"type":"Polygon","coordinates":[[[149.12424320162108,-35.2793546],[149.1242426119157,-35.27935280337765],[149.12424100081054,-35.2793514881588],[149.1242388,-35.2793510067553],[149.12423659918946,-35.2793514881588],[149.1242349880843,-35.27935280337765],[149.12423439837892,-35.2793546],[149.1242349880843,-35.27935639662235],[149.12423659918946,-35.27935771184119],[149.1242388,-35.2793581932447],[149.12424100081054,-35.27935771184119],[149.1242426119157,-35.27935639662235],[149.12424320162108,-35.2793546]]]}},{"type":"Feature","id":"12862449872:crown","properties":{"part":"crown","base":2.5,"height":5.5,"osmId":12862449872},"geometry":{"type":"Polygon","coordinates":[[[149.12427731418455,-35.2793546],[149.12427215426223,-35.27933887955444],[149.12425805709228,-35.27932737138956],[149.1242388,-35.27932315910887],[149.12421954290772,-35.27932737138956],[149.12420544573777,-35.27933887955444],[149.12420028581545,-35.2793546],[149.12420544573777,-35.27937032044556],[149.12421954290772,-35.27938182861043],[149.1242388,-35.279386040891126],[149.12425805709228,-35.27938182861043],[149.12427215426223,-35.27937032044556],[149.12427731418455,-35.2793546]]]}},{"type":"Feature","id":"12862449872:top","properties":{"part":"top","base":5.5,"height":7,"osmId":12862449872},"geometry":{"type":"Polygon","coordinates":[[[149.12426520972656,-35.2793546],[149.12426167149408,-35.2793438202659],[149.12425200486328,-35.27933592895285],[149.1242388,-35.279333040531796],[149.12422559513672,-35.27933592895285],[149.12421592850592,-35.2793438202659],[149.12421239027344,-35.2793546],[149.12421592850592,-35.279365379734095],[149.12422559513672,-35.27937327104715],[149.1242388,-35.2793761594682],[149.12425200486328,-35.27937327104715],[149.12426167149408,-35.279365379734095],[149.12426520972656,-35.2793546]]]}},{"type":"Feature","id":"12862449873:trunk","properties":{"part":"trunk","base":0,"height":3,"osmId":12862449873},"geometry":{"type":"Polygon","coordinates":[[[149.12438050162604,-35.2794455],[149.12437991191996,-35.27944370337765],[149.12437830081302,-35.279442388158806],[149.1243761,-35.2794419067553],[149.124373899187,-35.279442388158806],[149.12437228808005,-35.27944370337765],[149.12437169837398,-35.2794455],[149.12437228808005,-35.27944729662235],[149.124373899187,-35.2794486118412],[149.1243761,-35.2794490932447],[149.12437830081302,-35.2794486118412],[149.12437991191996,-35.27944729662235],[149.12438050162604,-35.2794455]]]}},{"type":"Feature","id":"12862449873:crown","properties":{"part":"crown","base":2.5,"height":5.5,"osmId":12862449873},"geometry":{"type":"Polygon","coordinates":[[[149.1244146142278,-35.2794455],[149.12440945429967,-35.27942977955444],[149.12439535711388,-35.27941827138957],[149.1243761,-35.27941405910887],[149.12435684288613,-35.27941827138957],[149.12434274570035,-35.27942977955444],[149.12433758577222,-35.2794455],[149.12434274570035,-35.27946122044556],[149.12435684288613,-35.279472728610436],[149.1243761,-35.27947694089113],[149.12439535711388,-35.279472728610436],[149.12440945429967,-35.27946122044556],[149.1244146142278,-35.2794455]]]}},{"type":"Feature","id":"12862449873:top","properties":{"part":"top","base":5.5,"height":7,"osmId":12862449873},"geometry":{"type":"Polygon","coordinates":[[[149.1244025097562,-35.2794455],[149.12439897151978,-35.279434720265904],[149.1243893048781,-35.27942682895285],[149.1243761,-35.2794239405318],[149.12436289512192,-35.27942682895285],[149.12435322848023,-35.279434720265904],[149.1243496902438,-35.2794455],[149.12435322848023,-35.2794562797341],[149.12436289512192,-35.27946417104715],[149.1243761,-35.2794670594682],[149.1243893048781,-35.27946417104715],[149.12439897151978,-35.2794562797341],[149.1244025097562,-35.2794455]]]}},{"type":"Feature","id":"12862449874:trunk","properties":{"part":"trunk","base":0,"height":3,"osmId":12862449874},"geometry":{"type":"Polygon","coordinates":[[[149.1247012016377,-35.2796599],[149.12470061193005,-35.27965810337765],[149.12469900081885,-35.2796567881588],[149.1246968,-35.2796563067553],[149.12469459918117,-35.2796567881588],[149.12469298806997,-35.27965810337765],[149.12469239836233,-35.2796599],[149.12469298806997,-35.27966169662235],[149.12469459918117,-35.279663011841194],[149.1246968,-35.2796634932447],[149.12469900081885,-35.279663011841194],[149.12470061193005,-35.27966169662235],[149.1247012016377,-35.2796599]]]}},{"type":"Feature","id":"12862449874:crown","properties":{"part":"crown","base":2.5,"height":5.5,"osmId":12862449874},"geometry":{"type":"Polygon","coordinates":[[[149.12473531432974,-35.2796599],[149.12473015438798,-35.27964417955444],[149.12471605716487,-35.279632671389564],[149.1246968,-35.27962845910887],[149.12467754283514,-35.279632671389564],[149.12466344561204,-35.27964417955444],[149.12465828567028,-35.2796599],[149.12466344561204,-35.27967562044556],[149.12467754283514,-35.27968712861043],[149.1246968,-35.27969134089113],[149.12471605716487,-35.27968712861043],[149.12473015438798,-35.27967562044556],[149.12473531432974,-35.2796599]]]}},{"type":"Feature","id":"12862449874:top","properties":{"part":"top","base":5.5,"height":7,"osmId":12862449874},"geometry":{"type":"Polygon","coordinates":[[[149.12472320982613,-35.2796599],[149.12471967158032,-35.2796491202659],[149.12471000491306,-35.27964122895285],[149.1246968,-35.2796383405318],[149.12468359508696,-35.27964122895285],[149.1246739284197,-35.2796491202659],[149.1246703901739,-35.2796599],[149.1246739284197,-35.279670679734096],[149.12468359508696,-35.27967857104715],[149.1246968,-35.2796814594682],[149.12471000491306,-35.27967857104715],[149.12471967158032,-35.279670679734096],[149.12472320982613,-35.2796599]]]}},{"type":"Feature","id":"12862449905:trunk","properties":{"part":"trunk","base":0,"height":3,"osmId":12862449905},"geometry":{"type":"Polygon","coordinates":[[[149.1232007016541,-35.2799621],[149.12320011194427,-35.27996030337765],[149.12319850082704,-35.2799589881588],[149.1231963,-35.2799585067553],[149.12319409917293,-35.2799589881588],[149.1231924880557,-35.27996030337765],[149.12319189834588,-35.2799621],[149.1231924880557,-35.27996389662235],[149.12319409917293,-35.279965211841194],[149.1231963,-35.2799656932447],[149.12319850082704,-35.279965211841194],[149.12320011194427,-35.27996389662235],[149.1232007016541,-35.2799621]]]}},{"type":"Feature","id":"12862449905:crown","properties":{"part":"crown","base":2.5,"height":5.5,"osmId":12862449905},"geometry":{"type":"Polygon","coordinates":[[[149.12323481447345,-35.2799621],[149.12322965451241,-35.27994637955444],[149.12321555723673,-35.279934871389564],[149.1231963,-35.27993065910887],[149.12317704276325,-35.279934871389564],[149.12316294548756,-35.27994637955444],[149.12315778552653,-35.2799621],[149.12316294548756,-35.27997782044556],[149.12317704276325,-35.279989328610434],[149.1231963,-35.27999354089113],[149.12321555723673,-35.279989328610434],[149.12322965451241,-35.27997782044556],[149.12323481447345,-35.2799621]]]}},{"type":"Feature","id":"12862449905:top","properties":{"part":"top","base":5.5,"height":7,"osmId":12862449905},"geometry":{"type":"Polygon","coordinates":[[[149.12322270992465,-35.2799621],[149.12321917166565,-35.2799513202659],[149.12320950496232,-35.27994342895285],[149.1231963,-35.2799405405318],[149.12318309503766,-35.27994342895285],[149.12317342833433,-35.2799513202659],[149.12316989007533,-35.2799621],[149.12317342833433,-35.279972879734096],[149.12318309503766,-35.27998077104715],[149.1231963,-35.2799836594682],[149.12320950496232,-35.27998077104715],[149.12321917166565,-35.279972879734096],[149.12322270992465,-35.2799621]]]}},{"type":"Feature","id":"12862449906:trunk","properties":{"part":"trunk","base":0,"height":3,"osmId":12862449906},"geometry":{"type":"Polygon","coordinates":[[[149.12326710165604,-35.2799978],[149.12326651194596,-35.27999600337765],[149.12326490082802,-35.2799946881588],[149.1232627,-35.2799942067553],[149.12326049917198,-35.2799946881588],[149.12325888805404,-35.27999600337765],[149.12325829834396,-35.2799978],[149.12325888805404,-35.279999596622346],[149.12326049917198,-35.28000091184119],[149.1232627,-35.280001393244696],[149.12326490082802,-35.28000091184119],[149.12326651194596,-35.279999596622346],[149.12326710165604,-35.2799978]]]}},{"type":"Feature","id":"12862449906:crown","properties":{"part":"crown","base":2.5,"height":5.5,"osmId":12862449906},"geometry":{"type":"Polygon","coordinates":[[[149.12330121449045,-35.2799978],[149.12329605452715,-35.279982079554436],[149.1232819572452,-35.27997057138956],[149.1232627,-35.27996635910887],[149.12324344275478,-35.27997057138956],[149.12322934547285,-35.279982079554436],[149.12322418550954,-35.2799978],[149.12322934547285,-35.28001352044556],[149.12324344275478,-35.28002502861043],[149.1232627,-35.280029240891125],[149.1232819572452,-35.28002502861043],[149.12329605452715,-35.28001352044556],[149.12330121449045,-35.2799978]]]}},{"type":"Feature","id":"12862449906:top","properties":{"part":"top","base":5.5,"height":7,"osmId":12862449906},"geometry":{"type":"Polygon","coordinates":[[[149.1232891099363,-35.2799978],[149.12328557167575,-35.2799870202659],[149.12327590496815,-35.279979128952846],[149.1232627,-35.279976240531795],[149.12324949503184,-35.279979128952846],[149.12323982832424,-35.2799870202659],[149.1232362900637,-35.2799978],[149.12323982832424,-35.280008579734094],[149.12324949503184,-35.28001647104715],[149.1232627,-35.2800193594682],[149.12327590496815,-35.28001647104715],[149.12328557167575,-35.280008579734094],[149.1232891099363,-35.2799978]]]}},{"type":"Feature","id":"12862449907:trunk","properties":{"part":"trunk","base":0,"height":3,"osmId":12862449907},"geometry":{"type":"Polygon","coordinates":[[[149.1233259016579,-35.2800317],[149.12332531194755,-35.28002990337765],[149.12332370082896,-35.28002858815881],[149.1233215,-35.2800281067553],[149.12331929917104,-35.28002858815881],[149.12331768805245,-35.28002990337765],[149.1233170983421,-35.2800317],[149.12331768805245,-35.28003349662235],[149.12331929917104,-35.2800348118412],[149.1233215,-35.2800352932447],[149.12332370082896,-35.2800348118412],[149.12332531194755,-35.28003349662235],[149.1233259016579,-35.2800317]]]}},{"type":"Feature","id":"12862449907:crown","properties":{"part":"crown","base":2.5,"height":5.5,"osmId":12862449907},"geometry":{"type":"Polygon","coordinates":[[[149.12336001450657,-35.2800317],[149.1233548545411,-35.28001597955444],[149.1233407572533,-35.28000447138957],[149.1233215,-35.280000259108874],[149.12330224274672,-35.28000447138957],[149.1232881454589,-35.28001597955444],[149.12328298549343,-35.2800317],[149.1232881454589,-35.28004742044556],[149.12330224274672,-35.28005892861044],[149.1233215,-35.28006314089113],[149.1233407572533,-35.28005892861044],[149.1233548545411,-35.28004742044556],[149.12336001450657,-35.2800317]]]}},{"type":"Feature","id":"12862449907:top","properties":{"part":"top","base":5.5,"height":7,"osmId":12862449907},"geometry":{"type":"Polygon","coordinates":[[[149.12334790994737,-35.2800317],[149.12334437168533,-35.280020920265905],[149.12333470497367,-35.28001302895285],[149.1233215,-35.2800101405318],[149.12330829502633,-35.28001302895285],[149.12329862831467,-35.280020920265905],[149.12329509005264,-35.2800317],[149.12329862831467,-35.2800424797341],[149.12330829502633,-35.28005037104715],[149.1233215,-35.280053259468204],[149.12333470497367,-35.28005037104715],[149.12334437168533,-35.2800424797341],[149.12334790994737,-35.2800317]]]}},{"type":"Feature","id":"12862449908:trunk","properties":{"part":"trunk","base":0,"height":3,"osmId":12862449908},"geometry":{"type":"Polygon","coordinates":[[[149.1231951016514,-35.2799117],[149.1231945119419,-35.27990990337765],[149.1231929008257,-35.279908588158804],[149.1231907,-35.2799081067553],[149.12318849917432,-35.279908588158804],[149.12318688805811,-35.27990990337765],[149.12318629834863,-35.2799117],[149.12318688805811,-35.27991349662235],[149.12318849917432,-35.279914811841195],[149.1231907,-35.2799152932447],[149.1231929008257,-35.279914811841195],[149.1231945119419,-35.27991349662235],[149.1231951016514,-35.2799117]]]}},{"type":"Feature","id":"12862449908:crown","properties":{"part":"crown","base":2.5,"height":5.5,"osmId":12862449908},"geometry":{"type":"Polygon","coordinates":[[[149.1232292144495,-35.2799117],[149.1232240544917,-35.27989597955444],[149.12320995722476,-35.279884471389565],[149.1231907,-35.27988025910887],[149.12317144277526,-35.279884471389565],[149.12315734550833,-35.27989597955444],[149.1231521855505,-35.2799117],[149.12315734550833,-35.27992742044556],[149.12317144277526,-35.279938928610434],[149.1231907,-35.27994314089113],[149.12320995722476,-35.279938928610434],[149.1232240544917,-35.27992742044556],[149.1232292144495,-35.2799117]]]}},{"type":"Feature","id":"12862449908:top","properties":{"part":"top","base":5.5,"height":7,"osmId":12862449908},"geometry":{"type":"Polygon","coordinates":[[[149.12321710990824,-35.2799117],[149.12321357165143,-35.2799009202659],[149.12320390495412,-35.27989302895285],[149.1231907,-35.2798901405318],[149.1231774950459,-35.27989302895285],[149.12316782834858,-35.2799009202659],[149.12316429009178,-35.2799117],[149.12316782834858,-35.2799224797341],[149.1231774950459,-35.27993037104715],[149.1231907,-35.2799332594682],[149.12320390495412,-35.27993037104715],[149.12321357165143,-35.2799224797341],[149.12321710990824,-35.2799117]]]}},{"type":"Feature","id":"12862449909:trunk","properties":{"part":"trunk","base":0,"height":3,"osmId":12862449909},"geometry":{"type":"Polygon","coordinates":[[[149.12329160164535,-35.279801],[149.1232910119367,-35.27979920337765],[149.12328940082267,-35.279797888158804],[149.1232872,-35.2797974067553],[149.12328499917732,-35.279797888158804],[149.1232833880633,-35.27979920337765],[149.12328279835464,-35.279801],[149.1232833880633,-35.27980279662235],[149.12328499917732,-35.279804111841194],[149.1232872,-35.2798045932447],[149.12328940082267,-35.279804111841194],[149.1232910119367,-35.27980279662235],[149.12329160164535,-35.279801]]]}},{"type":"Feature","id":"12862449909:crown","properties":{"part":"crown","base":2.5,"height":5.5,"osmId":12862449909},"geometry":{"type":"Polygon","coordinates":[[[149.12332571439683,-35.279801],[149.12332055444608,-35.27978527955444],[149.12330645719842,-35.279773771389564],[149.1232872,-35.27976955910887],[149.12326794280156,-35.279773771389564],[149.1232538455539,-35.27978527955444],[149.12324868560316,-35.279801],[149.1232538455539,-35.27981672044556],[149.12326794280156,-35.279828228610434],[149.1232872,-35.27983244089113],[149.12330645719842,-35.279828228610434],[149.12332055444608,-35.27981672044556],[149.12332571439683,-35.279801]]]}},{"type":"Feature","id":"12862449909:top","properties":{"part":"top","base":5.5,"height":7,"osmId":12862449909},"geometry":{"type":"Polygon","coordinates":[[[149.12331360987213,-35.279801],[149.12331007162015,-35.2797902202659],[149.12330040493606,-35.27978232895285],[149.1232872,-35.2797794405318],[149.12327399506393,-35.27978232895285],[149.12326432837983,-35.2797902202659],[149.12326079012786,-35.279801],[149.12326432837983,-35.279811779734096],[149.12327399506393,-35.27981967104715],[149.1232872,-35.2798225594682],[149.12330040493606,-35.27981967104715],[149.12331007162015,-35.279811779734096],[149.12331360987213,-35.279801]]]}},{"type":"Feature","id":"12862449910:trunk","properties":{"part":"trunk","base":0,"height":3,"osmId":12862449910},"geometry":{"type":"Polygon","coordinates":[[[149.1233760016403,-35.2797078],[149.12337541193233,-35.27970600337765],[149.12337380082016,-35.2797046881588],[149.1233716,-35.2797042067553],[149.12336939917986,-35.2797046881588],[149.1233677880677,-35.27970600337765],[149.12336719835972,-35.2797078],[149.1233677880677,-35.27970959662235],[149.12336939917986,-35.27971091184119],[149.1233716,-35.279711393244696],[149.12337380082016,-35.27971091184119],[149.12337541193233,-35.27970959662235],[149.1233760016403,-35.2797078]]]}},{"type":"Feature","id":"12862449910:crown","properties":{"part":"crown","base":2.5,"height":5.5,"osmId":12862449910},"geometry":{"type":"Polygon","coordinates":[[[149.12341011435254,-35.2797078],[149.1234049544077,-35.27969207955444],[149.12339085717628,-35.27968057138956],[149.1233716,-35.27967635910887],[149.12335234282375,-35.27968057138956],[149.12333824559232,-35.27969207955444],[149.1233330856475,-35.2797078],[149.12333824559232,-35.27972352044556],[149.12335234282375,-35.27973502861043],[149.1233716,-35.279739240891125],[149.12339085717628,-35.27973502861043],[149.1234049544077,-35.27972352044556],[149.12341011435254,-35.2797078]]]}},{"type":"Feature","id":"12862449910:top","properties":{"part":"top","base":5.5,"height":7,"osmId":12862449910},"geometry":{"type":"Polygon","coordinates":[[[149.12339800984174,-35.2797078],[149.12339447159385,-35.2796970202659],[149.12338480492087,-35.279689128952846],[149.1233716,-35.279686240531795],[149.12335839507915,-35.279689128952846],[149.12334872840617,-35.2796970202659],[149.1233451901583,-35.2797078],[149.12334872840617,-35.279718579734094],[149.12335839507915,-35.27972647104715],[149.1233716,-35.2797293594682],[149.12338480492087,-35.27972647104715],[149.12339447159385,-35.279718579734094],[149.12339800984174,-35.2797078]]]}},{"type":"Feature","id":"12862449911:trunk","properties":{"part":"trunk","base":0,"height":3,"osmId":12862449911},"geometry":{"type":"Polygon","coordinates":[[[149.1234562016353,-35.2796159],[149.12345561192797,-35.279614103377654],[149.12345400081765,-35.27961278815881],[149.1234518,-35.279612306755304],[149.12344959918235,-35.27961278815881],[149.12344798807203,-35.279614103377654],[149.1234473983647,-35.2796159],[149.12344798807203,-35.27961769662235],[149.12344959918235,-35.2796190118412],[149.1234518,-35.2796194932447],[149.12345400081765,-35.2796190118412],[149.12345561192797,-35.27961769662235],[149.1234562016353,-35.2796159]]]}},{"type":"Feature","id":"12862449911:crown","properties":{"part":"crown","base":2.5,"height":5.5,"osmId":12862449911},"geometry":{"type":"Polygon","coordinates":[[[149.1234903143088,-35.2796159],[149.12348515436983,-35.27960017955444],[149.1234710571544,-35.27958867138957],[149.1234518,-35.279584459108875],[149.1234325428456,-35.27958867138957],[149.12341844563016,-35.27960017955444],[149.12341328569119,-35.2796159],[149.12341844563016,-35.279631620445564],[149.1234325428456,-35.27964312861044],[149.1234518,-35.27964734089113],[149.1234710571544,-35.27964312861044],[149.12348515436983,-35.279631620445564],[149.1234903143088,-35.2796159]]]}},{"type":"Feature","id":"12862449911:top","properties":{"part":"top","base":5.5,"height":7,"osmId":12862449911},"geometry":{"type":"Polygon","coordinates":[[[149.12347820981176,-35.2796159],[149.1234746715679,-35.279605120265906],[149.12346500490588,-35.27959722895285],[149.1234518,-35.2795943405318],[149.12343859509411,-35.27959722895285],[149.1234289284321,-35.279605120265906],[149.12342539018823,-35.2796159],[149.1234289284321,-35.2796266797341],[149.12343859509411,-35.279634571047154],[149.1234518,-35.279637459468205],[149.12346500490588,-35.279634571047154],[149.1234746715679,-35.2796266797341],[149.12347820981176,-35.2796159]]]}},{"type":"Feature","id":"12862449947:trunk","properties":{"part":"trunk","base":0,"height":3,"osmId":12862449947},"geometry":{"type":"Polygon","coordinates":[[[149.12324650167466,-35.2803399],[149.12324591196207,-35.28033810337765],[149.1232443008373,-35.280336788158806],[149.1232421,-35.2803363067553],[149.12323989916268,-35.280336788158806],[149.12323828803792,-35.28033810337765],[149.12323769832534,-35.2803399],[149.12323828803792,-35.28034169662235],[149.12323989916268,-35.2803430118412],[149.1232421,-35.2803434932447],[149.1232443008373,-35.2803430118412],[149.12324591196207,-35.28034169662235],[149.12324650167466,-35.2803399]]]}},{"type":"Feature","id":"12862449947:crown","properties":{"part":"crown","base":2.5,"height":5.5,"osmId":12862449947},"geometry":{"type":"Polygon","coordinates":[[[149.12328061465314,-35.2803399],[149.12327545466803,-35.28032417955444],[149.12326135732658,-35.28031267138957],[149.1232421,-35.28030845910887],[149.1232228426734,-35.28031267138957],[149.12320874533197,-35.28032417955444],[149.12320358534686,-35.2803399],[149.12320874533197,-35.28035562044556],[149.1232228426734,-35.280367128610436],[149.1232421,-35.28037134089113],[149.12326135732658,-35.280367128610436],[149.12327545466803,-35.28035562044556],[149.12328061465314,-35.2803399]]]}},{"type":"Feature","id":"12862449947:top","properties":{"part":"top","base":5.5,"height":7,"osmId":12862449947},"geometry":{"type":"Polygon","coordinates":[[[149.12326851004786,-35.2803399],[149.12326497177236,-35.280329120265904],[149.12325530502395,-35.28032122895285],[149.1232421,-35.2803183405318],[149.12322889497605,-35.28032122895285],[149.12321922822764,-35.280329120265904],[149.12321568995213,-35.2803399],[149.12321922822764,-35.2803506797341],[149.12322889497605,-35.28035857104715],[149.1232421,-35.2803614594682],[149.12325530502395,-35.28035857104715],[149.12326497177236,-35.2803506797341],[149.12326851004786,-35.2803399]]]}},{"type":"Feature","id":"12862449965:trunk","properties":{"part":"trunk","base":0,"height":3,"osmId":12862449965},"geometry":{"type":"Polygon","coordinates":[[[149.12351050167416,-35.2803312],[149.12350991196163,-35.28032940337765],[149.12350830083707,-35.280328088158804],[149.1235061,-35.2803276067553],[149.1235038991629,-35.280328088158804],[149.12350228803834,-35.28032940337765],[149.1235016983258,-35.2803312],[149.12350228803834,-35.28033299662235],[149.1235038991629,-35.280334311841195],[149.1235061,-35.2803347932447],[149.12350830083707,-35.280334311841195],[149.12350991196163,-35.28033299662235],[149.12351050167416,-35.2803312]]]}},{"type":"Feature","id":"12862449965:crown","properties":{"part":"crown","base":2.5,"height":5.5,"osmId":12862449965},"geometry":{"type":"Polygon","coordinates":[[[149.123544614649,-35.2803312],[149.12353945466444,-35.28031547955444],[149.1235253573245,-35.280303971389564],[149.1235061,-35.28029975910887],[149.12348684267548,-35.280303971389564],[149.12347274533553,-35.28031547955444],[149.12346758535097,-35.2803312],[149.12347274533553,-35.28034692044556],[149.12348684267548,-35.280358428610434],[149.1235061,-35.28036264089113],[149.1235253573245,-35.280358428610434],[149.12353945466444,-35.28034692044556],[149.123544614649,-35.2803312]]]}},{"type":"Feature","id":"12862449965:top","properties":{"part":"top","base":5.5,"height":7,"osmId":12862449965},"geometry":{"type":"Polygon","coordinates":[[[149.123532510045,-35.2803312],[149.1235289717699,-35.2803204202659],[149.1235193050225,-35.28031252895285],[149.1235061,-35.2803096405318],[149.12349289497746,-35.28031252895285],[149.12348322823007,-35.2803204202659],[149.12347968995496,-35.2803312],[149.12348322823007,-35.2803419797341],[149.12349289497746,-35.28034987104715],[149.1235061,-35.2803527594682],[149.1235193050225,-35.28034987104715],[149.1235289717699,-35.2803419797341],[149.123532510045,-35.2803312]]]}},{"type":"Feature","id":"12862449966:trunk","properties":{"part":"trunk","base":0,"height":3,"osmId":12862449966},"geometry":{"type":"Polygon","coordinates":[[[149.1235580016712,-35.2802766],[149.1235574119591,-35.28027480337765],[149.12355580083562,-35.280273488158805],[149.1235536,-35.2802730067553],[149.1235513991644,-35.280273488158805],[149.12354978804092,-35.28027480337765],[149.12354919832882,-35.2802766],[149.12354978804092,-35.28027839662235],[149.1235513991644,-35.280279711841196],[149.1235536,-35.2802801932447],[149.12355580083562,-35.280279711841196],[149.1235574119591,-35.28027839662235],[149.1235580016712,-35.2802766]]]}},{"type":"Feature","id":"12862449966:crown","properties":{"part":"crown","base":2.5,"height":5.5,"osmId":12862449966},"geometry":{"type":"Polygon","coordinates":[[[149.12359211462305,-35.2802766],[149.12358695464198,-35.28026087955444],[149.12357285731153,-35.280249371389566],[149.1235536,-35.28024515910887],[149.1235343426885,-35.280249371389566],[149.12352024535804,-35.28026087955444],[149.12351508537697,-35.2802766],[149.12352024535804,-35.28029232044556],[149.1235343426885,-35.280303828610435],[149.1235536,-35.28030804089113],[149.12357285731153,-35.280303828610435],[149.12358695464198,-35.28029232044556],[149.12359211462305,-35.2802766]]]}},{"type":"Feature","id":"12862449966:top","properties":{"part":"top","base":5.5,"height":7,"osmId":12862449966},"geometry":{"type":"Polygon","coordinates":[[[149.12358001002724,-35.2802766],[149.1235764717545,-35.2802658202659],[149.1235668050136,-35.28025792895285],[149.1235536,-35.2802550405318],[149.1235403949864,-35.28025792895285],[149.12353072824553,-35.2802658202659],[149.12352718997278,-35.2802766],[149.12353072824553,-35.2802873797341],[149.1235403949864,-35.28029527104715],[149.1235536,-35.2802981594682],[149.1235668050136,-35.28029527104715],[149.1235764717545,-35.2802873797341],[149.12358001002724,-35.2802766]]]}},{"type":"Feature","id":"12862449967:trunk","properties":{"part":"trunk","base":0,"height":3,"osmId":12862449967},"geometry":{"type":"Polygon","coordinates":[[[149.12360950166754,-35.2802092],[149.1236089119559,-35.28020740337765],[149.12360730083375,-35.280206088158806],[149.1236051,-35.2802056067553],[149.12360289916623,-35.280206088158806],[149.12360128804409,-35.28020740337765],[149.12360069833244,-35.2802092],[149.12360128804409,-35.28021099662235],[149.12360289916623,-35.2802123118412],[149.1236051,-35.2802127932447],[149.12360730083375,-35.2802123118412],[149.1236089119559,-35.28021099662235],[149.12360950166754,-35.2802092]]]}},{"type":"Feature","id":"12862449967:crown","properties":{"part":"crown","base":2.5,"height":5.5,"osmId":12862449967},"geometry":{"type":"Polygon","coordinates":[[[149.12364361459097,-35.2802092],[149.1236384546142,-35.28019347955444],[149.12362435729548,-35.28018197138957],[149.1236051,-35.280177759108874],[149.1235858427045,-35.28018197138957],[149.1235717453858,-35.28019347955444],[149.123566585409,-35.2802092],[149.1235717453858,-35.28022492044556],[149.1235858427045,-35.280236428610436],[149.1236051,-35.28024064089113],[149.12362435729548,-35.280236428610436],[149.1236384546142,-35.28022492044556],[149.12364361459097,-35.2802092]]]}},{"type":"Feature","id":"12862449967:top","properties":{"part":"top","base":5.5,"height":7,"osmId":12862449967},"geometry":{"type":"Polygon","coordinates":[[[149.12363151000523,-35.2802092],[149.12362797173546,-35.280198420265904],[149.12361830500262,-35.28019052895285],[149.1236051,-35.2801876405318],[149.12359189499736,-35.28019052895285],[149.12358222826452,-35.280198420265904],[149.12357868999476,-35.2802092],[149.12358222826452,-35.2802199797341],[149.12359189499736,-35.28022787104715],[149.1236051,-35.2802307594682],[149.12361830500262,-35.28022787104715],[149.12362797173546,-35.2802199797341],[149.12363151000523,-35.2802092]]]}},{"type":"Feature","id":"12862449968:trunk","properties":{"part":"trunk","base":0,"height":3,"osmId":12862449968},"geometry":{"type":"Polygon","coordinates":[[[149.12360110167535,-35.2803527],[149.12360051196268,-35.28035090337765],[149.1235989008377,-35.280349588158806],[149.1235967,-35.2803491067553],[149.12359449916232,-35.280349588158806],[149.12359288803734,-35.28035090337765],[149.12359229832467,-35.2803527],[149.12359288803734,-35.28035449662235],[149.12359449916232,-35.2803558118412],[149.1235967,-35.2803562932447],[149.1235989008377,-35.2803558118412],[149.12360051196268,-35.28035449662235],[149.12360110167535,-35.2803527]]]}},{"type":"Feature","id":"12862449968:crown","properties":{"part":"crown","base":2.5,"height":5.5,"osmId":12862449968},"geometry":{"type":"Polygon","coordinates":[[[149.12363521465923,-35.2803527],[149.12363005467333,-35.28033697955444],[149.12361595732963,-35.28032547138957],[149.1235967,-35.280321259108874],[149.12357744267038,-35.28032547138957],[149.1235633453267,-35.28033697955444],[149.12355818534078,-35.2803527],[149.1235633453267,-35.28036842044556],[149.12357744267038,-35.28037992861044],[149.1235967,-35.28038414089113],[149.12361595732963,-35.28037992861044],[149.12363005467333,-35.28036842044556],[149.12363521465923,-35.2803527]]]}},{"type":"Feature","id":"12862449968:top","properties":{"part":"top","base":5.5,"height":7,"osmId":12862449968},"geometry":{"type":"Polygon","coordinates":[[[149.12362311005205,-35.2803527],[149.123619571776,-35.280341920265904],[149.12360990502603,-35.28033402895285],[149.1235967,-35.2803311405318],[149.12358349497399,-35.28033402895285],[149.123573828224,-35.280341920265904],[149.12357028994796,-35.2803527],[149.123573828224,-35.2803634797341],[149.12358349497399,-35.28037137104715],[149.1235967,-35.2803742594682],[149.12360990502603,-35.28037137104715],[149.123619571776,-35.2803634797341],[149.12362311005205,-35.2803527]]]}},{"type":"Feature","id":"12862449969:trunk","properties":{"part":"trunk","base":0,"height":3,"osmId":12862449969},"geometry":{"type":"Polygon","coordinates":[[[149.12365280167236,-35.2802976],[149.1236522119601,-35.28029580337765],[149.12365060083619,-35.2802944881588],[149.1236484,-35.2802940067553],[149.12364619916383,-35.2802944881588],[149.12364458803992,-35.28029580337765],[149.12364399832765,-35.2802976],[149.12364458803992,-35.28029939662235],[149.12364619916383,-35.28030071184119],[149.1236484,-35.280301193244696],[149.12365060083619,-35.28030071184119],[149.1236522119601,-35.28029939662235],[149.12365280167236,-35.2802976]]]}},{"type":"Feature","id":"12862449969:crown","properties":{"part":"crown","base":2.5,"height":5.5,"osmId":12862449969},"geometry":{"type":"Polygon","coordinates":[[[149.12368691463303,-35.2802976],[149.12368175465062,-35.28028187955444],[149.12366765731653,-35.28027037138956],[149.1236484,-35.28026615910887],[149.12362914268348,-35.28027037138956],[149.1236150453494,-35.28028187955444],[149.123609885367,-35.2802976],[149.1236150453494,-35.28031332044556],[149.12362914268348,-35.28032482861043],[149.1236484,-35.280329040891125],[149.12366765731653,-35.28032482861043],[149.12368175465062,-35.28031332044556],[149.12368691463303,-35.2802976]]]}},{"type":"Feature","id":"12862449969:top","properties":{"part":"top","base":5.5,"height":7,"osmId":12862449969},"geometry":{"type":"Polygon","coordinates":[[[149.1236748100341,-35.2802976],[149.12367127176043,-35.2802868202659],[149.12366160501705,-35.280278928952846],[149.1236484,-35.280276040531795],[149.12363519498297,-35.280278928952846],[149.1236255282396,-35.2802868202659],[149.12362198996593,-35.2802976],[149.1236255282396,-35.280308379734095],[149.12363519498297,-35.28031627104715],[149.1236484,-35.2803191594682],[149.12366160501705,-35.28031627104715],[149.12367127176043,-35.280308379734095],[149.1236748100341,-35.2802976]]]}},{"type":"Feature","id":"12862449970:trunk","properties":{"part":"trunk","base":0,"height":3,"osmId":12862449970},"geometry":{"type":"Polygon","coordinates":[[[149.12371130166835,-35.2802239],[149.1237107119566,-35.28022210337765],[149.12370910083416,-35.28022078815881],[149.1237069,-35.280220306755304],[149.12370469916584,-35.28022078815881],[149.1237030880434,-35.28022210337765],[149.12370249833165,-35.2802239],[149.1237030880434,-35.28022569662235],[149.12370469916584,-35.2802270118412],[149.1237069,-35.2802274932447],[149.12370910083416,-35.2802270118412],[149.1237107119566,-35.28022569662235],[149.12371130166835,-35.2802239]]]}},{"type":"Feature","id":"12862449970:crown","properties":{"part":"crown","base":2.5,"height":5.5,"osmId":12862449970},"geometry":{"type":"Polygon","coordinates":[[[149.12374541459798,-35.2802239],[149.12374025462026,-35.28020817955444],[149.123726157299,-35.28019667138957],[149.1237069,-35.280192459108875],[149.12368764270101,-35.28019667138957],[149.12367354537975,-35.28020817955444],[149.12366838540203,-35.2802239],[149.12367354537975,-35.28023962044556],[149.12368764270101,-35.28025112861044],[149.1237069,-35.28025534089113],[149.123726157299,-35.28025112861044],[149.12374025462026,-35.28023962044556],[149.12374541459798,-35.2802239]]]}},{"type":"Feature","id":"12862449970:top","properties":{"part":"top","base":5.5,"height":7,"osmId":12862449970},"geometry":{"type":"Polygon","coordinates":[[[149.12373331001004,-35.2802239],[149.12372977173962,-35.280213120265906],[149.12372010500502,-35.28020522895285],[149.1237069,-35.2802023405318],[149.12369369499498,-35.28020522895285],[149.12368402826039,-35.280213120265906],[149.12368048998997,-35.2802239],[149.12368402826039,-35.2802346797341],[149.12369369499498,-35.280242571047154],[149.1237069,-35.280245459468205],[149.12372010500502,-35.280242571047154],[149.12372977173962,-35.2802346797341],[149.12373331001004,-35.2802239]]]}},{"type":"Feature","id":"12862449971:trunk","properties":{"part":"trunk","base":0,"height":3,"osmId":12862449971},"geometry":{"type":"Polygon","coordinates":[[[149.12369400167822,-35.2804054],[149.12369341196515,-35.28040360337765],[149.1236918008391,-35.280402288158804],[149.1236896,-35.2804018067553],[149.1236873991609,-35.280402288158804],[149.12368578803486,-35.28040360337765],[149.1236851983218,-35.2804054],[149.12368578803486,-35.28040719662235],[149.1236873991609,-35.280408511841195],[149.1236896,-35.2804089932447],[149.1236918008391,-35.280408511841195],[149.12369341196515,-35.28040719662235],[149.12369400167822,-35.2804054]]]}},{"type":"Feature","id":"12862449971:crown","properties":{"part":"crown","base":2.5,"height":5.5,"osmId":12862449971},"geometry":{"type":"Polygon","coordinates":[[[149.1237281146843,-35.2804054],[149.12372295469504,-35.28038967955444],[149.12370885734217,-35.280378171389565],[149.1236896,-35.28037395910887],[149.12367034265785,-35.280378171389565],[149.12365624530497,-35.28038967955444],[149.12365108531571,-35.2804054],[149.12365624530497,-35.28042112044556],[149.12367034265785,-35.280432628610434],[149.1236896,-35.28043684089113],[149.12370885734217,-35.280432628610434],[149.12372295469504,-35.28042112044556],[149.1237281146843,-35.2804054]]]}},{"type":"Feature","id":"12862449971:top","properties":{"part":"top","base":5.5,"height":7,"osmId":12862449971},"geometry":{"type":"Polygon","coordinates":[[[149.12371601006924,-35.2804054],[149.12371247179087,-35.2803946202659],[149.1237028050346,-35.28038672895285],[149.1236896,-35.2803838405318],[149.1236763949654,-35.28038672895285],[149.12366672820914,-35.2803946202659],[149.12366318993077,-35.2804054],[149.12366672820914,-35.2804161797341],[149.1236763949654,-35.28042407104715],[149.1236896,-35.2804269594682],[149.1237028050346,-35.28042407104715],[149.12371247179087,-35.2804161797341],[149.12371601006924,-35.2804054]]]}},{"type":"Feature","id":"12862449972:trunk","properties":{"part":"trunk","base":0,"height":3,"osmId":12862449972},"geometry":{"type":"Polygon","coordinates":[[[149.12374540167437,-35.2803351],[149.12374481196184,-35.28033330337765],[149.1237432008372,-35.28033198815881],[149.123741,-35.2803315067553],[149.1237387991628,-35.28033198815881],[149.12373718803815,-35.28033330337765],[149.12373659832562,-35.2803351],[149.12373718803815,-35.28033689662235],[149.1237387991628,-35.2803382118412],[149.123741,-35.2803386932447],[149.1237432008372,-35.2803382118412],[149.12374481196184,-35.28033689662235],[149.12374540167437,-35.2803351]]]}},{"type":"Feature","id":"12862449972:crown","properties":{"part":"crown","base":2.5,"height":5.5,"osmId":12862449972},"geometry":{"type":"Polygon","coordinates":[[[149.12377951465086,-35.2803351],[149.12377435466607,-35.28031937955444],[149.12376025732542,-35.28030787138957],[149.123741,-35.280303659108874],[149.12372174267458,-35.28030787138957],[149.12370764533392,-35.28031937955444],[149.12370248534913,-35.2803351],[149.12370764533392,-35.28035082044556],[149.12372174267458,-35.28036232861044],[149.123741,-35.28036654089113],[149.12376025732542,-35.28036232861044],[149.12377435466607,-35.28035082044556],[149.12377951465086,-35.2803351]]]}},{"type":"Feature","id":"12862449972:top","properties":{"part":"top","base":5.5,"height":7,"osmId":12862449972},"geometry":{"type":"Polygon","coordinates":[[[149.1237674100463,-35.2803351],[149.12376387177102,-35.280324320265905],[149.12375420502315,-35.28031642895285],[149.123741,-35.2803135405318],[149.12372779497684,-35.28031642895285],[149.12371812822897,-35.280324320265905],[149.1237145899537,-35.2803351],[149.12371812822897,-35.2803458797341],[149.12372779497684,-35.28035377104715],[149.123741,-35.280356659468204],[149.12375420502315,-35.28035377104715],[149.12376387177102,-35.2803458797341],[149.1237674100463,-35.2803351]]]}},{"type":"Feature","id":"12862449973:trunk","properties":{"part":"trunk","base":0,"height":3,"osmId":12862449973},"geometry":{"type":"Polygon","coordinates":[[[149.12388260168055,-35.2804482],[149.12388201196717,-35.28044640337765],[149.12388040084028,-35.28044508815881],[149.1238782,-35.2804446067553],[149.12387599915974,-35.28044508815881],[149.12387438803285,-35.28044640337765],[149.12387379831947,-35.2804482],[149.12387438803285,-35.28044999662235],[149.12387599915974,-35.2804513118412],[149.1238782,-35.2804517932447],[149.12388040084028,-35.2804513118412],[149.12388201196717,-35.28044999662235],[149.12388260168055,-35.2804482]]]}},{"type":"Feature","id":"12862449973:crown","properties":{"part":"crown","base":2.5,"height":5.5,"osmId":12862449973},"geometry":{"type":"Polygon","coordinates":[[[149.12391671470465,-35.2804482],[149.12391155471266,-35.28043247955444],[149.12389745735234,-35.28042097138957],[149.1238782,-35.280416759108874],[149.12385894264767,-35.28042097138957],[149.12384484528735,-35.28043247955444],[149.12383968529537,-35.2804482],[149.12384484528735,-35.28046392044556],[149.12385894264767,-35.28047542861044],[149.1238782,-35.28047964089113],[149.12389745735234,-35.28047542861044],[149.12391155471266,-35.28046392044556],[149.12391671470465,-35.2804482]]]}},{"type":"Feature","id":"12862449973:top","properties":{"part":"top","base":5.5,"height":7,"osmId":12862449973},"geometry":{"type":"Polygon","coordinates":[[[149.1239046100832,-35.2804482],[149.12390107180298,-35.280437420265905],[149.1238914050416,-35.28042952895285],[149.1238782,-35.2804266405318],[149.1238649949584,-35.28042952895285],[149.12385532819704,-35.280437420265905],[149.1238517899168,-35.2804482],[149.12385532819704,-35.2804589797341],[149.1238649949584,-35.28046687104715],[149.1238782,-35.280469759468204],[149.1238914050416,-35.28046687104715],[149.12390107180298,-35.2804589797341],[149.1239046100832,-35.2804482]]]}},{"type":"Feature","id":"12862449974:trunk","properties":{"part":"trunk","base":0,"height":3,"osmId":12862449974},"geometry":{"type":"Polygon","coordinates":[[[149.12384790167863,-35.2804133],[149.1238473119655,-35.28041150337765],[149.1238457008393,-35.280410188158804],[149.1238435,-35.2804097067553],[149.1238412991607,-35.280410188158804],[149.12383968803448,-35.28041150337765],[149.12383909832135,-35.2804133],[149.12383968803448,-35.28041509662235],[149.1238412991607,-35.280416411841195],[149.1238435,-35.2804168932447],[149.1238457008393,-35.280416411841195],[149.1238473119655,-35.28041509662235],[149.12384790167863,-35.2804133]]]}},{"type":"Feature","id":"12862449974:crown","properties":{"part":"crown","base":2.5,"height":5.5,"osmId":12862449974},"geometry":{"type":"Polygon","coordinates":[[[149.12388201468804,-35.2804133],[149.12387685469827,-35.28039757955444],[149.12386275734403,-35.280386071389565],[149.1238435,-35.28038185910887],[149.12382424265596,-35.280386071389565],[149.12381014530172,-35.28039757955444],[149.12380498531195,-35.2804133],[149.12381014530172,-35.28042902044556],[149.12382424265596,-35.280440528610434],[149.1238435,-35.28044474089113],[149.12386275734403,-35.280440528610434],[149.12387685469827,-35.28042902044556],[149.12388201468804,-35.2804133]]]}},{"type":"Feature","id":"12862449974:top","properties":{"part":"top","base":5.5,"height":7,"osmId":12862449974},"geometry":{"type":"Polygon","coordinates":[[[149.1238699100718,-35.2804133],[149.1238663717931,-35.2804025202659],[149.1238567050359,-35.28039462895285],[149.1238435,-35.2803917405318],[149.12383029496408,-35.28039462895285],[149.1238206282069,-35.2804025202659],[149.1238170899282,-35.2804133],[149.1238206282069,-35.2804240797341],[149.12383029496408,-35.28043197104715],[149.1238435,-35.2804348594682],[149.1238567050359,-35.28043197104715],[149.1238663717931,-35.2804240797341],[149.1238699100718,-35.2804133]]]}},{"type":"Feature","id":"12862449975:trunk","properties":{"part":"trunk","base":0,"height":3,"osmId":12862449975},"geometry":{"type":"Polygon","coordinates":[[[149.12383890168203,-35.280476],[149.12383831196846,-35.28047420337765],[149.123836700841,-35.280472888158805],[149.1238345,-35.2804724067553],[149.12383229915898,-35.280472888158805],[149.12383068803152,-35.28047420337765],[149.12383009831794,-35.280476],[149.12383068803152,-35.28047779662235],[149.12383229915898,-35.280479111841196],[149.1238345,-35.2804795932447],[149.123836700841,-35.280479111841196],[149.12383831196846,-35.28047779662235],[149.12383890168203,-35.280476]]]}},{"type":"Feature","id":"12862449975:crown","properties":{"part":"crown","base":2.5,"height":5.5,"osmId":12862449975},"geometry":{"type":"Polygon","coordinates":[[[149.12387301471787,-35.280476],[149.1238678547241,-35.28046027955444],[149.12385375735892,-35.280448771389565],[149.1238345,-35.28044455910887],[149.12381524264106,-35.280448771389565],[149.12380114527588,-35.28046027955444],[149.1237959852821,-35.280476],[149.12380114527588,-35.28049172044556],[149.12381524264106,-35.280503228610435],[149.1238345,-35.28050744089113],[149.12385375735892,-35.280503228610435],[149.1238678547241,-35.28049172044556],[149.12387301471787,-35.280476]]]}},{"type":"Feature","id":"12862449975:top","properties":{"part":"top","base":5.5,"height":7,"osmId":12862449975},"geometry":{"type":"Polygon","coordinates":[[[149.12386091009225,-35.280476],[149.1238573718108,-35.2804652202659],[149.1238477050461,-35.28045732895285],[149.1238345,-35.2804544405318],[149.12382129495387,-35.28045732895285],[149.12381162818917,-35.2804652202659],[149.12380808990773,-35.280476],[149.12381162818917,-35.2804867797341],[149.12382129495387,-35.28049467104715],[149.1238345,-35.2804975594682],[149.1238477050461,-35.28049467104715],[149.1238573718108,-35.2804867797341],[149.12386091009225,-35.280476]]]}},{"type":"Feature","id":"12864172334:trunk","properties":{"part":"trunk","base":0,"height":3,"osmId":12864172334},"geometry":{"type":"Polygon","coordinates":[[[149.12309220166898,-35.2802355],[149.12309161195716,-35.280233703377654],[149.12309000083448,-35.28023238815881],[149.1230878,-35.280231906755304],[149.12308559916553,-35.28023238815881],[149.12308398804285,-35.280233703377654],[149.12308339833103,-35.2802355],[149.12308398804285,-35.28023729662235],[149.12308559916553,-35.2802386118412],[149.1230878,-35.2802390932447],[149.12309000083448,-35.2802386118412],[149.12309161195716,-35.28023729662235],[149.12309220166898,-35.2802355]]]}},{"type":"Feature","id":"12864172334:crown","properties":{"part":"crown","base":2.5,"height":5.5,"osmId":12864172334},"geometry":{"type":"Polygon","coordinates":[[[149.1231263146035,-35.2802355],[149.12312115462504,-35.28021977955444],[149.12310705730175,-35.28020827138957],[149.1230878,-35.280204059108875],[149.12306854269826,-35.28020827138957],[149.12305444537498,-35.28021977955444],[149.12304928539652,-35.2802355],[149.12305444537498,-35.280251220445564],[149.12306854269826,-35.28026272861044],[149.1230878,-35.28026694089113],[149.12310705730175,-35.28026272861044],[149.12312115462504,-35.280251220445564],[149.1231263146035,-35.2802355]]]}},{"type":"Feature","id":"12864172334:top","properties":{"part":"top","base":5.5,"height":7,"osmId":12864172334},"geometry":{"type":"Polygon","coordinates":[[[149.12311421001382,-35.2802355],[149.1231106717429,-35.280224720265906],[149.12310100500693,-35.28021682895285],[149.1230878,-35.2802139405318],[149.12307459499308,-35.28021682895285],[149.12306492825712,-35.280224720265906],[149.1230613899862,-35.2802355],[149.12306492825712,-35.2802462797341],[149.12307459499308,-35.280254171047154],[149.1230878,-35.280257059468205],[149.12310100500693,-35.280254171047154],[149.1231106717429,-35.2802462797341],[149.12311421001382,-35.2802355]]]}},{"type":"Feature","id":"12864172335:trunk","properties":{"part":"trunk","base":0,"height":3,"osmId":12864172335},"geometry":{"type":"Polygon","coordinates":[[[149.1230237016676,-35.2802098],[149.12302311195594,-35.28020800337765],[149.1230215008338,-35.280206688158806],[149.1230193,-35.2802062067553],[149.12301709916622,-35.280206688158806],[149.12301548804408,-35.28020800337765],[149.12301489833243,-35.2802098],[149.12301548804408,-35.28021159662235],[149.12301709916622,-35.2802129118412],[149.1230193,-35.2802133932447],[149.1230215008338,-35.2802129118412],[149.12302311195594,-35.28021159662235],[149.1230237016676,-35.2802098]]]}},{"type":"Feature","id":"12864172335:crown","properties":{"part":"crown","base":2.5,"height":5.5,"osmId":12864172335},"geometry":{"type":"Polygon","coordinates":[[[149.12305781459128,-35.2802098],[149.12305265461447,-35.28019407955444],[149.12303855729564,-35.28018257138957],[149.1230193,-35.280178359108874],[149.12300004270438,-35.28018257138957],[149.12298594538555,-35.28019407955444],[149.12298078540874,-35.2802098],[149.12298594538555,-35.28022552044556],[149.12300004270438,-35.280237028610436],[149.1230193,-35.28024124089113],[149.12303855729564,-35.280237028610436],[149.12305265461447,-35.28022552044556],[149.12305781459128,-35.2802098]]]}},{"type":"Feature","id":"12864172335:top","properties":{"part":"top","base":5.5,"height":7,"osmId":12864172335},"geometry":{"type":"Polygon","coordinates":[[[149.12304571000544,-35.2802098],[149.12304217173565,-35.280199020265904],[149.12303250500273,-35.28019112895285],[149.1230193,-35.2801882405318],[149.1230060949973,-35.28019112895285],[149.12299642826437,-35.280199020265904],[149.12299288999458,-35.2802098],[149.12299642826437,-35.2802205797341],[149.1230060949973,-35.28022847104715],[149.1230193,-35.2802313594682],[149.12303250500273,-35.28022847104715],[149.12304217173565,-35.2802205797341],[149.12304571000544,-35.2802098]]]}},{"type":"Feature","id":"12864172336:trunk","properties":{"part":"trunk","base":0,"height":3,"osmId":12864172336},"geometry":{"type":"Polygon","coordinates":[[[149.12302030166202,-35.2801073],[149.12301971195112,-35.28010550337765],[149.12301810083102,-35.2801041881588],[149.1230159,-35.2801037067553],[149.123013699169,-35.2801041881588],[149.1230120880489,-35.28010550337765],[149.123011498338,-35.2801073],[149.1230120880489,-35.28010909662235],[149.123013699169,-35.28011041184119],[149.1230159,-35.2801108932447],[149.12301810083102,-35.28011041184119],[149.12301971195112,-35.28010909662235],[149.12302030166202,-35.2801073]]]}},{"type":"Feature","id":"12864172336:crown","properties":{"part":"crown","base":2.5,"height":5.5,"osmId":12864172336},"geometry":{"type":"Polygon","coordinates":[[[149.12305441454254,-35.2801073],[149.12304925457227,-35.28009157955444],[149.12303515727126,-35.28008007138956],[149.1230159,-35.28007585910887],[149.12299664272876,-35.28008007138956],[149.12298254542776,-35.28009157955444],[149.1229773854575,-35.2801073],[149.12298254542776,-35.28012302044556],[149.12299664272876,-35.28013452861043],[149.1230159,-35.280138740891125],[149.12303515727126,-35.28013452861043],[149.12304925457227,-35.28012302044556],[149.12305441454254,-35.2801073]]]}},{"type":"Feature","id":"12864172336:top","properties":{"part":"top","base":5.5,"height":7,"osmId":12864172336},"geometry":{"type":"Polygon","coordinates":[[[149.12304230997202,-35.2801073],[149.1230387717067,-35.2800965202659],[149.12302910498602,-35.280088628952846],[149.1230159,-35.280085740531796],[149.123002695014,-35.280088628952846],[149.12299302829334,-35.2800965202659],[149.122989490028,-35.2801073],[149.12299302829334,-35.280118079734095],[149.123002695014,-35.28012597104715],[149.1230159,-35.2801288594682],[149.12302910498602,-35.28012597104715],[149.1230387717067,-35.280118079734095],[149.12304230997202,-35.2801073]]]}},{"type":"Feature","id":"12864172337:trunk","properties":{"part":"trunk","base":0,"height":3,"osmId":12864172337},"geometry":{"type":"Polygon","coordinates":[[[149.1230059016647,-35.2801569],[149.12300531195342,-35.28015510337765],[149.12300370083233,-35.280153788158806],[149.1230015,-35.2801533067553],[149.12299929916765,-35.280153788158806],[149.12299768804655,-35.28015510337765],[149.12299709833528,-35.2801569],[149.12299768804655,-35.28015869662235],[149.12299929916765,-35.2801600118412],[149.1230015,-35.2801604932447],[149.12300370083233,-35.2801600118412],[149.12300531195342,-35.28015869662235],[149.1230059016647,-35.2801569]]]}},{"type":"Feature","id":"12864172337:crown","properties":{"part":"crown","base":2.5,"height":5.5,"osmId":12864172337},"geometry":{"type":"Polygon","coordinates":[[[149.1230400145661,-35.2801569],[149.12303485459265,-35.28014117955444],[149.12302075728303,-35.28012967138957],[149.1230015,-35.28012545910887],[149.12298224271694,-35.28012967138957],[149.12296814540733,-35.28014117955444],[149.12296298543387,-35.2801569],[149.12296814540733,-35.28017262044556],[149.12298224271694,-35.280184128610436],[149.1230015,-35.28018834089113],[149.12302075728303,-35.280184128610436],[149.12303485459265,-35.28017262044556],[149.1230400145661,-35.2801569]]]}},{"type":"Feature","id":"12864172337:top","properties":{"part":"top","base":5.5,"height":7,"osmId":12864172337},"geometry":{"type":"Polygon","coordinates":[[[149.12302790998817,-35.2801569],[149.12302437172067,-35.280146120265904],[149.1230147049941,-35.28013822895285],[149.1230015,-35.2801353405318],[149.12298829500588,-35.28013822895285],[149.1229786282793,-35.280146120265904],[149.1229750900118,-35.2801569],[149.1229786282793,-35.2801676797341],[149.12298829500588,-35.28017557104715],[149.1230015,-35.2801784594682],[149.1230147049941,-35.28017557104715],[149.12302437172067,-35.2801676797341],[149.12302790998817,-35.2801569]]]}},{"type":"Feature","id":"12864172338:trunk","properties":{"part":"trunk","base":0,"height":3,"osmId":12864172338},"geometry":{"type":"Polygon","coordinates":[[[149.122861201673,-35.2803098],[149.12286061196065,-35.28030800337765],[149.12285900083648,-35.2803066881588],[149.1228568,-35.2803062067553],[149.1228545991635,-35.2803066881588],[149.12285298803934,-35.28030800337765],[149.12285239832698,-35.2803098],[149.12285298803934,-35.28031159662235],[149.1228545991635,-35.28031291184119],[149.1228568,-35.2803133932447],[149.12285900083648,-35.28031291184119],[149.12286061196065,-35.28031159662235],[149.122861201673,-35.2803098]]]}},{"type":"Feature","id":"12864172338:crown","properties":{"part":"crown","base":2.5,"height":5.5,"osmId":12864172338},"geometry":{"type":"Polygon","coordinates":[[[149.1228953146388,-35.2803098],[149.12289015465564,-35.28029407955444],[149.12287605731942,-35.28028257138956],[149.1228568,-35.28027835910887],[149.12283754268057,-35.28028257138956],[149.12282344534435,-35.28029407955444],[149.12281828536118,-35.2803098],[149.12282344534435,-35.28032552044556],[149.12283754268057,-35.28033702861043],[149.1228568,-35.280341240891126],[149.12287605731942,-35.28033702861043],[149.12289015465564,-35.28032552044556],[149.1228953146388,-35.2803098]]]}},{"type":"Feature","id":"12864172338:top","properties":{"part":"top","base":5.5,"height":7,"osmId":12864172338},"geometry":{"type":"Polygon","coordinates":[[[149.12288321003805,-35.2803098],[149.12287967176385,-35.2802990202659],[149.12287000501902,-35.28029112895285],[149.1228568,-35.280288240531796],[149.12284359498096,-35.28029112895285],[149.12283392823613,-35.2802990202659],[149.12283038996193,-35.2803098],[149.12283392823613,-35.280320579734095],[149.12284359498096,-35.28032847104715],[149.1228568,-35.2803313594682],[149.12287000501902,-35.28032847104715],[149.12287967176385,-35.280320579734095],[149.12288321003805,-35.2803098]]]}},{"type":"Feature","id":"12864172339:trunk","properties":{"part":"trunk","base":0,"height":3,"osmId":12864172339},"geometry":{"type":"Polygon","coordinates":[[[149.12300150167272,-35.2803044],[149.1230009119604,-35.28030260337765],[149.12299930083634,-35.2803012881588],[149.1229971,-35.2803008067553],[149.12299489916364,-35.2803012881588],[149.1229932880396,-35.28030260337765],[149.12299269832727,-35.2803044],[149.1229932880396,-35.28030619662235],[149.12299489916364,-35.280307511841194],[149.1229971,-35.2803079932447],[149.12299930083634,-35.280307511841194],[149.1230009119604,-35.28030619662235],[149.12300150167272,-35.2803044]]]}},{"type":"Feature","id":"12864172339:crown","properties":{"part":"crown","base":2.5,"height":5.5,"osmId":12864172339},"geometry":{"type":"Polygon","coordinates":[[[149.12303561463625,-35.2803044],[149.12303045465342,-35.28028867955444],[149.12301635731814,-35.280277171389564],[149.1229971,-35.28027295910887],[149.12297784268185,-35.280277171389564],[149.12296374534657,-35.28028867955444],[149.12295858536373,-35.2803044],[149.12296374534657,-35.28032012044556],[149.12297784268185,-35.28033162861043],[149.1229971,-35.28033584089113],[149.12301635731814,-35.28033162861043],[149.12303045465342,-35.28032012044556],[149.12303561463625,-35.2803044]]]}},{"type":"Feature","id":"12864172339:top","properties":{"part":"top","base":5.5,"height":7,"osmId":12864172339},"geometry":{"type":"Polygon","coordinates":[[[149.1230235100363,-35.2803044],[149.12301997176235,-35.2802936202659],[149.12301030501814,-35.28028572895285],[149.1229971,-35.2802828405318],[149.12298389498184,-35.28028572895285],[149.12297422823764,-35.2802936202659],[149.1229706899637,-35.2803044],[149.12297422823764,-35.280315179734096],[149.12298389498184,-35.28032307104715],[149.1229971,-35.2803259594682],[149.12301030501814,-35.28032307104715],[149.12301997176235,-35.280315179734096],[149.1230235100363,-35.2803044]]]}},{"type":"Feature","id":"12864172340:trunk","properties":{"part":"trunk","base":0,"height":3,"osmId":12864172340},"geometry":{"type":"Polygon","coordinates":[[[149.12299670166982,-35.2802515],[149.1229961119579,-35.28024970337765],[149.12299450083492,-35.2802483881588],[149.1229923,-35.2802479067553],[149.12299009916507,-35.2802483881588],[149.1229884880421,-35.28024970337765],[149.12298789833017,-35.2802515],[149.1229884880421,-35.28025329662235],[149.12299009916507,-35.280254611841194],[149.1229923,-35.2802550932447],[149.12299450083492,-35.280254611841194],[149.1229961119579,-35.28025329662235],[149.12299670166982,-35.2802515]]]}},{"type":"Feature","id":"12864172340:crown","properties":{"part":"crown","base":2.5,"height":5.5,"osmId":12864172340},"geometry":{"type":"Polygon","coordinates":[[[149.1230308146111,-35.2802515],[149.12302565463162,-35.28023577955444],[149.12301155730555,-35.280224271389564],[149.1229923,-35.28022005910887],[149.12297304269444,-35.280224271389564],[149.12295894536837,-35.28023577955444],[149.1229537853889,-35.2802515],[149.12295894536837,-35.28026722044556],[149.12297304269444,-35.28027872861043],[149.1229923,-35.28028294089113],[149.12301155730555,-35.28027872861043],[149.12302565463162,-35.28026722044556],[149.1230308146111,-35.2802515]]]}},{"type":"Feature","id":"12864172340:top","properties":{"part":"top","base":5.5,"height":7,"osmId":12864172340},"geometry":{"type":"Polygon","coordinates":[[[149.12301871001904,-35.2802515],[149.1230151717474,-35.2802407202659],[149.1230055050095,-35.28023282895285],[149.1229923,-35.2802299405318],[149.12297909499048,-35.28023282895285],[149.1229694282526,-35.2802407202659],[149.12296588998095,-35.2802515],[149.1229694282526,-35.280262279734096],[149.12297909499048,-35.28027017104715],[149.1229923,-35.2802730594682],[149.1230055050095,-35.28027017104715],[149.1230151717474,-35.280262279734096],[149.12301871001904,-35.2802515]]]}},{"type":"Feature","id":"12864172341:trunk","properties":{"part":"trunk","base":0,"height":3,"osmId":12864172341},"geometry":{"type":"Polygon","coordinates":[[[149.1228486016758,-35.2803612],[149.12284801196307,-35.28035940337765],[149.12284640083791,-35.280358088158806],[149.1228442,-35.2803576067553],[149.1228419991621,-35.280358088158806],[149.12284038803693,-35.28035940337765],[149.1228397983242,-35.2803612],[149.12284038803693,-35.28036299662235],[149.1228419991621,-35.2803643118412],[149.1228442,-35.2803647932447],[149.12284640083791,-35.2803643118412],[149.12284801196307,-35.28036299662235],[149.1228486016758,-35.2803612]]]}},{"type":"Feature","id":"12864172341:crown","properties":{"part":"crown","base":2.5,"height":5.5,"osmId":12864172341},"geometry":{"type":"Polygon","coordinates":[[[149.1228827146633,-35.2803612],[149.12287755467682,-35.28034547955444],[149.12286345733165,-35.28033397138957],[149.1228442,-35.280329759108874],[149.12282494266836,-35.28033397138957],[149.1228108453232,-35.28034547955444],[149.12280568533671,-35.2803612],[149.1228108453232,-35.28037692044556],[149.12282494266836,-35.280388428610436],[149.1228442,-35.28039264089113],[149.12286345733165,-35.280388428610436],[149.12287755467682,-35.28037692044556],[149.1228827146633,-35.2803612]]]}},{"type":"Feature","id":"12864172341:top","properties":{"part":"top","base":5.5,"height":7,"osmId":12864172341},"geometry":{"type":"Polygon","coordinates":[[[149.12287061005483,-35.2803612],[149.1228670717784,-35.280350420265904],[149.12285740502742,-35.28034252895285],[149.1228442,-35.2803396405318],[149.1228309949726,-35.28034252895285],[149.12282132822162,-35.280350420265904],[149.12281778994517,-35.2803612],[149.12282132822162,-35.2803719797341],[149.1228309949726,-35.28037987104715],[149.1228442,-35.2803827594682],[149.12285740502742,-35.28037987104715],[149.1228670717784,-35.2803719797341],[149.12287061005483,-35.2803612]]]}},{"type":"Feature","id":"12864172342:trunk","properties":{"part":"trunk","base":0,"height":3,"osmId":12864172342},"geometry":{"type":"Polygon","coordinates":[[[149.12284230167901,-35.2804204],[149.12284171196586,-35.28041860337765],[149.1228401008395,-35.2804172881588],[149.1228379,-35.2804168067553],[149.1228356991605,-35.2804172881588],[149.12283408803415,-35.28041860337765],[149.122833498321,-35.2804204],[149.12283408803415,-35.28042219662235],[149.1228356991605,-35.28042351184119],[149.1228379,-35.280423993244696],[149.1228401008395,-35.28042351184119],[149.12284171196586,-35.28042219662235],[149.12284230167901,-35.2804204]]]}},{"type":"Feature","id":"12864172342:crown","properties":{"part":"crown","base":2.5,"height":5.5,"osmId":12864172342},"geometry":{"type":"Polygon","coordinates":[[[149.12287641469143,-35.2804204],[149.1228712547012,-35.28040467955444],[149.12285715734572,-35.28039317138956],[149.1228379,-35.28038895910887],[149.1228186426543,-35.28039317138956],[149.1228045452988,-35.28040467955444],[149.12279938530858,-35.2804204],[149.1228045452988,-35.28043612044556],[149.1228186426543,-35.28044762861043],[149.1228379,-35.280451840891125],[149.12285715734572,-35.28044762861043],[149.1228712547012,-35.28043612044556],[149.12287641469143,-35.2804204]]]}},{"type":"Feature","id":"12864172342:top","properties":{"part":"top","base":5.5,"height":7,"osmId":12864172342},"geometry":{"type":"Polygon","coordinates":[[[149.12286431007414,-35.2804204],[149.1228607717951,-35.2804096202659],[149.12285110503706,-35.280401728952846],[149.1228379,-35.280398840531795],[149.12282469496296,-35.280401728952846],[149.1228150282049,-35.2804096202659],[149.12281148992588,-35.2804204],[149.1228150282049,-35.280431179734094],[149.12282469496296,-35.28043907104715],[149.1228379,-35.2804419594682],[149.12285110503706,-35.28043907104715],[149.1228607717951,-35.280431179734094],[149.12286431007414,-35.2804204]]]}},{"type":"Feature","id":"12864172343:trunk","properties":{"part":"trunk","base":0,"height":3,"osmId":12864172343},"geometry":{"type":"Polygon","coordinates":[[[149.12282900168404,-35.2805126],[149.1228284119702,-35.28051080337765],[149.122826800842,-35.280509488158806],[149.1228246,-35.2805090067553],[149.122822399158,-35.280509488158806],[149.1228207880298,-35.28051080337765],[149.12282019831596,-35.2805126],[149.1228207880298,-35.28051439662235],[149.122822399158,-35.2805157118412],[149.1228246,-35.2805161932447],[149.122826800842,-35.2805157118412],[149.1228284119702,-35.28051439662235],[149.12282900168404,-35.2805126]]]}},{"type":"Feature","id":"12864172343:crown","properties":{"part":"crown","base":2.5,"height":5.5,"osmId":12864172343},"geometry":{"type":"Polygon","coordinates":[[[149.12286311473528,-35.2805126],[149.12285795473917,-35.28049687955444],[149.12284385736766,-35.28048537138957],[149.1228246,-35.280481159108874],[149.12280534263235,-35.28048537138957],[149.12279124526083,-35.28049687955444],[149.12278608526472,-35.2805126],[149.12279124526083,-35.28052832044556],[149.12280534263235,-35.280539828610436],[149.1228246,-35.28054404089113],[149.12284385736766,-35.280539828610436],[149.12285795473917,-35.28052832044556],[149.12286311473528,-35.2805126]]]}},{"type":"Feature","id":"12864172343:top","properties":{"part":"top","base":5.5,"height":7,"osmId":12864172343},"geometry":{"type":"Polygon","coordinates":[[[149.1228510101042,-35.2805126],[149.12284747182116,-35.280501820265904],[149.1228378050521,-35.28049392895285],[149.1228246,-35.2804910405318],[149.12281139494792,-35.28049392895285],[149.12280172817884,-35.280501820265904],[149.1227981898958,-35.2805126],[149.12280172817884,-35.2805233797341],[149.12281139494792,-35.28053127104715],[149.1228246,-35.2805341594682],[149.1228378050521,-35.28053127104715],[149.12284747182116,-35.2805233797341],[149.1228510101042,-35.2805126]]]}},{"type":"Feature","id":"12864172344:trunk","properties":{"part":"trunk","base":0,"height":3,"osmId":12864172344},"geometry":{"type":"Polygon","coordinates":[[[149.12294410167854,-35.2804119],[149.12294351196545,-35.28041010337765],[149.12294190083927,-35.2804087881588],[149.1229397,-35.2804083067553],[149.1229374991607,-35.2804087881588],[149.12293588803453,-35.28041010337765],[149.12293529832144,-35.2804119],[149.12293588803453,-35.28041369662235],[149.1229374991607,-35.28041501184119],[149.1229397,-35.280415493244696],[149.12294190083927,-35.28041501184119],[149.12294351196545,-35.28041369662235],[149.12294410167854,-35.2804119]]]}},{"type":"Feature","id":"12864172344:crown","properties":{"part":"crown","base":2.5,"height":5.5,"osmId":12864172344},"geometry":{"type":"Polygon","coordinates":[[[149.12297821468738,-35.2804119],[149.1229730546977,-35.28039617955444],[149.12295895734368,-35.28038467138956],[149.1229397,-35.28038045910887],[149.1229204426563,-35.28038467138956],[149.12290634530228,-35.28039617955444],[149.1229011853126,-35.2804119],[149.12290634530228,-35.28042762044556],[149.1229204426563,-35.28043912861043],[149.1229397,-35.280443340891125],[149.12295895734368,-35.28043912861043],[149.1229730546977,-35.28042762044556],[149.12297821468738,-35.2804119]]]}},{"type":"Feature","id":"12864172344:top","properties":{"part":"top","base":5.5,"height":7,"osmId":12864172344},"geometry":{"type":"Polygon","coordinates":[[[149.12296611007133,-35.2804119],[149.1229625717927,-35.2804011202659],[149.12295290503567,-35.280393228952846],[149.1229397,-35.280390340531795],[149.1229264949643,-35.280393228952846],[149.12291682820728,-35.2804011202659],[149.12291328992865,-35.2804119],[149.12291682820728,-35.280422679734095],[149.1229264949643,-35.28043057104715],[149.1229397,-35.2804334594682],[149.12295290503567,-35.28043057104715],[149.1229625717927,-35.280422679734095],[149.12296611007133,-35.2804119]]]}},{"type":"Feature","id":"12864172345:trunk","properties":{"part":"trunk","base":0,"height":3,"osmId":12864172345},"geometry":{"type":"Polygon","coordinates":[[[149.12309380166235,-35.2801135],[149.1230932119514,-35.28011170337765],[149.12309160083117,-35.2801103881588],[149.1230894,-35.2801099067553],[149.12308719916882,-35.2801103881588],[149.12308558804858,-35.28011170337765],[149.12308499833765,-35.2801135],[149.12308558804858,-35.28011529662235],[149.12308719916882,-35.280116611841194],[149.1230894,-35.2801170932447],[149.12309160083117,-35.280116611841194],[149.1230932119514,-35.28011529662235],[149.12309380166235,-35.2801135]]]}},{"type":"Feature","id":"12864172345:crown","properties":{"part":"crown","base":2.5,"height":5.5,"osmId":12864172345},"geometry":{"type":"Polygon","coordinates":[[[149.12312791454548,-35.2801135],[149.12312275457478,-35.28009777955444],[149.12310865727272,-35.280086271389564],[149.1230894,-35.28008205910887],[149.12307014272727,-35.280086271389564],[149.12305604542522,-35.28009777955444],[149.12305088545452,-35.2801135],[149.12305604542522,-35.28012922044556],[149.12307014272727,-35.280140728610434],[149.1230894,-35.28014494089113],[149.12310865727272,-35.280140728610434],[149.12312275457478,-35.28012922044556],[149.12312791454548,-35.2801135]]]}},{"type":"Feature","id":"12864172345:top","properties":{"part":"top","base":5.5,"height":7,"osmId":12864172345},"geometry":{"type":"Polygon","coordinates":[[[149.12311580997402,-35.2801135],[149.12311227170844,-35.2801027202659],[149.12310260498703,-35.28009482895285],[149.1230894,-35.2800919405318],[149.12307619501297,-35.28009482895285],[149.12306652829156,-35.2801027202659],[149.12306299002597,-35.2801135],[149.12306652829156,-35.280124279734096],[149.12307619501297,-35.28013217104715],[149.1230894,-35.2801350594682],[149.12310260498703,-35.28013217104715],[149.12311227170844,-35.280124279734096],[149.12311580997402,-35.2801135]]]}},{"type":"Feature","id":"12864172346:trunk","properties":{"part":"trunk","base":0,"height":3,"osmId":12864172346},"geometry":{"type":"Polygon","coordinates":[[[149.12314560166394,-35.2801428],[149.12314501195277,-35.28014100337765],[149.12314340083196,-35.280139688158805],[149.1231412,-35.2801392067553],[149.12313899916802,-35.280139688158805],[149.1231373880472,-35.28014100337765],[149.12313679833605,-35.2801428],[149.1231373880472,-35.28014459662235],[149.12313899916802,-35.280145911841196],[149.1231412,-35.2801463932447],[149.12314340083196,-35.280145911841196],[149.12314501195277,-35.28014459662235],[149.12314560166394,-35.2801428]]]}},{"type":"Feature","id":"12864172346:crown","properties":{"part":"crown","base":2.5,"height":5.5,"osmId":12864172346},"geometry":{"type":"Polygon","coordinates":[[[149.1231797145594,-35.2801428],[149.12317455458685,-35.28012707955444],[149.12316045727968,-35.280115571389565],[149.1231412,-35.28011135910887],[149.1231219427203,-35.280115571389565],[149.12310784541313,-35.28012707955444],[149.12310268544059,-35.2801428],[149.12310784541313,-35.28015852044556],[149.1231219427203,-35.280170028610435],[149.1231412,-35.28017424089113],[149.12316045727968,-35.280170028610435],[149.12317455458685,-35.28015852044556],[149.1231797145594,-35.2801428]]]}},{"type":"Feature","id":"12864172346:top","properties":{"part":"top","base":5.5,"height":7,"osmId":12864172346},"geometry":{"type":"Polygon","coordinates":[[[149.1231676099836,-35.2801428],[149.1231640717167,-35.2801320202659],[149.1231544049918,-35.28012412895285],[149.1231412,-35.2801212405318],[149.1231279950082,-35.28012412895285],[149.12311832828328,-35.2801320202659],[149.1231147900164,-35.2801428],[149.12311832828328,-35.2801535797341],[149.1231279950082,-35.28016147104715],[149.1231412,-35.2801643594682],[149.1231544049918,-35.28016147104715],[149.1231640717167,-35.2801535797341],[149.1231676099836,-35.2801428]]]}},{"type":"Feature","id":"12864172347:trunk","properties":{"part":"trunk","base":0,"height":3,"osmId":12864172347},"geometry":{"type":"Polygon","coordinates":[[[149.12320150166565,-35.2801742],[149.12320091195426,-35.28017240337765],[149.12319930083282,-35.2801710881588],[149.1231971,-35.2801706067553],[149.12319489916717,-35.2801710881588],[149.12319328804574,-35.28017240337765],[149.12319269833435,-35.2801742],[149.12319328804574,-35.28017599662235],[149.12319489916717,-35.28017731184119],[149.1231971,-35.2801777932447],[149.12319930083282,-35.28017731184119],[149.12320091195426,-35.28017599662235],[149.12320150166565,-35.2801742]]]}},{"type":"Feature","id":"12864172347:crown","properties":{"part":"crown","base":2.5,"height":5.5,"osmId":12864172347},"geometry":{"type":"Polygon","coordinates":[[[149.12323561457433,-35.2801742],[149.1232304545998,-35.28015847955444],[149.12321635728716,-35.28014697138956],[149.1231971,-35.28014275910887],[149.12317784271283,-35.28014697138956],[149.1231637454002,-35.28015847955444],[149.12315858542567,-35.2801742],[149.1231637454002,-35.28018992044556],[149.12317784271283,-35.28020142861043],[149.1231971,-35.280205640891126],[149.12321635728716,-35.28020142861043],[149.1232304545998,-35.28018992044556],[149.12323561457433,-35.2801742]]]}},{"type":"Feature","id":"12864172347:top","properties":{"part":"top","base":5.5,"height":7,"osmId":12864172347},"geometry":{"type":"Polygon","coordinates":[[[149.12322350999384,-35.2801742],[149.12321997172558,-35.2801634202659],[149.12321030499692,-35.28015552895285],[149.1231971,-35.280152640531796],[149.12318389500308,-35.28015552895285],[149.12317422827442,-35.2801634202659],[149.12317069000616,-35.2801742],[149.12317422827442,-35.280184979734095],[149.12318389500308,-35.28019287104715],[149.1231971,-35.2801957594682],[149.12321030499692,-35.28019287104715],[149.12321997172558,-35.280184979734095],[149.12322350999384,-35.2801742]]]}},{"type":"Feature","id":"12864172430:trunk","properties":{"part":"trunk","base":0,"height":3,"osmId":12864172430},"geometry":{"type":"Polygon","coordinates":[[[149.12503620162957,-35.279511],[149.12503561192304,-35.27950920337765],[149.1250340008148,-35.279507888158804],[149.1250318,-35.2795074067553],[149.12502959918518,-35.279507888158804],[149.12502798807694,-35.27950920337765],[149.1250273983704,-35.279511],[149.12502798807694,-35.27951279662235],[149.12502959918518,-35.279514111841195],[149.1250318,-35.2795145932447],[149.1250340008148,-35.279514111841195],[149.12503561192304,-35.27951279662235],[149.12503620162957,-35.279511]]]}},{"type":"Feature","id":"12864172430:crown","properties":{"part":"crown","base":2.5,"height":5.5,"osmId":12864172430},"geometry":{"type":"Polygon","coordinates":[[[149.12507031425892,-35.279511],[149.12506515432662,-35.27949527955444],[149.12505105712944,-35.279483771389565],[149.1250318,-35.27947955910887],[149.12501254287054,-35.279483771389565],[149.12499844567336,-35.27949527955444],[149.12499328574106,-35.279511],[149.12499844567336,-35.27952672044556],[149.12501254287054,-35.279538228610434],[149.1250318,-35.27954244089113],[149.12505105712944,-35.279538228610434],[149.12506515432662,-35.27952672044556],[149.12507031425892,-35.279511]]]}},{"type":"Feature","id":"12864172430:top","properties":{"part":"top","base":5.5,"height":7,"osmId":12864172430},"geometry":{"type":"Polygon","coordinates":[[[149.12505820977754,-35.279511],[149.12505467153827,-35.2795002202659],[149.12504500488876,-35.27949232895285],[149.1250318,-35.2794894405318],[149.12501859511121,-35.27949232895285],[149.1250089284617,-35.2795002202659],[149.12500539022244,-35.279511],[149.1250089284617,-35.2795217797341],[149.12501859511121,-35.27952967104715],[149.1250318,-35.2795325594682],[149.12504500488876,-35.27952967104715],[149.12505467153827,-35.2795217797341],[149.12505820977754,-35.279511]]]}},{"type":"Feature","id":"12864172431:trunk","properties":{"part":"trunk","base":0,"height":3,"osmId":12864172431},"geometry":{"type":"Polygon","coordinates":[[[149.12510230163173,-35.2795506],[149.12510171192488,-35.27954880337765],[149.12510010081587,-35.279547488158805],[149.1250979,-35.2795470067553],[149.1250956991841,-35.279547488158805],[149.1250940880751,-35.27954880337765],[149.12509349836824,-35.2795506],[149.1250940880751,-35.27955239662235],[149.1250956991841,-35.279553711841196],[149.1250979,-35.2795541932447],[149.12510010081587,-35.279553711841196],[149.12510171192488,-35.27955239662235],[149.12510230163173,-35.2795506]]]}},{"type":"Feature","id":"12864172431:crown","properties":{"part":"crown","base":2.5,"height":5.5,"osmId":12864172431},"geometry":{"type":"Polygon","coordinates":[[[149.12513641427773,-35.2795506],[149.12513125434293,-35.27953487955444],[149.12511715713887,-35.279523371389566],[149.1250979,-35.27951915910887],[149.1250786428611,-35.279523371389566],[149.12506454565704,-35.27953487955444],[149.12505938572224,-35.2795506],[149.12506454565704,-35.27956632044556],[149.1250786428611,-35.279577828610435],[149.1250979,-35.27958204089113],[149.12511715713887,-35.279577828610435],[149.12513125434293,-35.27956632044556],[149.12513641427773,-35.2795506]]]}},{"type":"Feature","id":"12864172431:top","properties":{"part":"top","base":5.5,"height":7,"osmId":12864172431},"geometry":{"type":"Polygon","coordinates":[[[149.12512430979044,-35.2795506],[149.12512077154943,-35.2795398202659],[149.1251111048952,-35.27953192895285],[149.1250979,-35.2795290405318],[149.12508469510476,-35.27953192895285],[149.12507502845054,-35.2795398202659],[149.12507149020954,-35.2795506],[149.12507502845054,-35.2795613797341],[149.12508469510476,-35.27956927104715],[149.1250979,-35.2795721594682],[149.1251111048952,-35.27956927104715],[149.12512077154943,-35.2795613797341],[149.12512430979044,-35.2795506]]]}},{"type":"Feature","id":"12864172432:trunk","properties":{"part":"trunk","base":0,"height":3,"osmId":12864172432},"geometry":{"type":"Polygon","coordinates":[[[149.1251573016335,-35.2795832],[149.12515671192642,-35.27958140337765],[149.12515510081676,-35.2795800881588],[149.1251529,-35.2795796067553],[149.12515069918322,-35.2795800881588],[149.12514908807356,-35.27958140337765],[149.12514849836649,-35.2795832],[149.12514908807356,-35.27958499662235],[149.12515069918322,-35.27958631184119],[149.1251529,-35.2795867932447],[149.12515510081676,-35.27958631184119],[149.12515671192642,-35.27958499662235],[149.1251573016335,-35.2795832]]]}},{"type":"Feature","id":"12864172432:crown","properties":{"part":"crown","base":2.5,"height":5.5,"osmId":12864172432},"geometry":{"type":"Polygon","coordinates":[[[149.12519141429325,-35.2795832],[149.12518625435635,-35.27956747955444],[149.1251721571466,-35.27955597138956],[149.1251529,-35.27955175910887],[149.12513364285337,-35.27955597138956],[149.12511954564363,-35.27956747955444],[149.12511438570672,-35.2795832],[149.12511954564363,-35.27959892044556],[149.12513364285337,-35.27961042861043],[149.1251529,-35.279614640891126],[149.1251721571466,-35.27961042861043],[149.12518625435635,-35.27959892044556],[149.12519141429325,-35.2795832]]]}},{"type":"Feature","id":"12864172432:top","properties":{"part":"top","base":5.5,"height":7,"osmId":12864172432},"geometry":{"type":"Polygon","coordinates":[[[149.1251793098011,-35.2795832],[149.12517577155865,-35.2795724202659],[149.12516610490053,-35.27956452895285],[149.1251529,-35.279561640531796],[149.12513969509945,-35.27956452895285],[149.12513002844133,-35.2795724202659],[149.12512649019888,-35.2795832],[149.12513002844133,-35.279593979734095],[149.12513969509945,-35.27960187104715],[149.1251529,-35.2796047594682],[149.12516610490053,-35.27960187104715],[149.12517577155865,-35.279593979734095],[149.1251793098011,-35.2795832]]]}},{"type":"Feature","id":"12864172433:trunk","properties":{"part":"trunk","base":0,"height":3,"osmId":12864172433},"geometry":{"type":"Polygon","coordinates":[[[149.12519910163488,-35.2796082],[149.12519851192764,-35.27960640337765],[149.12519690081746,-35.2796050881588],[149.1251947,-35.2796046067553],[149.12519249918256,-35.2796050881588],[149.12519088807238,-35.27960640337765],[149.12519029836514,-35.2796082],[149.12519088807238,-35.27960999662235],[149.12519249918256,-35.279611311841194],[149.1251947,-35.2796117932447],[149.12519690081746,-35.279611311841194],[149.12519851192764,-35.27960999662235],[149.12519910163488,-35.2796082]]]}},{"type":"Feature","id":"12864172433:crown","properties":{"part":"crown","base":2.5,"height":5.5,"osmId":12864172433},"geometry":{"type":"Polygon","coordinates":[[[149.12523321430515,-35.2796082],[149.1252280543667,-35.27959247955444],[149.1252139571526,-35.279580971389564],[149.1251947,-35.27957675910887],[149.12517544284742,-35.279580971389564],[149.12516134563333,-35.27959247955444],[149.12515618569486,-35.2796082],[149.12516134563333,-35.27962392044556],[149.12517544284742,-35.27963542861043],[149.1251947,-35.279639640891126],[149.1252139571526,-35.27963542861043],[149.1252280543667,-35.27962392044556],[149.12523321430515,-35.2796082]]]}},{"type":"Feature","id":"12864172433:top","properties":{"part":"top","base":5.5,"height":7,"osmId":12864172433},"geometry":{"type":"Polygon","coordinates":[[[149.12522110980925,-35.2796082],[149.1252175715657,-35.2795974202659],[149.12520790490464,-35.27958952895285],[149.1251947,-35.2795866405318],[149.12518149509538,-35.27958952895285],[149.1251718284343,-35.2795974202659],[149.12516829019077,-35.2796082],[149.1251718284343,-35.279618979734096],[149.12518149509538,-35.27962687104715],[149.1251947,-35.2796297594682],[149.12520790490464,-35.27962687104715],[149.1252175715657,-35.279618979734096],[149.12522110980925,-35.2796082]]]}},{"type":"Feature","id":"12864172434:trunk","properties":{"part":"trunk","base":0,"height":3,"osmId":12864172434},"geometry":{"type":"Polygon","coordinates":[[[149.12523070163155,-35.279547],[149.12523011192474,-35.27954520337765],[149.12522850081578,-35.279543888158805],[149.1252263,-35.2795434067553],[149.12522409918424,-35.279543888158805],[149.12522248807528,-35.27954520337765],[149.12522189836847,-35.279547],[149.12522248807528,-35.27954879662235],[149.12522409918424,-35.279550111841196],[149.1252263,-35.2795505932447],[149.12522850081578,-35.279550111841196],[149.12523011192474,-35.27954879662235],[149.12523070163155,-35.279547]]]}},{"type":"Feature","id":"12864172434:crown","properties":{"part":"crown","base":2.5,"height":5.5,"osmId":12864172434},"geometry":{"type":"Polygon","coordinates":[[[149.12526481427605,-35.279547],[149.12525965434148,-35.27953127955444],[149.12524555713804,-35.279519771389566],[149.1252263,-35.27951555910887],[149.12520704286197,-35.279519771389566],[149.12519294565854,-35.27953127955444],[149.12518778572397,-35.279547],[149.12519294565854,-35.27956272044556],[149.12520704286197,-35.279574228610436],[149.1252263,-35.27957844089113],[149.12524555713804,-35.279574228610436],[149.12525965434148,-35.27956272044556],[149.12526481427605,-35.279547]]]}},{"type":"Feature","id":"12864172434:top","properties":{"part":"top","base":5.5,"height":7,"osmId":12864172434},"geometry":{"type":"Polygon","coordinates":[[[149.1252527097893,-35.279547],[149.12524917154843,-35.2795362202659],[149.12523950489467,-35.27952832895285],[149.1252263,-35.2795254405318],[149.12521309510535,-35.27952832895285],[149.12520342845158,-35.2795362202659],[149.12519989021072,-35.279547],[149.12520342845158,-35.2795577797341],[149.12521309510535,-35.27956567104715],[149.1252263,-35.2795685594682],[149.12523950489467,-35.27956567104715],[149.12524917154843,-35.2795577797341],[149.1252527097893,-35.279547]]]}},{"type":"Feature","id":"12864172435:trunk","properties":{"part":"trunk","base":0,"height":3,"osmId":12864172435},"geometry":{"type":"Polygon","coordinates":[[[149.12517920162998,-35.2795183],[149.1251786119234,-35.27951650337765],[149.125177000815,-35.279515188158804],[149.1251748,-35.2795147067553],[149.125172599185,-35.279515188158804],[149.1251709880766,-35.27951650337765],[149.12517039837002,-35.2795183],[149.1251709880766,-35.27952009662235],[149.125172599185,-35.279521411841195],[149.1251748,-35.2795218932447],[149.125177000815,-35.279521411841195],[149.1251786119234,-35.27952009662235],[149.12517920162998,-35.2795183]]]}},{"type":"Feature","id":"12864172435:crown","properties":{"part":"crown","base":2.5,"height":5.5,"osmId":12864172435},"geometry":{"type":"Polygon","coordinates":[[[149.1252133142624,-35.2795183],[149.12520815432964,-35.27950257955444],[149.12519405713118,-35.279491071389565],[149.1251748,-35.27948685910887],[149.1251555428688,-35.279491071389565],[149.12514144567035,-35.27950257955444],[149.1251362857376,-35.2795183],[149.12514144567035,-35.27953402044556],[149.1251555428688,-35.279545528610434],[149.1251748,-35.27954974089113],[149.12519405713118,-35.279545528610434],[149.12520815432964,-35.27953402044556],[149.1252133142624,-35.2795183]]]}},{"type":"Feature","id":"12864172435:top","properties":{"part":"top","base":5.5,"height":7,"osmId":12864172435},"geometry":{"type":"Polygon","coordinates":[[[149.12520120977993,-35.2795183],[149.12519767154032,-35.2795075202659],[149.12518800488996,-35.27949962895285],[149.1251748,-35.2794967405318],[149.12516159511003,-35.27949962895285],[149.12515192845967,-35.2795075202659],[149.12514839022006,-35.2795183],[149.12515192845967,-35.2795290797341],[149.12516159511003,-35.27953697104715],[149.1251748,-35.2795398594682],[149.12518800488996,-35.27953697104715],[149.12519767154032,-35.2795290797341],[149.12520120977993,-35.2795183]]]}},{"type":"Feature","id":"12864172436:trunk","properties":{"part":"trunk","base":0,"height":3,"osmId":12864172436},"geometry":{"type":"Polygon","coordinates":[[[149.12510000162723,-35.2794675],[149.125099411921,-35.27946570337765],[149.12509780081362,-35.27946438815881],[149.1250956,-35.2794639067553],[149.1250933991864,-35.27946438815881],[149.125091788079,-35.27946570337765],[149.1250911983728,-35.2794675],[149.125091788079,-35.27946929662235],[149.1250933991864,-35.2794706118412],[149.1250956,-35.2794710932447],[149.12509780081362,-35.2794706118412],[149.125099411921,-35.27946929662235],[149.12510000162723,-35.2794675]]]}},{"type":"Feature","id":"12864172436:crown","properties":{"part":"crown","base":2.5,"height":5.5,"osmId":12864172436},"geometry":{"type":"Polygon","coordinates":[[[149.12513411423825,-35.2794675],[149.12512895430874,-35.27945177955444],[149.12511485711912,-35.27944027138957],[149.1250956,-35.279436059108875],[149.1250763428809,-35.27944027138957],[149.12506224569128,-35.27945177955444],[149.12505708576177,-35.2794675],[149.12506224569128,-35.27948322044556],[149.1250763428809,-35.27949472861044],[149.1250956,-35.27949894089113],[149.12511485711912,-35.27949472861044],[149.12512895430874,-35.27948322044556],[149.12513411423825,-35.2794675]]]}},{"type":"Feature","id":"12864172436:top","properties":{"part":"top","base":5.5,"height":7,"osmId":12864172436},"geometry":{"type":"Polygon","coordinates":[[[149.12512200976337,-35.2794675],[149.12511847152598,-35.279456720265905],[149.12510880488168,-35.27944882895285],[149.1250956,-35.2794459405318],[149.12508239511834,-35.27944882895285],[149.12507272847404,-35.279456720265905],[149.12506919023664,-35.2794675],[149.12507272847404,-35.2794782797341],[149.12508239511834,-35.279486171047154],[149.1250956,-35.279489059468204],[149.12510880488168,-35.279486171047154],[149.12511847152598,-35.2794782797341],[149.12512200976337,-35.2794675]]]}},{"type":"Feature","id":"12864172437:trunk","properties":{"part":"trunk","base":0,"height":3,"osmId":12864172437},"geometry":{"type":"Polygon","coordinates":[[[149.1251959016259,-35.2794427],[149.12519531191984,-35.27944090337765],[149.12519370081293,-35.2794395881588],[149.1251915,-35.2794391067553],[149.12518929918707,-35.2794395881588],[149.12518768808016,-35.27944090337765],[149.1251870983741,-35.2794427],[149.12518768808016,-35.27944449662235],[149.12518929918707,-35.27944581184119],[149.1251915,-35.279446293244696],[149.12519370081293,-35.27944581184119],[149.12519531191984,-35.27944449662235],[149.1251959016259,-35.2794427]]]}},{"type":"Feature","id":"12864172437:crown","properties":{"part":"crown","base":2.5,"height":5.5,"osmId":12864172437},"geometry":{"type":"Polygon","coordinates":[[[149.12523001422645,-35.2794427],[149.1252248542985,-35.27942697955444],[149.12521075711322,-35.27941547138956],[149.1251915,-35.27941125910887],[149.12517224288678,-35.27941547138956],[149.1251581457015,-35.27942697955444],[149.12515298577355,-35.2794427],[149.1251581457015,-35.27945842044556],[149.12517224288678,-35.27946992861043],[149.1251915,-35.279474140891125],[149.12521075711322,-35.27946992861043],[149.1252248542985,-35.27945842044556],[149.12523001422645,-35.2794427]]]}},{"type":"Feature","id":"12864172437:top","properties":{"part":"top","base":5.5,"height":7,"osmId":12864172437},"geometry":{"type":"Polygon","coordinates":[[[149.12521790975526,-35.2794427],[149.12521437151898,-35.2794319202659],[149.12520470487763,-35.279424028952846],[149.1251915,-35.279421140531795],[149.12517829512237,-35.279424028952846],[149.12516862848102,-35.2794319202659],[149.12516509024474,-35.2794427],[149.12516862848102,-35.279453479734094],[149.12517829512237,-35.27946137104715],[149.1251915,-35.2794642594682],[149.12520470487763,-35.27946137104715],[149.12521437151898,-35.279453479734094],[149.12521790975526,-35.2794427]]]}},{"type":"Feature","id":"12864172438:trunk","properties":{"part":"trunk","base":0,"height":3,"osmId":12864172438},"geometry":{"type":"Polygon","coordinates":[[[149.12526030162792,-35.2794799],[149.1252597119216,-35.27947810337765],[149.12525810081397,-35.2794767881588],[149.1252559,-35.2794763067553],[149.12525369918606,-35.2794767881588],[149.12525208807844,-35.27947810337765],[149.1252514983721,-35.2794799],[149.12525208807844,-35.27948169662235],[149.12525369918606,-35.279483011841194],[149.1252559,-35.2794834932447],[149.12525810081397,-35.279483011841194],[149.1252597119216,-35.27948169662235],[149.12526030162792,-35.2794799]]]}},{"type":"Feature","id":"12864172438:crown","properties":{"part":"crown","base":2.5,"height":5.5,"osmId":12864172438},"geometry":{"type":"Polygon","coordinates":[[[149.12529441424414,-35.2794799],[149.12528925431386,-35.27946417955444],[149.12527515712208,-35.27945267138956],[149.1252559,-35.27944845910887],[149.12523664287795,-35.27945267138956],[149.12522254568617,-35.27946417955444],[149.1252173857559,-35.2794799],[149.12522254568617,-35.27949562044556],[149.12523664287795,-35.27950712861043],[149.1252559,-35.279511340891126],[149.12527515712208,-35.27950712861043],[149.12528925431386,-35.27949562044556],[149.12529441424414,-35.2794799]]]}},{"type":"Feature","id":"12864172438:top","properties":{"part":"top","base":5.5,"height":7,"osmId":12864172438},"geometry":{"type":"Polygon","coordinates":[[[149.1252823097674,-35.2794799],[149.1252787715295,-35.2794691202659],[149.12526910488373,-35.27946122895285],[149.1252559,-35.2794583405318],[149.1252426951163,-35.27946122895285],[149.12523302847052,-35.2794691202659],[149.1252294902326,-35.2794799],[149.12523302847052,-35.279490679734096],[149.1252426951163,-35.27949857104715],[149.1252559,-35.2795014594682],[149.12526910488373,-35.27949857104715],[149.1252787715295,-35.279490679734096],[149.1252823097674,-35.2794799]]]}},{"type":"Feature","id":"12864172439:trunk","properties":{"part":"trunk","base":0,"height":3,"osmId":12864172439},"geometry":{"type":"Polygon","coordinates":[[[149.12528620162303,-35.2793901],[149.12528561191738,-35.27938830337765],[149.12528400081152,-35.279386988158805],[149.1252818,-35.2793865067553],[149.1252795991885,-35.279386988158805],[149.12527798808264,-35.27938830337765],[149.125277398377,-35.2793901],[149.12527798808264,-35.27939189662235],[149.1252795991885,-35.279393211841196],[149.1252818,-35.2793936932447],[149.12528400081152,-35.279393211841196],[149.12528561191738,-35.27939189662235],[149.12528620162303,-35.2793901]]]}},{"type":"Feature","id":"12864172439:crown","properties":{"part":"crown","base":2.5,"height":5.5,"osmId":12864172439},"geometry":{"type":"Polygon","coordinates":[[[149.12532031420145,-35.2793901],[149.12531515427685,-35.27937437955444],[149.12530105710073,-35.279362871389566],[149.1252818,-35.27935865910887],[149.1252625428993,-35.279362871389566],[149.12524844572317,-35.27937437955444],[149.12524328579858,-35.2793901],[149.12524844572317,-35.27940582044556],[149.1252625428993,-35.279417328610435],[149.1252818,-35.27942154089113],[149.12530105710073,-35.279417328610435],[149.12531515427685,-35.27940582044556],[149.12532031420145,-35.2793901]]]}},{"type":"Feature","id":"12864172439:top","properties":{"part":"top","base":5.5,"height":7,"osmId":12864172439},"geometry":{"type":"Polygon","coordinates":[[[149.12530820973814,-35.2793901],[149.12530467150413,-35.2793793202659],[149.12529500486906,-35.27937142895285],[149.1252818,-35.2793685405318],[149.12526859513096,-35.27937142895285],[149.1252589284959,-35.2793793202659],[149.12525539026188,-35.2793901],[149.1252589284959,-35.2794008797341],[149.12526859513096,-35.27940877104715],[149.1252818,-35.2794116594682],[149.12529500486906,-35.27940877104715],[149.12530467150413,-35.2794008797341],[149.12530820973814,-35.2793901]]]}},{"type":"Feature","id":"12864172440:trunk","properties":{"part":"trunk","base":0,"height":3,"osmId":12864172440},"geometry":{"type":"Polygon","coordinates":[[[149.12539910161686,-35.2792771],[149.125398511912,-35.27927530337765],[149.12539690080843,-35.279273988158806],[149.1253947,-35.2792735067553],[149.12539249919155,-35.279273988158806],[149.12539088808796,-35.27927530337765],[149.1253902983831,-35.2792771],[149.12539088808796,-35.27927889662235],[149.12539249919155,-35.2792802118412],[149.1253947,-35.2792806932447],[149.12539690080843,-35.2792802118412],[149.125398511912,-35.27927889662235],[149.12539910161686,-35.2792771]]]}},{"type":"Feature","id":"12864172440:crown","properties":{"part":"crown","base":2.5,"height":5.5,"osmId":12864172440},"geometry":{"type":"Polygon","coordinates":[[[149.12543321414768,-35.2792771],[149.1254280542303,-35.27926137955444],[149.12541395707382,-35.27924987138957],[149.1253947,-35.279245659108874],[149.12537544292616,-35.27924987138957],[149.12536134576968,-35.27926137955444],[149.1253561858523,-35.2792771],[149.12536134576968,-35.27929282044556],[149.12537544292616,-35.279304328610436],[149.1253947,-35.27930854089113],[149.12541395707382,-35.279304328610436],[149.1254280542303,-35.27929282044556],[149.12543321414768,-35.2792771]]]}},{"type":"Feature","id":"12864172440:top","properties":{"part":"top","base":5.5,"height":7,"osmId":12864172440},"geometry":{"type":"Polygon","coordinates":[[[149.12542110970125,-35.2792771],[149.12541757147218,-35.279266320265904],[149.12540790485062,-35.27925842895285],[149.1253947,-35.2792555405318],[149.12538149514936,-35.27925842895285],[149.1253718285278,-35.279266320265904],[149.12536829029872,-35.2792771],[149.1253718285278,-35.2792878797341],[149.12538149514936,-35.27929577104715],[149.1253947,-35.2792986594682],[149.12540790485062,-35.27929577104715],[149.12541757147218,-35.2792878797341],[149.12542110970125,-35.2792771]]]}},{"type":"Feature","id":"12864172441:trunk","properties":{"part":"trunk","base":0,"height":3,"osmId":12864172441},"geometry":{"type":"Polygon","coordinates":[[[149.12549050161076,-35.2791644],[149.12548991190673,-35.27916260337765],[149.12548830080536,-35.279161288158804],[149.1254861,-35.2791608067553],[149.12548389919462,-35.279161288158804],[149.12548228809325,-35.27916260337765],[149.12548169838922,-35.2791644],[149.12548228809325,-35.27916619662235],[149.12548389919462,-35.279167511841194],[149.1254861,-35.2791679932447],[149.12548830080536,-35.279167511841194],[149.12548991190673,-35.27916619662235],[149.12549050161076,-35.2791644]]]}},{"type":"Feature","id":"12864172441:crown","properties":{"part":"crown","base":2.5,"height":5.5,"osmId":12864172441},"geometry":{"type":"Polygon","coordinates":[[[149.12552461409408,-35.2791644],[149.1255194541839,-35.27914867955444],[149.12550535704705,-35.279137171389564],[149.1254861,-35.27913295910887],[149.12546684295293,-35.279137171389564],[149.1254527458161,-35.27914867955444],[149.1254475859059,-35.2791644],[149.1254527458161,-35.27918012044556],[149.12546684295293,-35.279191628610434],[149.1254861,-35.27919584089113],[149.12550535704705,-35.279191628610434],[149.1255194541839,-35.27918012044556],[149.12552461409408,-35.2791644]]]}},{"type":"Feature","id":"12864172441:top","properties":{"part":"top","base":5.5,"height":7,"osmId":12864172441},"geometry":{"type":"Polygon","coordinates":[[[149.1255125096645,-35.2791644],[149.12550897144038,-35.2791536202659],[149.12549930483226,-35.27914572895285],[149.1254861,-35.2791428405318],[149.12547289516772,-35.27914572895285],[149.1254632285596,-35.2791536202659],[149.12545969033548,-35.2791644],[149.1254632285596,-35.279175179734096],[149.12547289516772,-35.27918307104715],[149.1254861,-35.2791859594682],[149.12549930483226,-35.27918307104715],[149.12550897144038,-35.279175179734096],[149.1255125096645,-35.2791644]]]}},{"type":"Feature","id":"12864172442:trunk","properties":{"part":"trunk","base":0,"height":3,"osmId":12864172442},"geometry":{"type":"Polygon","coordinates":[[[149.1255890016045,-35.2790496],[149.12558841190133,-35.27904780337765],[149.12558680080224,-35.279046488158805],[149.1255846,-35.2790460067553],[149.12558239919775,-35.279046488158805],[149.12558078809866,-35.27904780337765],[149.12558019839548,-35.2790496],[149.12558078809866,-35.27905139662235],[149.12558239919775,-35.279052711841196],[149.1255846,-35.2790531932447],[149.12558680080224,-35.279052711841196],[149.12558841190133,-35.27905139662235],[149.1255890016045,-35.2790496]]]}},{"type":"Feature","id":"12864172442:crown","properties":{"part":"crown","base":2.5,"height":5.5,"osmId":12864172442},"geometry":{"type":"Polygon","coordinates":[[[149.12562311403948,-35.2790496],[149.1256179541366,-35.27903387955444],[149.12560385701974,-35.279022371389566],[149.1255846,-35.27901815910887],[149.12556534298025,-35.279022371389566],[149.1255512458634,-35.27903387955444],[149.1255460859605,-35.2790496],[149.1255512458634,-35.27906532044556],[149.12556534298025,-35.279076828610435],[149.1255846,-35.27908104089113],[149.12560385701974,-35.279076828610435],[149.1256179541366,-35.27906532044556],[149.12562311403948,-35.2790496]]]}},{"type":"Feature","id":"12864172442:top","properties":{"part":"top","base":5.5,"height":7,"osmId":12864172442},"geometry":{"type":"Polygon","coordinates":[[[149.12561100962708,-35.2790496],[149.12560747140796,-35.2790388202659],[149.12559780481354,-35.27903092895285],[149.1255846,-35.2790280405318],[149.12557139518645,-35.27903092895285],[149.12556172859203,-35.2790388202659],[149.1255581903729,-35.2790496],[149.12556172859203,-35.2790603797341],[149.12557139518645,-35.27906827104715],[149.1255846,-35.2790711594682],[149.12559780481354,-35.27906827104715],[149.12560747140796,-35.2790603797341],[149.12561100962708,-35.2790496]]]}},{"type":"Feature","id":"12864172549:trunk","properties":{"part":"trunk","base":0,"height":3,"osmId":12864172549},"geometry":{"type":"Polygon","coordinates":[[[149.12556250161782,-35.2792945],[149.12556191191285,-35.27929270337765],[149.12556030080893,-35.2792913881588],[149.1255581,-35.2792909067553],[149.12555589919108,-35.2792913881588],[149.12555428808716,-35.27929270337765],[149.1255536983822,-35.2792945],[149.12555428808716,-35.27929629662235],[149.12555589919108,-35.279297611841194],[149.1255581,-35.2792980932447],[149.12556030080893,-35.279297611841194],[149.12556191191285,-35.27929629662235],[149.12556250161782,-35.2792945]]]}},{"type":"Feature","id":"12864172549:crown","properties":{"part":"crown","base":2.5,"height":5.5,"osmId":12864172549},"geometry":{"type":"Polygon","coordinates":[[[149.12559661415597,-35.2792945],[149.12559145423748,-35.27927877955444],[149.125577357078,-35.279267271389564],[149.1255581,-35.27926305910887],[149.12553884292203,-35.279267271389564],[149.12552474576253,-35.27927877955444],[149.12551958584405,-35.2792945],[149.12552474576253,-35.27931022044556],[149.12553884292203,-35.279321728610434],[149.1255581,-35.27932594089113],[149.125577357078,-35.279321728610434],[149.12559145423748,-35.27931022044556],[149.12559661415597,-35.2792945]]]}},{"type":"Feature","id":"12864172549:top","properties":{"part":"top","base":5.5,"height":7,"osmId":12864172549},"geometry":{"type":"Polygon","coordinates":[[[149.12558450970695,-35.2792945],[149.12558097147712,-35.2792837202659],[149.12557130485348,-35.27927582895285],[149.1255581,-35.2792729405318],[149.12554489514653,-35.27927582895285],[149.1255352285229,-35.2792837202659],[149.12553169029306,-35.2792945],[149.1255352285229,-35.279305279734096],[149.12554489514653,-35.27931317104715],[149.1255581,-35.2793160594682],[149.12557130485348,-35.27931317104715],[149.12558097147712,-35.279305279734096],[149.12558450970695,-35.2792945]]]}},{"type":"Feature","id":"12864172626:trunk","properties":{"part":"trunk","base":0,"height":3,"osmId":12864172626},"geometry":{"type":"Polygon","coordinates":[[[149.1254294015983,-35.2789352],[149.12542881189594,-35.27893340337765],[149.12542720079915,-35.278932088158804],[149.125425,-35.2789316067553],[149.12542279920086,-35.278932088158804],[149.12542118810407,-35.27893340337765],[149.12542059840172,-35.2789352],[149.12542118810407,-35.27893699662235],[149.12542279920086,-35.278938311841195],[149.125425,-35.2789387932447],[149.12542720079915,-35.278938311841195],[149.12542881189594,-35.27893699662235],[149.1254294015983,-35.2789352]]]}},{"type":"Feature","id":"12864172626:crown","properties":{"part":"crown","base":2.5,"height":5.5,"osmId":12864172626},"geometry":{"type":"Polygon","coordinates":[[[149.1254635139851,-35.2789352],[149.1254583540895,-35.27891947955444],[149.12544425699255,-35.278907971389565],[149.125425,-35.27890375910887],[149.12540574300746,-35.278907971389565],[149.12539164591053,-35.27891947955444],[149.12538648601492,-35.2789352],[149.12539164591053,-35.27895092044556],[149.12540574300746,-35.278962428610434],[149.125425,-35.27896664089113],[149.12544425699255,-35.278962428610434],[149.1254583540895,-35.27895092044556],[149.1254635139851,-35.2789352]]]}},{"type":"Feature","id":"12864172626:top","properties":{"part":"top","base":5.5,"height":7,"osmId":12864172626},"geometry":{"type":"Polygon","coordinates":[[[149.12545140958977,-35.2789352],[149.12544787137566,-35.2789244202659],[149.1254382047949,-35.27891652895285],[149.125425,-35.2789136405318],[149.1254117952051,-35.27891652895285],[149.12540212862436,-35.2789244202659],[149.12539859041024,-35.2789352],[149.12540212862436,-35.2789459797341],[149.1254117952051,-35.27895387104715],[149.125425,-35.2789567594682],[149.1254382047949,-35.27895387104715],[149.12544787137566,-35.2789459797341],[149.12545140958977,-35.2789352]]]}},{"type":"Feature","id":"12864172627:trunk","properties":{"part":"trunk","base":0,"height":3,"osmId":12864172627},"geometry":{"type":"Polygon","coordinates":[[[149.12535060159527,-35.2788799],[149.12535001189335,-35.27887810337765],[149.12534840079763,-35.278876788158804],[149.1253462,-35.2788763067553],[149.12534399920236,-35.278876788158804],[149.12534238810665,-35.27887810337765],[149.12534179840472,-35.2788799],[149.12534238810665,-35.27888169662235],[149.12534399920236,-35.278883011841195],[149.1253462,-35.2788834932447],[149.12534840079763,-35.278883011841195],[149.12535001189335,-35.27888169662235],[149.12535060159527,-35.2788799]]]}},{"type":"Feature","id":"12864172627:crown","properties":{"part":"crown","base":2.5,"height":5.5,"osmId":12864172627},"geometry":{"type":"Polygon","coordinates":[[[149.1253847139588,-35.2788799],[149.1253795540667,-35.27886417955444],[149.12536545697938,-35.278852671389565],[149.1253462,-35.27884845910887],[149.1253269430206,-35.278852671389565],[149.12531284593328,-35.27886417955444],[149.1253076860412,-35.2788799],[149.12531284593328,-35.27889562044556],[149.1253269430206,-35.278907128610435],[149.1253462,-35.27891134089113],[149.12536545697938,-35.278907128610435],[149.1253795540667,-35.27889562044556],[149.1253847139588,-35.2788799]]]}},{"type":"Feature","id":"12864172627:top","properties":{"part":"top","base":5.5,"height":7,"osmId":12864172627},"geometry":{"type":"Polygon","coordinates":[[[149.12537260957174,-35.2788799],[149.12536907136004,-35.2788691202659],[149.12535940478585,-35.27886122895285],[149.1253462,-35.2788583405318],[149.12533299521414,-35.27886122895285],[149.12532332863995,-35.2788691202659],[149.12531979042825,-35.2788799],[149.12532332863995,-35.2788906797341],[149.12533299521414,-35.27889857104715],[149.1253462,-35.2789014594682],[149.12535940478585,-35.27889857104715],[149.12536907136004,-35.2788906797341],[149.12537260957174,-35.2788799]]]}},{"type":"Feature","id":"13808637121:trunk","properties":{"part":"trunk","base":0,"height":3,"osmId":13808637121},"geometry":{"type":"Polygon","coordinates":[[[149.12596550178714,-35.282409],[149.1259649120595,-35.28240720337765],[149.12596330089357,-35.282405888158806],[149.1259611,-35.2824054067553],[149.12595889910645,-35.282405888158806],[149.12595728794054,-35.28240720337765],[149.1259566982129,-35.282409],[149.12595728794054,-35.28241079662235],[149.12595889910645,-35.2824121118412],[149.1259611,-35.2824125932447],[149.12596330089357,-35.2824121118412],[149.1259649120595,-35.28241079662235],[149.12596550178714,-35.282409]]]}},{"type":"Feature","id":"13808637121:crown","properties":{"part":"crown","base":2.5,"height":5.5,"osmId":13808637121},"geometry":{"type":"Polygon","coordinates":[[[149.12599961563728,-35.282409],[149.12599445552033,-35.28239327955444],[149.12598035781863,-35.282381771389566],[149.1259611,-35.28237755910887],[149.1259418421814,-35.282381771389566],[149.1259277444797,-35.28239327955444],[149.12592258436274,-35.282409],[149.1259277444797,-35.28242472044556],[149.1259418421814,-35.282436228610436],[149.1259611,-35.28244044089113],[149.12598035781863,-35.282436228610436],[149.12599445552033,-35.28242472044556],[149.12599961563728,-35.282409]]]}},{"type":"Feature","id":"13808637121:top","properties":{"part":"top","base":5.5,"height":7,"osmId":13808637121},"geometry":{"type":"Polygon","coordinates":[[[149.12598751072272,-35.282409],[149.1259839723568,-35.282398220265904],[149.12597430536135,-35.28239032895285],[149.1259611,-35.2823874405318],[149.12594789463867,-35.28239032895285],[149.12593822764322,-35.282398220265904],[149.1259346892773,-35.282409],[149.12593822764322,-35.2824197797341],[149.12594789463867,-35.28242767104715],[149.1259611,-35.2824305594682],[149.12597430536135,-35.28242767104715],[149.1259839723568,-35.2824197797341],[149.12598751072272,-35.282409]]]}},{"type":"Feature","id":"13808637122:trunk","properties":{"part":"trunk","base":0,"height":3,"osmId":13808637122},"geometry":{"type":"Polygon","coordinates":[[[149.12599260179283,-35.2825141],[149.12599201206442,-35.28251230337765],[149.1259904008964,-35.282510988158805],[149.1259882,-35.2825105067553],[149.1259859991036,-35.282510988158805],[149.12598438793557,-35.28251230337765],[149.12598379820716,-35.2825141],[149.12598438793557,-35.28251589662235],[149.1259859991036,-35.282517211841196],[149.1259882,-35.2825176932447],[149.1259904008964,-35.282517211841196],[149.12599201206442,-35.28251589662235],[149.12599260179283,-35.2825141]]]}},{"type":"Feature","id":"13808637122:crown","properties":{"part":"crown","base":2.5,"height":5.5,"osmId":13808637122},"geometry":{"type":"Polygon","coordinates":[[[149.12602671568726,-35.2825141],[149.1260215555636,-35.28249837955444],[149.12600745784363,-35.282486871389565],[149.1259882,-35.28248265910887],[149.12596894215636,-35.282486871389565],[149.1259548444364,-35.28249837955444],[149.12594968431273,-35.2825141],[149.1259548444364,-35.28252982044556],[149.12596894215636,-35.282541328610435],[149.1259882,-35.28254554089113],[149.12600745784363,-35.282541328610435],[149.1260215555636,-35.28252982044556],[149.12602671568726,-35.2825141]]]}},{"type":"Feature","id":"13808637122:top","properties":{"part":"top","base":5.5,"height":7,"osmId":13808637122},"geometry":{"type":"Polygon","coordinates":[[[149.12601461075698,-35.2825141],[149.12601107238646,-35.2825033202659],[149.12600140537847,-35.28249542895285],[149.1259882,-35.2824925405318],[149.12597499462152,-35.28249542895285],[149.12596532761353,-35.2825033202659],[149.125961789243,-35.2825141],[149.12596532761353,-35.2825248797341],[149.12597499462152,-35.28253277104715],[149.1259882,-35.2825356594682],[149.12600140537847,-35.28253277104715],[149.12601107238646,-35.2825248797341],[149.12601461075698,-35.2825141]]]}},{"type":"Feature","id":"13808637123:trunk","properties":{"part":"trunk","base":0,"height":3,"osmId":13808637123},"geometry":{"type":"Polygon","coordinates":[[[149.12607670179705,-35.2825915],[149.12607611206806,-35.28258970337765],[149.1260745008985,-35.28258838815881],[149.1260723,-35.2825879067553],[149.1260700991015,-35.28258838815881],[149.12606848793195,-35.28258970337765],[149.12606789820296,-35.2825915],[149.12606848793195,-35.28259329662235],[149.1260700991015,-35.2825946118412],[149.1260723,-35.2825950932447],[149.1260745008985,-35.2825946118412],[149.12607611206806,-35.28259329662235],[149.12607670179705,-35.2825915]]]}},{"type":"Feature","id":"13808637123:crown","properties":{"part":"crown","base":2.5,"height":5.5,"osmId":13808637123},"geometry":{"type":"Polygon","coordinates":[[[149.12611081572408,-35.2825915],[149.1261056555955,-35.28257577955444],[149.12609155786205,-35.28256427138957],[149.1260723,-35.282560059108874],[149.12605304213795,-35.28256427138957],[149.1260389444045,-35.28257577955444],[149.12603378427593,-35.2825915],[149.1260389444045,-35.28260722044556],[149.12605304213795,-35.28261872861044],[149.1260723,-35.28262294089113],[149.12609155786205,-35.28261872861044],[149.1261056555955,-35.28260722044556],[149.12611081572408,-35.2825915]]]}},{"type":"Feature","id":"13808637123:top","properties":{"part":"top","base":5.5,"height":7,"osmId":13808637123},"geometry":{"type":"Polygon","coordinates":[[[149.12609871078223,-35.2825915],[149.12609517240836,-35.282580720265905],[149.1260855053911,-35.28257282895285],[149.1260723,-35.2825699405318],[149.1260590946089,-35.28257282895285],[149.12604942759165,-35.282580720265905],[149.12604588921778,-35.2825915],[149.12604942759165,-35.2826022797341],[149.1260590946089,-35.28261017104715],[149.1260723,-35.282613059468204],[149.1260855053911,-35.28261017104715],[149.12609517240836,-35.2826022797341],[149.12609871078223,-35.2825915]]]}},{"type":"Feature","id":"13808637124:trunk","properties":{"part":"trunk","base":0,"height":3,"osmId":13808637124},"geometry":{"type":"Polygon","coordinates":[[[149.1262135017935,-35.2825262],[149.126212912065,-35.28252440337765],[149.12621130089676,-35.282523088158804],[149.1262091,-35.2825226067553],[149.12620689910327,-35.282523088158804],[149.12620528793502,-35.28252440337765],[149.12620469820652,-35.2825262],[149.12620528793502,-35.28252799662235],[149.12620689910327,-35.282529311841195],[149.1262091,-35.2825297932447],[149.12621130089676,-35.282529311841195],[149.126212912065,-35.28252799662235],[149.1262135017935,-35.2825262]]]}},{"type":"Feature","id":"13808637124:crown","properties":{"part":"crown","base":2.5,"height":5.5,"osmId":13808637124},"geometry":{"type":"Polygon","coordinates":[[[149.12624761569302,-35.2825262],[149.12624245556862,-35.28251047955444],[149.12622835784651,-35.282498971389565],[149.1262091,-35.28249475910887],[149.1261898421535,-35.282498971389565],[149.1261757444314,-35.28251047955444],[149.126170584307,-35.2825262],[149.1261757444314,-35.28254192044556],[149.1261898421535,-35.282553428610434],[149.1262091,-35.28255764089113],[149.12622835784651,-35.282553428610434],[149.12624245556862,-35.28254192044556],[149.12624761569302,-35.2825262]]]}},{"type":"Feature","id":"13808637124:top","properties":{"part":"top","base":5.5,"height":7,"osmId":13808637124},"geometry":{"type":"Polygon","coordinates":[[[149.12623551076092,-35.2825262],[149.12623197238992,-35.2825154202659],[149.12622230538048,-35.28250752895285],[149.1262091,-35.2825046405318],[149.12619589461954,-35.28250752895285],[149.1261862276101,-35.2825154202659],[149.1261826892391,-35.2825262],[149.1261862276101,-35.2825369797341],[149.12619589461954,-35.28254487104715],[149.1262091,-35.2825477594682],[149.12622230538048,-35.28254487104715],[149.12623197238992,-35.2825369797341],[149.12623551076092,-35.2825262]]]}},{"type":"Feature","id":"13808637125:trunk","properties":{"part":"trunk","base":0,"height":3,"osmId":13808637125},"geometry":{"type":"Polygon","coordinates":[[[149.12619730178903,-35.2824444],[149.12619671206113,-35.28244260337765],[149.12619510089453,-35.28244128815881],[149.1261929,-35.282440806755304],[149.12619069910548,-35.28244128815881],[149.12618908793888,-35.28244260337765],[149.12618849821098,-35.2824444],[149.12618908793888,-35.28244619662235],[149.12619069910548,-35.2824475118412],[149.1261929,-35.2824479932447],[149.12619510089453,-35.2824475118412],[149.12619671206113,-35.28244619662235],[149.12619730178903,-35.2824444]]]}},{"type":"Feature","id":"13808637125:crown","properties":{"part":"crown","base":2.5,"height":5.5,"osmId":13808637125},"geometry":{"type":"Polygon","coordinates":[[[149.1262314156541,-35.2824444],[149.1262262555349,-35.28242867955444],[149.12621215782707,-35.28241717138957],[149.1261929,-35.282412959108875],[149.12617364217294,-35.28241717138957],[149.1261595444651,-35.28242867955444],[149.1261543843459,-35.2824444],[149.1261595444651,-35.28246012044556],[149.12617364217294,-35.28247162861044],[149.1261929,-35.28247584089113],[149.12621215782707,-35.28247162861044],[149.1262262555349,-35.28246012044556],[149.1262314156541,-35.2824444]]]}},{"type":"Feature","id":"13808637125:top","properties":{"part":"top","base":5.5,"height":7,"osmId":13808637125},"geometry":{"type":"Polygon","coordinates":[[[149.12621931073426,-35.2824444],[149.1262157723668,-35.282433620265905],[149.12620610536712,-35.28242572895285],[149.1261929,-35.2824228405318],[149.1261796946329,-35.28242572895285],[149.1261700276332,-35.282433620265905],[149.12616648926576,-35.2824444],[149.1261700276332,-35.2824551797341],[149.1261796946329,-35.282463071047154],[149.1261929,-35.282465959468205],[149.12620610536712,-35.282463071047154],[149.1262157723668,-35.2824551797341],[149.12621931073426,-35.2824444]]]}},{"type":"Feature","id":"13808637126:trunk","properties":{"part":"trunk","base":0,"height":3,"osmId":13808637126},"geometry":{"type":"Polygon","coordinates":[[[149.1256701017561,-35.2818382],[149.1256695120326,-35.28183640337765],[149.12566790087806,-35.28183508815881],[149.1256657,-35.281834606755304],[149.12566349912197,-35.28183508815881],[149.12566188796742,-35.28183640337765],[149.12566129824393,-35.2818382],[149.12566188796742,-35.28183999662235],[149.12566349912197,-35.2818413118412],[149.1256657,-35.2818417932447],[149.12566790087806,-35.2818413118412],[149.1256695120326,-35.28183999662235],[149.1256701017561,-35.2818382]]]}},{"type":"Feature","id":"13808637126:crown","properties":{"part":"crown","base":2.5,"height":5.5,"osmId":13808637126},"geometry":{"type":"Polygon","coordinates":[[[149.12570421536577,-35.2818382],[149.1256990552852,-35.28182247955444],[149.1256849576829,-35.28181097138957],[149.1256657,-35.281806759108875],[149.12564644231713,-35.28181097138957],[149.12563234471483,-35.28182247955444],[149.12562718463425,-35.2818382],[149.12563234471483,-35.28185392044556],[149.12564644231713,-35.28186542861044],[149.1256657,-35.28186964089113],[149.1256849576829,-35.28186542861044],[149.1256990552852,-35.28185392044556],[149.12570421536577,-35.2818382]]]}},{"type":"Feature","id":"13808637126:top","properties":{"part":"top","base":5.5,"height":7,"osmId":13808637126},"geometry":{"type":"Polygon","coordinates":[[[149.12569211053653,-35.2818382],[149.12568857219557,-35.281827420265905],[149.12567890526827,-35.28181952895285],[149.1256657,-35.2818166405318],[149.12565249473175,-35.28181952895285],[149.12564282780446,-35.281827420265905],[149.1256392894635,-35.2818382],[149.12564282780446,-35.2818489797341],[149.12565249473175,-35.281856871047154],[149.1256657,-35.281859759468205],[149.12567890526827,-35.281856871047154],[149.12568857219557,-35.2818489797341],[149.12569211053653,-35.2818382]]]}},{"type":"Feature","id":"13808637127:trunk","properties":{"part":"trunk","base":0,"height":3,"osmId":13808637127},"geometry":{"type":"Polygon","coordinates":[[[149.1257729017664,-35.2820281],[149.12577231204153,-35.28202630337765],[149.1257707008832,-35.2820249881588],[149.1257685,-35.2820245067553],[149.12576629911678,-35.2820249881588],[149.12576468795845,-35.28202630337765],[149.1257640982336,-35.2820281],[149.12576468795845,-35.28202989662235],[149.12576629911678,-35.28203121184119],[149.1257685,-35.2820316932447],[149.1257707008832,-35.28203121184119],[149.12577231204153,-35.28202989662235],[149.1257729017664,-35.2820281]]]}},{"type":"Feature","id":"13808637127:crown","properties":{"part":"crown","base":2.5,"height":5.5,"osmId":13808637127},"geometry":{"type":"Polygon","coordinates":[[[149.12580701545608,-35.2820281],[149.12580185536342,-35.28201237955444],[149.12578775772803,-35.28200087138956],[149.1257685,-35.28199665910887],[149.12574924227195,-35.28200087138956],[149.12573514463656,-35.28201237955444],[149.1257299845439,-35.2820281],[149.12573514463656,-35.28204382044556],[149.12574924227195,-35.28205532861043],[149.1257685,-35.282059540891126],[149.12578775772803,-35.28205532861043],[149.12580185536342,-35.28204382044556],[149.12580701545608,-35.2820281]]]}},{"type":"Feature","id":"13808637127:top","properties":{"part":"top","base":5.5,"height":7,"osmId":13808637127},"geometry":{"type":"Polygon","coordinates":[[[149.12579491059844,-35.2820281],[149.12579137224918,-35.2820173202659],[149.12578170529923,-35.28200942895285],[149.1257685,-35.282006540531796],[149.12575529470075,-35.28200942895285],[149.1257456277508,-35.2820173202659],[149.12574208940154,-35.2820281],[149.1257456277508,-35.282038879734095],[149.12575529470075,-35.28204677104715],[149.1257685,-35.2820496594682],[149.12578170529923,-35.28204677104715],[149.12579137224918,-35.282038879734095],[149.12579491059844,-35.2820281]]]}},{"type":"Feature","id":"14014486175:trunk","properties":{"part":"trunk","base":0,"height":3,"osmId":14014486175},"geometry":{"type":"Polygon","coordinates":[[[149.1258984020472,-35.2871929],[149.1258978122847,-35.28719110337765],[149.12589620102358,-35.287189788158805],[149.125894,-35.2871893067553],[149.1258917989764,-35.287189788158805],[149.12589018771527,-35.28719110337765],[149.12588959795278,-35.2871929],[149.12589018771527,-35.28719469662235],[149.1258917989764,-35.287196011841196],[149.125894,-35.2871964932447],[149.12589620102358,-35.287196011841196],[149.1258978122847,-35.28719469662235],[149.1258984020472,-35.2871929]]]}},{"type":"Feature","id":"14014486175:crown","properties":{"part":"crown","base":2.5,"height":5.5,"osmId":14014486175},"geometry":{"type":"Polygon","coordinates":[[[149.125932517913,-35.2871929],[149.12592735749115,-35.28717717955444],[149.1259132589565,-35.287165671389566],[149.125894,-35.28716145910887],[149.12587474104348,-35.287165671389566],[149.12586064250883,-35.28717717955444],[149.125855482087,-35.2871929],[149.12586064250883,-35.28720862044556],[149.12587474104348,-35.287220128610436],[149.125894,-35.28722434089113],[149.1259132589565,-35.287220128610436],[149.12592735749115,-35.28720862044556],[149.125932517913,-35.2871929]]]}},{"type":"Feature","id":"14014486175:top","properties":{"part":"top","base":5.5,"height":7,"osmId":14014486175},"geometry":{"type":"Polygon","coordinates":[[[149.1259204122832,-35.2871929],[149.1259168737082,-35.2871821202659],[149.1259072061416,-35.28717422895285],[149.125894,-35.2871713405318],[149.12588079385839,-35.28717422895285],[149.12587112629177,-35.2871821202659],[149.12586758771678,-35.2871929],[149.12587112629177,-35.2872036797341],[149.12588079385839,-35.28721157104715],[149.125894,-35.2872144594682],[149.1259072061416,-35.28721157104715],[149.1259168737082,-35.2872036797341],[149.1259204122832,-35.2871929]]]}},{"type":"Feature","id":"14014486176:trunk","properties":{"part":"trunk","base":0,"height":3,"osmId":14014486176},"geometry":{"type":"Polygon","coordinates":[[[149.125978602047,-35.2871896],[149.12597801228455,-35.28718780337765],[149.1259764010235,-35.2871864881588],[149.1259742,-35.2871860067553],[149.1259719989765,-35.2871864881588],[149.12597038771545,-35.28718780337765],[149.125969797953,-35.2871896],[149.12597038771545,-35.28719139662235],[149.1259719989765,-35.28719271184119],[149.1259742,-35.2871931932447],[149.1259764010235,-35.28719271184119],[149.12597801228455,-35.28719139662235],[149.125978602047,-35.2871896]]]}},{"type":"Feature","id":"14014486176:crown","properties":{"part":"crown","base":2.5,"height":5.5,"osmId":14014486176},"geometry":{"type":"Polygon","coordinates":[[[149.12601271791144,-35.2871896],[149.1260075574898,-35.28717387955444],[149.12599345895572,-35.28716237138956],[149.1259742,-35.28715815910887],[149.12595494104428,-35.28716237138956],[149.1259408425102,-35.28717387955444],[149.12593568208857,-35.2871896],[149.1259408425102,-35.28720532044556],[149.12595494104428,-35.28721682861043],[149.1259742,-35.287221040891126],[149.12599345895572,-35.28721682861043],[149.1260075574898,-35.28720532044556],[149.12601271791144,-35.2871896]]]}},{"type":"Feature","id":"14014486176:top","properties":{"part":"top","base":5.5,"height":7,"osmId":14014486176},"geometry":{"type":"Polygon","coordinates":[[[149.12600061228213,-35.2871896],[149.1259970737073,-35.2871788202659],[149.12598740614106,-35.28717092895285],[149.1259742,-35.287168040531796],[149.12596099385894,-35.28717092895285],[149.1259513262927,-35.2871788202659],[149.12594778771788,-35.2871896],[149.1259513262927,-35.287200379734095],[149.12596099385894,-35.28720827104715],[149.1259742,-35.2872111594682],[149.12598740614106,-35.28720827104715],[149.1259970737073,-35.287200379734095],[149.12600061228213,-35.2871896]]]}},{"type":"Feature","id":"14014486177:trunk","properties":{"part":"trunk","base":0,"height":3,"osmId":14014486177},"geometry":{"type":"Polygon","coordinates":[[[149.12590080203944,-35.2870504],[149.12590021227797,-35.28704860337765],[149.1258986010197,-35.2870472881588],[149.1258964,-35.2870468067553],[149.12589419898026,-35.2870472881588],[149.125892587722,-35.28704860337765],[149.12589199796054,-35.2870504],[149.125892587722,-35.28705219662235],[149.12589419898026,-35.287053511841194],[149.1258964,-35.2870539932447],[149.1258986010197,-35.287053511841194],[149.12590021227797,-35.28705219662235],[149.12590080203944,-35.2870504]]]}},{"type":"Feature","id":"14014486177:crown","properties":{"part":"crown","base":2.5,"height":5.5,"osmId":14014486177},"geometry":{"type":"Polygon","coordinates":[[[149.1259349178452,-35.2870504],[149.12592975743243,-35.28703467955444],[149.1259156589226,-35.28702317138956],[149.1258964,-35.28701895910887],[149.12587714107738,-35.28702317138956],[149.12586304256754,-35.28703467955444],[149.12585788215478,-35.2870504],[149.12586304256754,-35.28706612044556],[149.12587714107738,-35.28707762861043],[149.1258964,-35.287081840891126],[149.1259156589226,-35.28707762861043],[149.12592975743243,-35.28706612044556],[149.1259349178452,-35.2870504]]]}},{"type":"Feature","id":"14014486177:top","properties":{"part":"top","base":5.5,"height":7,"osmId":14014486177},"geometry":{"type":"Polygon","coordinates":[[[149.1259228122367,-35.2870504],[149.12591927366796,-35.2870396202659],[149.12590960611834,-35.28703172895285],[149.1258964,-35.2870288405318],[149.12588319388163,-35.28703172895285],[149.12587352633201,-35.2870396202659],[149.12586998776328,-35.2870504],[149.12587352633201,-35.287061179734096],[149.12588319388163,-35.28706907104715],[149.1258964,-35.2870719594682],[149.12590960611834,-35.28706907104715],[149.12591927366796,-35.287061179734096],[149.1259228122367,-35.2870504]]]}},{"type":"Feature","id":"14014486178:trunk","properties":{"part":"trunk","base":0,"height":3,"osmId":14014486178},"geometry":{"type":"Polygon","coordinates":[[[149.12599930203908,-35.2870437],[149.12599871227766,-35.28704190337765],[149.12599710101955,-35.2870405881588],[149.1259949,-35.2870401067553],[149.12599269898044,-35.2870405881588],[149.12599108772233,-35.28704190337765],[149.1259904979609,-35.2870437],[149.12599108772233,-35.28704549662235],[149.12599269898044,-35.28704681184119],[149.1259949,-35.2870472932447],[149.12599710101955,-35.28704681184119],[149.12599871227766,-35.28704549662235],[149.12599930203908,-35.2870437]]]}},{"type":"Feature","id":"14014486178:crown","properties":{"part":"crown","base":2.5,"height":5.5,"osmId":14014486178},"geometry":{"type":"Polygon","coordinates":[[[149.12603341784202,-35.2870437],[149.12602825742968,-35.28702797955444],[149.126014158921,-35.28701647138956],[149.1259949,-35.28701225910887],[149.12597564107898,-35.28701647138956],[149.1259615425703,-35.28702797955444],[149.12595638215797,-35.2870437],[149.1259615425703,-35.28705942044556],[149.12597564107898,-35.28707092861043],[149.1259949,-35.287075140891126],[149.126014158921,-35.28707092861043],[149.12602825742968,-35.28705942044556],[149.12603341784202,-35.2870437]]]}},{"type":"Feature","id":"14014486178:top","properties":{"part":"top","base":5.5,"height":7,"osmId":14014486178},"geometry":{"type":"Polygon","coordinates":[[[149.1260213122345,-35.2870437],[149.12601777366606,-35.2870329202659],[149.12600810611727,-35.28702502895285],[149.1259949,-35.287022140531796],[149.12598169388272,-35.28702502895285],[149.12597202633393,-35.2870329202659],[149.12596848776548,-35.2870437],[149.12597202633393,-35.287054479734095],[149.12598169388272,-35.28706237104715],[149.1259949,-35.2870652594682],[149.12600810611727,-35.28706237104715],[149.12601777366606,-35.287054479734095],[149.1260213122345,-35.2870437]]]}},{"type":"Feature","id":"14014486179:trunk","properties":{"part":"trunk","base":0,"height":3,"osmId":14014486179},"geometry":{"type":"Polygon","coordinates":[[[149.12608420204083,-35.2870755],[149.1260836122792,-35.28707370337765],[149.12608200102042,-35.287072388158805],[149.1260798,-35.2870719067553],[149.1260775989796,-35.287072388158805],[149.12607598772084,-35.28707370337765],[149.1260753979592,-35.2870755],[149.12607598772084,-35.28707729662235],[149.1260775989796,-35.287078611841196],[149.1260798,-35.2870790932447],[149.12608200102042,-35.287078611841196],[149.1260836122792,-35.28707729662235],[149.12608420204083,-35.2870755]]]}},{"type":"Feature","id":"14014486179:crown","properties":{"part":"crown","base":2.5,"height":5.5,"osmId":14014486179},"geometry":{"type":"Polygon","coordinates":[[[149.12611831785716,-35.2870755],[149.1261131574428,-35.28705977955444],[149.1260990589286,-35.287048271389565],[149.1260798,-35.28704405910887],[149.12606054107144,-35.287048271389565],[149.12604644255723,-35.28705977955444],[149.12604128214286,-35.2870755],[149.12604644255723,-35.28709122044556],[149.12606054107144,-35.287102728610435],[149.1260798,-35.28710694089113],[149.1260990589286,-35.287102728610435],[149.1261131574428,-35.28709122044556],[149.12611831785716,-35.2870755]]]}},{"type":"Feature","id":"14014486179:top","properties":{"part":"top","base":5.5,"height":7,"osmId":14014486179},"geometry":{"type":"Polygon","coordinates":[[[149.1261062122449,-35.2870755],[149.12610267367506,-35.2870647202659],[149.12609300612246,-35.28705682895285],[149.1260798,-35.2870539405318],[149.12606659387757,-35.28705682895285],[149.12605692632496,-35.2870647202659],[149.12605338775512,-35.2870755],[149.12605692632496,-35.2870862797341],[149.12606659387757,-35.28709417104715],[149.1260798,-35.2870970594682],[149.12609300612246,-35.28709417104715],[149.12610267367506,-35.2870862797341],[149.1261062122449,-35.2870755]]]}},{"type":"Feature","id":"14014486180:trunk","properties":{"part":"trunk","base":0,"height":3,"osmId":14014486180},"geometry":{"type":"Polygon","coordinates":[[[149.1257008020312,-35.2868983],[149.12570021227083,-35.28689650337765],[149.1256986010156,-35.2868951881588],[149.1256964,-35.2868947067553],[149.1256941989844,-35.2868951881588],[149.1256925877292,-35.28689650337765],[149.12569199796883,-35.2868983],[149.1256925877292,-35.28690009662235],[149.1256941989844,-35.28690141184119],[149.1256964,-35.286901893244696],[149.1256986010156,-35.28690141184119],[149.12570021227083,-35.28690009662235],[149.1257008020312,-35.2868983]]]}},{"type":"Feature","id":"14014486180:crown","properties":{"part":"crown","base":2.5,"height":5.5,"osmId":14014486180},"geometry":{"type":"Polygon","coordinates":[[[149.12573491777286,-35.2868983],[149.12572975736978,-35.28688257955444],[149.12571565888643,-35.28687107138956],[149.1256964,-35.28686685910887],[149.12567714111358,-35.28687107138956],[149.12566304263024,-35.28688257955444],[149.12565788222716,-35.2868983],[149.12566304263024,-35.28691402044556],[149.12567714111358,-35.28692552861043],[149.1256964,-35.286929740891125],[149.12571565888643,-35.28692552861043],[149.12572975736978,-35.28691402044556],[149.12573491777286,-35.2868983]]]}},{"type":"Feature","id":"14014486180:top","properties":{"part":"top","base":5.5,"height":7,"osmId":14014486180},"geometry":{"type":"Polygon","coordinates":[[[149.1257228121871,-35.2868983],[149.125719273625,-35.2868875202659],[149.12570960609355,-35.286879628952846],[149.1256964,-35.286876740531795],[149.12568319390647,-35.286879628952846],[149.125673526375,-35.2868875202659],[149.12566998781293,-35.2868983],[149.125673526375,-35.286909079734095],[149.12568319390647,-35.28691697104715],[149.1256964,-35.2869198594682],[149.12570960609355,-35.28691697104715],[149.125719273625,-35.286909079734095],[149.1257228121871,-35.2868983]]]}},{"type":"Feature","id":"14014486181:trunk","properties":{"part":"trunk","base":0,"height":3,"osmId":14014486181},"geometry":{"type":"Polygon","coordinates":[[[149.12595620203507,-35.28697],[149.1259556122742,-35.28696820337765],[149.12595400101753,-35.2869668881588],[149.1259518,-35.2869664067553],[149.12594959898246,-35.2869668881588],[149.1259479877258,-35.28696820337765],[149.12594739796492,-35.28697],[149.1259479877258,-35.286971796622346],[149.12594959898246,-35.28697311184119],[149.1259518,-35.286973593244696],[149.12595400101753,-35.28697311184119],[149.1259556122742,-35.286971796622346],[149.12595620203507,-35.28697]]]}},{"type":"Feature","id":"14014486181:crown","properties":{"part":"crown","base":2.5,"height":5.5,"osmId":14014486181},"geometry":{"type":"Polygon","coordinates":[[[149.12599031780695,-35.28697],[149.12598515739933,-35.286954279554436],[149.12597105890347,-35.28694277138956],[149.1259518,-35.28693855910887],[149.12593254109652,-35.28694277138956],[149.12591844260066,-35.286954279554436],[149.12591328219304,-35.28697],[149.12591844260066,-35.28698572044556],[149.12593254109652,-35.28699722861043],[149.1259518,-35.287001440891125],[149.12597105890347,-35.28699722861043],[149.12598515739933,-35.28698572044556],[149.12599031780695,-35.28697]]]}},{"type":"Feature","id":"14014486181:top","properties":{"part":"top","base":5.5,"height":7,"osmId":14014486181},"geometry":{"type":"Polygon","coordinates":[[[149.12597821221047,-35.28697],[149.12597467364526,-35.2869592202659],[149.12596500610525,-35.286951328952846],[149.1259518,-35.286948440531795],[149.12593859389474,-35.286951328952846],[149.12592892635473,-35.2869592202659],[149.12592538778952,-35.28697],[149.12592892635473,-35.286980779734094],[149.12593859389474,-35.28698867104715],[149.1259518,-35.2869915594682],[149.12596500610525,-35.28698867104715],[149.12597467364526,-35.286980779734094],[149.12597821221047,-35.28697]]]}},{"type":"Feature","id":"14014486182:trunk","properties":{"part":"trunk","base":0,"height":3,"osmId":14014486182},"geometry":{"type":"Polygon","coordinates":[[[149.12601760202975,-35.2868723],[149.12601701226959,-35.28687050337765],[149.12601540101488,-35.2868691881588],[149.1260132,-35.2868687067553],[149.1260109989851,-35.2868691881588],[149.1260093877304,-35.28687050337765],[149.12600879797023,-35.2868723],[149.1260093877304,-35.28687409662235],[149.1260109989851,-35.286875411841194],[149.1260132,-35.2868758932447],[149.12601540101488,-35.286875411841194],[149.12601701226959,-35.28687409662235],[149.12601760202975,-35.2868723]]]}},{"type":"Feature","id":"14014486182:crown","properties":{"part":"crown","base":2.5,"height":5.5,"osmId":14014486182},"geometry":{"type":"Polygon","coordinates":[[[149.12605171776048,-35.2868723],[149.12604655735905,-35.28685657955444],[149.12603245888022,-35.286845071389564],[149.1260132,-35.28684085910887],[149.12599394111976,-35.286845071389564],[149.12597984264093,-35.28685657955444],[149.1259746822395,-35.2868723],[149.12597984264093,-35.28688802044556],[149.12599394111976,-35.286899528610434],[149.1260132,-35.28690374089113],[149.12603245888022,-35.286899528610434],[149.12604655735905,-35.28688802044556],[149.12605171776048,-35.2868723]]]}},{"type":"Feature","id":"14014486182:top","properties":{"part":"top","base":5.5,"height":7,"osmId":14014486182},"geometry":{"type":"Polygon","coordinates":[[[149.1260396121786,-35.2868723],[149.12603607361763,-35.2868615202659],[149.1260264060893,-35.28685362895285],[149.1260132,-35.2868507405318],[149.12599999391068,-35.28685362895285],[149.12599032638235,-35.2868615202659],[149.12598678782138,-35.2868723],[149.12599032638235,-35.286883079734096],[149.12599999391068,-35.28689097104715],[149.1260132,-35.2868938594682],[149.1260264060893,-35.28689097104715],[149.12603607361763,-35.286883079734096],[149.1260396121786,-35.2868723]]]}},{"type":"Feature","id":"14014486183:trunk","properties":{"part":"trunk","base":0,"height":3,"osmId":14014486183},"geometry":{"type":"Polygon","coordinates":[[[149.12556040201983,-35.2866898],[149.125559812261,-35.28668800337765],[149.1255582010099,-35.2866866881588],[149.125556,-35.2866862067553],[149.12555379899007,-35.2866866881588],[149.12555218773898,-35.28668800337765],[149.12555159798015,-35.2866898],[149.12555218773898,-35.28669159662235],[149.12555379899007,-35.28669291184119],[149.125556,-35.2866933932447],[149.1255582010099,-35.28669291184119],[149.125559812261,-35.28669159662235],[149.12556040201983,-35.2866898]]]}},{"type":"Feature","id":"14014486183:crown","properties":{"part":"crown","base":2.5,"height":5.5,"osmId":14014486183},"geometry":{"type":"Polygon","coordinates":[[[149.12559451767365,-35.2866898],[149.12558935728387,-35.28667407955444],[149.12557525883682,-35.28666257138956],[149.125556,-35.28665835910887],[149.12553674116316,-35.28666257138956],[149.1255226427161,-35.28667407955444],[149.12551748232633,-35.2866898],[149.1255226427161,-35.28670552044556],[149.12553674116316,-35.28671702861043],[149.125556,-35.286721240891126],[149.12557525883682,-35.28671702861043],[149.12558935728387,-35.28670552044556],[149.12559451767365,-35.2866898]]]}},{"type":"Feature","id":"14014486183:top","properties":{"part":"top","base":5.5,"height":7,"osmId":14014486183},"geometry":{"type":"Polygon","coordinates":[[[149.12558241211906,-35.2866898],[149.12557887356607,-35.2866790202659],[149.12556920605954,-35.28667112895285],[149.125556,-35.286668240531796],[149.12554279394044,-35.28667112895285],[149.1255331264339,-35.2866790202659],[149.12552958788092,-35.2866898],[149.1255331264339,-35.286700579734095],[149.12554279394044,-35.28670847104715],[149.125556,-35.2867113594682],[149.12556920605954,-35.28670847104715],[149.12557887356607,-35.286700579734095],[149.12558241211906,-35.2866898]]]}},{"type":"Feature","id":"14014486184:trunk","properties":{"part":"trunk","base":0,"height":3,"osmId":14014486184},"geometry":{"type":"Polygon","coordinates":[[[149.12581700202168,-35.2867235],[149.1258164122626,-35.28672170337765],[149.12581480101082,-35.286720388158805],[149.1258126,-35.2867199067553],[149.12581039898916,-35.286720388158805],[149.12580878773738,-35.28672170337765],[149.1258081979783,-35.2867235],[149.12580878773738,-35.28672529662235],[149.12581039898916,-35.286726611841196],[149.1258126,-35.2867270932447],[149.12581480101082,-35.286726611841196],[149.1258164122626,-35.28672529662235],[149.12581700202168,-35.2867235]]]}},{"type":"Feature","id":"14014486184:crown","properties":{"part":"crown","base":2.5,"height":5.5,"osmId":14014486184},"geometry":{"type":"Polygon","coordinates":[[[149.12585111768968,-35.2867235],[149.12584595729774,-35.28670777955444],[149.12583185884483,-35.286696271389566],[149.1258126,-35.28669205910887],[149.12579334115514,-35.286696271389566],[149.12577924270224,-35.28670777955444],[149.1257740823103,-35.2867235],[149.12577924270224,-35.28673922044556],[149.12579334115514,-35.286750728610436],[149.1258126,-35.28675494089113],[149.12583185884483,-35.286750728610436],[149.12584595729774,-35.28673922044556],[149.12585111768968,-35.2867235]]]}},{"type":"Feature","id":"14014486184:top","properties":{"part":"top","base":5.5,"height":7,"osmId":14014486184},"geometry":{"type":"Polygon","coordinates":[[[149.12583901213006,-35.2867235],[149.1258354735756,-35.2867127202659],[149.12582580606502,-35.28670482895285],[149.1258126,-35.2867019405318],[149.12579939393495,-35.28670482895285],[149.1257897264244,-35.2867127202659],[149.12578618786992,-35.2867235],[149.1257897264244,-35.2867342797341],[149.12579939393495,-35.28674217104715],[149.1258126,-35.2867450594682],[149.12582580606502,-35.28674217104715],[149.1258354735756,-35.2867342797341],[149.12583901213006,-35.2867235]]]}},{"type":"Feature","id":"14014486185:trunk","properties":{"part":"trunk","base":0,"height":3,"osmId":14014486185},"geometry":{"type":"Polygon","coordinates":[[[149.12576390201625,-35.2866238],[149.1257633122579,-35.28662200337765],[149.12576170100812,-35.286620688158806],[149.1257595,-35.2866202067553],[149.12575729899186,-35.286620688158806],[149.12575568774207,-35.28662200337765],[149.12575509798373,-35.2866238],[149.12575568774207,-35.28662559662235],[149.12575729899186,-35.286626911841196],[149.1257595,-35.2866273932447],[149.12576170100812,-35.286626911841196],[149.1257633122579,-35.28662559662235],[149.12576390201625,-35.2866238]]]}},{"type":"Feature","id":"14014486185:crown","properties":{"part":"crown","base":2.5,"height":5.5,"osmId":14014486185},"geometry":{"type":"Polygon","coordinates":[[[149.12579801764224,-35.2866238],[149.12579285725667,-35.28660807955444],[149.12577875882113,-35.286596571389566],[149.1257595,-35.28659235910887],[149.12574024117885,-35.286596571389566],[149.1257261427433,-35.28660807955444],[149.12572098235773,-35.2866238],[149.1257261427433,-35.28663952044556],[149.12574024117885,-35.286651028610436],[149.1257595,-35.28665524089113],[149.12577875882113,-35.286651028610436],[149.12579285725667,-35.28663952044556],[149.12579801764224,-35.2866238]]]}},{"type":"Feature","id":"14014486185:top","properties":{"part":"top","base":5.5,"height":7,"osmId":14014486185},"geometry":{"type":"Polygon","coordinates":[[[149.12578591209754,-35.2866238],[149.12578237354742,-35.286613020265904],[149.12577270604876,-35.28660512895285],[149.1257595,-35.2866022405318],[149.1257462939512,-35.28660512895285],[149.12573662645255,-35.286613020265904],[149.12573308790243,-35.2866238],[149.12573662645255,-35.2866345797341],[149.1257462939512,-35.28664247104715],[149.1257595,-35.2866453594682],[149.12577270604876,-35.28664247104715],[149.12578237354742,-35.2866345797341],[149.12578591209754,-35.2866238]]]}},{"type":"Feature","id":"14014486186:trunk","properties":{"part":"trunk","base":0,"height":3,"osmId":14014486186},"geometry":{"type":"Polygon","coordinates":[[[149.12602940202035,-35.2866989],[149.12602881226144,-35.28669710337765],[149.12602720101017,-35.2866957881588],[149.126025,-35.2866953067553],[149.12602279898982,-35.2866957881588],[149.12602118773856,-35.28669710337765],[149.12602059797965,-35.2866989],[149.12602118773856,-35.28670069662235],[149.12602279898982,-35.28670201184119],[149.126025,-35.2867024932447],[149.12602720101017,-35.28670201184119],[149.12602881226144,-35.28670069662235],[149.12602940202035,-35.2866989]]]}},{"type":"Feature","id":"14014486186:crown","properties":{"part":"crown","base":2.5,"height":5.5,"osmId":14014486186},"geometry":{"type":"Polygon","coordinates":[[[149.12606351767798,-35.2866989],[149.12605835728763,-35.28668317955444],[149.126044258839,-35.28667167138956],[149.126025,-35.28666745910887],[149.126005741161,-35.28667167138956],[149.12599164271236,-35.28668317955444],[149.12598648232202,-35.2866989],[149.12599164271236,-35.28671462044556],[149.126005741161,-35.28672612861043],[149.126025,-35.286730340891125],[149.126044258839,-35.28672612861043],[149.12605835728763,-35.28671462044556],[149.12606351767798,-35.2866989]]]}},{"type":"Feature","id":"14014486186:top","properties":{"part":"top","base":5.5,"height":7,"osmId":14014486186},"geometry":{"type":"Polygon","coordinates":[[[149.12605141212205,-35.2866989],[149.12604787356867,-35.2866881202659],[149.12603820606103,-35.28668022895285],[149.126025,-35.286677340531796],[149.12601179393897,-35.28668022895285],[149.12600212643133,-35.2866881202659],[149.12599858787794,-35.2866989],[149.12600212643133,-35.286709679734095],[149.12601179393897,-35.28671757104715],[149.126025,-35.2867204594682],[149.12603820606103,-35.28671757104715],[149.12604787356867,-35.286709679734095],[149.12605141212205,-35.2866989]]]}},{"type":"Feature","id":"14014486187:trunk","properties":{"part":"trunk","base":0,"height":3,"osmId":14014486187},"geometry":{"type":"Polygon","coordinates":[[[149.12625470201715,-35.2866402],[149.1262541122587,-35.28663840337765],[149.1262525010086,-35.286637088158805],[149.1262503,-35.2866366067553],[149.12624809899143,-35.286637088158805],[149.12624648774133,-35.28663840337765],[149.12624589798287,-35.2866402],[149.12624648774133,-35.28664199662235],[149.12624809899143,-35.286643311841196],[149.1262503,-35.2866437932447],[149.1262525010086,-35.286643311841196],[149.1262541122587,-35.28664199662235],[149.12625470201715,-35.2866402]]]}},{"type":"Feature","id":"14014486187:crown","properties":{"part":"crown","base":2.5,"height":5.5,"osmId":14014486187},"geometry":{"type":"Polygon","coordinates":[[[149.12628881765008,-35.2866402],[149.12628365726346,-35.28662447955444],[149.12626955882504,-35.286612971389566],[149.1262503,-35.28660875910887],[149.12623104117498,-35.286612971389566],[149.12621694273656,-35.28662447955444],[149.12621178234994,-35.2866402],[149.12621694273656,-35.28665592044556],[149.12623104117498,-35.286667428610436],[149.1262503,-35.28667164089113],[149.12626955882504,-35.286667428610436],[149.12628365726346,-35.28665592044556],[149.12628881765008,-35.2866402]]]}},{"type":"Feature","id":"14014486187:top","properties":{"part":"top","base":5.5,"height":7,"osmId":14014486187},"geometry":{"type":"Polygon","coordinates":[[[149.1262767121029,-35.2866402],[149.12627317355208,-35.2866294202659],[149.12626350605146,-35.28662152895285],[149.1262503,-35.2866186405318],[149.12623709394856,-35.28662152895285],[149.12622742644794,-35.2866294202659],[149.1262238878971,-35.2866402],[149.12622742644794,-35.2866509797341],[149.12623709394856,-35.28665887104715],[149.1262503,-35.2866617594682],[149.12626350605146,-35.28665887104715],[149.12627317355208,-35.2866509797341],[149.1262767121029,-35.2866402]]]}},{"type":"Feature","id":"14014486188:trunk","properties":{"part":"trunk","base":0,"height":3,"osmId":14014486188},"geometry":{"type":"Polygon","coordinates":[[[149.12629770202102,-35.2867119],[149.12629711226205,-35.28671010337765],[149.1262955010105,-35.286708788158805],[149.1262933,-35.2867083067553],[149.12629109898947,-35.286708788158805],[149.12628948773792,-35.28671010337765],[149.12628889797895,-35.2867119],[149.12628948773792,-35.28671369662235],[149.12629109898947,-35.286715011841196],[149.1262933,-35.2867154932447],[149.1262955010105,-35.286715011841196],[149.12629711226205,-35.28671369662235],[149.12629770202102,-35.2867119]]]}},{"type":"Feature","id":"14014486188:crown","properties":{"part":"crown","base":2.5,"height":5.5,"osmId":14014486188},"geometry":{"type":"Polygon","coordinates":[[[149.12633181768416,-35.2867119],[149.12632665729296,-35.28669617955444],[149.12631255884207,-35.286684671389565],[149.1262933,-35.28668045910887],[149.1262740411579,-35.286684671389565],[149.126259942707,-35.28669617955444],[149.1262547823158,-35.2867119],[149.126259942707,-35.28672762044556],[149.1262740411579,-35.286739128610435],[149.1262933,-35.28674334089113],[149.12631255884207,-35.286739128610435],[149.12632665729296,-35.28672762044556],[149.12633181768416,-35.2867119]]]}},{"type":"Feature","id":"14014486188:top","properties":{"part":"top","base":5.5,"height":7,"osmId":14014486188},"geometry":{"type":"Polygon","coordinates":[[[149.12631971212627,-35.2867119],[149.12631617357232,-35.2867011202659],[149.12630650606312,-35.28669322895285],[149.1262933,-35.2866903405318],[149.12628009393686,-35.28669322895285],[149.12627042642765,-35.2867011202659],[149.1262668878737,-35.2867119],[149.12627042642765,-35.2867226797341],[149.12628009393686,-35.28673057104715],[149.1262933,-35.2867334594682],[149.12630650606312,-35.28673057104715],[149.12631617357232,-35.2867226797341],[149.12631971212627,-35.2867119]]]}},{"type":"Feature","id":"14014486189:trunk","properties":{"part":"trunk","base":0,"height":3,"osmId":14014486189},"geometry":{"type":"Polygon","coordinates":[[[149.12610550202857,-35.2868501],[149.12610491226857,-35.28684830337765],[149.12610330101427,-35.28684698815881],[149.1261011,-35.2868465067553],[149.12609889898573,-35.28684698815881],[149.12609728773143,-35.28684830337765],[149.12609669797143,-35.2868501],[149.12609728773143,-35.28685189662235],[149.12609889898573,-35.2868532118412],[149.1261011,-35.2868536932447],[149.12610330101427,-35.2868532118412],[149.12610491226857,-35.28685189662235],[149.12610550202857,-35.2868501]]]}},{"type":"Feature","id":"14014486189:crown","properties":{"part":"crown","base":2.5,"height":5.5,"osmId":14014486189},"geometry":{"type":"Polygon","coordinates":[[[149.1261396177499,-35.2868501],[149.12613445734993,-35.28683437955444],[149.12612035887497,-35.28682287138957],[149.1261011,-35.286818659108874],[149.12608184112503,-35.28682287138957],[149.12606774265006,-35.28683437955444],[149.12606258225009,-35.2868501],[149.12606774265006,-35.28686582044556],[149.12608184112503,-35.28687732861044],[149.1261011,-35.28688154089113],[149.12612035887497,-35.28687732861044],[149.12613445734993,-35.28686582044556],[149.1261396177499,-35.2868501]]]}},{"type":"Feature","id":"14014486189:top","properties":{"part":"top","base":5.5,"height":7,"osmId":14014486189},"geometry":{"type":"Polygon","coordinates":[[[149.12612751217137,-35.2868501],[149.12612397361139,-35.286839320265905],[149.1261143060857,-35.28683142895285],[149.1261011,-35.2868285405318],[149.1260878939143,-35.28683142895285],[149.12607822638861,-35.286839320265905],[149.12607468782863,-35.2868501],[149.12607822638861,-35.2868608797341],[149.1260878939143,-35.28686877104715],[149.1261011,-35.286871659468204],[149.1261143060857,-35.28686877104715],[149.12612397361139,-35.2868608797341],[149.12612751217137,-35.2868501]]]}},{"type":"Feature","id":"14014486190:trunk","properties":{"part":"trunk","base":0,"height":3,"osmId":14014486190},"geometry":{"type":"Polygon","coordinates":[[[149.12636200203548,-35.2869772],[149.12636141227455,-35.28697540337765],[149.12635980101774,-35.28697408815881],[149.1263576,-35.2869736067553],[149.12635539898227,-35.28697408815881],[149.12635378772546,-35.28697540337765],[149.12635319796453,-35.2869772],[149.12635378772546,-35.28697899662235],[149.12635539898227,-35.2869803118412],[149.1263576,-35.2869807932447],[149.12635980101774,-35.2869803118412],[149.12636141227455,-35.28697899662235],[149.12636200203548,-35.2869772]]]}},{"type":"Feature","id":"14014486190:crown","properties":{"part":"crown","base":2.5,"height":5.5,"osmId":14014486190},"geometry":{"type":"Polygon","coordinates":[[[149.1263961178104,-35.2869772],[149.1263909574023,-35.28696147955444],[149.1263768589052,-35.28694997138957],[149.1263576,-35.286945759108875],[149.12633834109482,-35.28694997138957],[149.12632424259772,-35.28696147955444],[149.1263190821896,-35.2869772],[149.12632424259772,-35.28699292044556],[149.12633834109482,-35.28700442861044],[149.1263576,-35.28700864089113],[149.1263768589052,-35.28700442861044],[149.1263909574023,-35.28699292044556],[149.1263961178104,-35.2869772]]]}},{"type":"Feature","id":"14014486190:top","properties":{"part":"top","base":5.5,"height":7,"osmId":14014486190},"geometry":{"type":"Polygon","coordinates":[[[149.12638401221284,-35.2869772],[149.1263804736473,-35.286966420265905],[149.12637080610642,-35.28695852895285],[149.1263576,-35.2869556405318],[149.1263443938936,-35.28695852895285],[149.12633472635272,-35.286966420265905],[149.12633118778717,-35.2869772],[149.12633472635272,-35.2869879797341],[149.1263443938936,-35.286995871047154],[149.1263576,-35.286998759468204],[149.12637080610642,-35.286995871047154],[149.1263804736473,-35.2869879797341],[149.12638401221284,-35.2869772]]]}},{"type":"Feature","id":"14014486191:trunk","properties":{"part":"trunk","base":0,"height":3,"osmId":14014486191},"geometry":{"type":"Polygon","coordinates":[[[149.12640570203953,-35.2870519],[149.12640511227806,-35.28705010337765],[149.12640350101975,-35.287048788158806],[149.1264013,-35.2870483067553],[149.12639909898024,-35.287048788158806],[149.12639748772193,-35.28705010337765],[149.12639689796046,-35.2870519],[149.12639748772193,-35.28705369662235],[149.12639909898024,-35.2870550118412],[149.1264013,-35.2870554932447],[149.12640350101975,-35.2870550118412],[149.12640511227806,-35.28705369662235],[149.12640570203953,-35.2870519]]]}},{"type":"Feature","id":"14014486191:crown","properties":{"part":"crown","base":2.5,"height":5.5,"osmId":14014486191},"geometry":{"type":"Polygon","coordinates":[[[149.12643981784592,-35.2870519],[149.12643465743307,-35.28703617955444],[149.12642055892297,-35.28702467138957],[149.1264013,-35.287020459108874],[149.12638204107702,-35.28702467138957],[149.12636794256693,-35.28703617955444],[149.12636278215408,-35.2870519],[149.12636794256693,-35.28706762044556],[149.12638204107702,-35.287079128610436],[149.1264013,-35.28708334089113],[149.12642055892297,-35.287079128610436],[149.12643465743307,-35.28706762044556],[149.12643981784592,-35.2870519]]]}},{"type":"Feature","id":"14014486191:top","properties":{"part":"top","base":5.5,"height":7,"osmId":14014486191},"geometry":{"type":"Polygon","coordinates":[[[149.12642771223722,-35.2870519],[149.1264241736684,-35.287041120265904],[149.1264145061186,-35.28703322895285],[149.1264013,-35.2870303405318],[149.1263880938814,-35.28703322895285],[149.1263784263316,-35.287041120265904],[149.12637488776278,-35.2870519],[149.1263784263316,-35.2870626797341],[149.1263880938814,-35.28707057104715],[149.1264013,-35.2870734594682],[149.1264145061186,-35.28707057104715],[149.1264241736684,-35.2870626797341],[149.12642771223722,-35.2870519]]]}},{"type":"Feature","id":"14014486192:trunk","properties":{"part":"trunk","base":0,"height":3,"osmId":14014486192},"geometry":{"type":"Polygon","coordinates":[[[149.1263237020418,-35.2870933],[149.12632311228003,-35.28709150337765],[149.1263215010209,-35.28709018815881],[149.1263193,-35.2870897067553],[149.12631709897911,-35.28709018815881],[149.12631548771998,-35.28709150337765],[149.12631489795822,-35.2870933],[149.12631548771998,-35.28709509662235],[149.12631709897911,-35.2870964118412],[149.1263193,-35.2870968932447],[149.1263215010209,-35.2870964118412],[149.12632311228003,-35.28709509662235],[149.1263237020418,-35.2870933]]]}},{"type":"Feature","id":"14014486192:crown","properties":{"part":"crown","base":2.5,"height":5.5,"osmId":14014486192},"geometry":{"type":"Polygon","coordinates":[[[149.12635781786562,-35.2870933],[149.12635265745013,-35.28707757955444],[149.12633855893282,-35.28706607138957],[149.1263193,-35.287061859108874],[149.1263000410672,-35.28706607138957],[149.12628594254988,-35.28707757955444],[149.1262807821344,-35.2870933],[149.12628594254988,-35.28710902044556],[149.1263000410672,-35.28712052861044],[149.1263193,-35.28712474089113],[149.12633855893282,-35.28712052861044],[149.12635265745013,-35.28710902044556],[149.12635781786562,-35.2870933]]]}},{"type":"Feature","id":"14014486192:top","properties":{"part":"top","base":5.5,"height":7,"osmId":14014486192},"geometry":{"type":"Polygon","coordinates":[[[149.12634571225072,-35.2870933],[149.1263421736801,-35.287082520265905],[149.12633250612535,-35.28707462895285],[149.1263193,-35.2870717405318],[149.12630609387466,-35.28707462895285],[149.12629642631993,-35.287082520265905],[149.1262928877493,-35.2870933],[149.12629642631993,-35.2871040797341],[149.12630609387466,-35.28711197104715],[149.1263193,-35.287114859468204],[149.12633250612535,-35.28711197104715],[149.1263421736801,-35.2871040797341],[149.12634571225072,-35.2870933]]]}},{"type":"Feature","id":"14014491315:trunk","properties":{"part":"trunk","base":0,"height":3,"osmId":14014491315},"geometry":{"type":"Polygon","coordinates":[[[149.12658800200197,-35.2863609],[149.12658741224553,-35.28635910337765],[149.126585801001,-35.2863577881588],[149.1265836,-35.2863573067553],[149.126581398999,-35.2863577881588],[149.12657978775448,-35.28635910337765],[149.12657919799804,-35.2863609],[149.12657978775448,-35.28636269662235],[149.126581398999,-35.286364011841194],[149.1265836,-35.2863644932447],[149.126585801001,-35.286364011841194],[149.12658741224553,-35.28636269662235],[149.12658800200197,-35.2863609]]]}},{"type":"Feature","id":"14014491315:crown","properties":{"part":"crown","base":2.5,"height":5.5,"osmId":14014491315},"geometry":{"type":"Polygon","coordinates":[[[149.12662211751717,-35.2863609],[149.12661695714837,-35.28634517955444],[149.1266028587586,-35.28633367138956],[149.1265836,-35.28632945910887],[149.12656434124142,-35.28633367138956],[149.12655024285164,-35.28634517955444],[149.12654508248283,-35.2863609],[149.12655024285164,-35.28637662044556],[149.12656434124142,-35.28638812861043],[149.1265836,-35.286392340891126],[149.1266028587586,-35.28638812861043],[149.12661695714837,-35.28637662044556],[149.12662211751717,-35.2863609]]]}},{"type":"Feature","id":"14014491315:top","properties":{"part":"top","base":5.5,"height":7,"osmId":14014491315},"geometry":{"type":"Polygon","coordinates":[[[149.12661001201178,-35.2863609],[149.12660647347317,-35.2863501202659],[149.1265968060059,-35.28634222895285],[149.1265836,-35.286339340531796],[149.12657039399411,-35.28634222895285],[149.12656072652683,-35.2863501202659],[149.12655718798823,-35.2863609],[149.12656072652683,-35.286371679734096],[149.12657039399411,-35.28637957104715],[149.1265836,-35.2863824594682],[149.1265968060059,-35.28637957104715],[149.12660647347317,-35.286371679734096],[149.12661001201178,-35.2863609]]]}},{"type":"Feature","id":"14014491316:trunk","properties":{"part":"trunk","base":0,"height":3,"osmId":14014491316},"geometry":{"type":"Polygon","coordinates":[[[149.12650420200137,-35.2863498],[149.12650361224502,-35.286348003377654],[149.1265020010007,-35.28634668815881],[149.1264998,-35.286346206755304],[149.12649759899932,-35.28634668815881],[149.126495987755,-35.286348003377654],[149.12649539799864,-35.2863498],[149.126495987755,-35.28635159662235],[149.12649759899932,-35.2863529118412],[149.1264998,-35.2863533932447],[149.1265020010007,-35.2863529118412],[149.12650361224502,-35.28635159662235],[149.12650420200137,-35.2863498]]]}},{"type":"Feature","id":"14014491316:crown","properties":{"part":"crown","base":2.5,"height":5.5,"osmId":14014491316},"geometry":{"type":"Polygon","coordinates":[[[149.12653831751192,-35.2863498],[149.1265331571438,-35.28633407955444],[149.12651905875595,-35.28632257138957],[149.1264998,-35.286318359108876],[149.12648054124406,-35.28632257138957],[149.1264664428562,-35.28633407955444],[149.1264612824881,-35.2863498],[149.1264664428562,-35.286365520445564],[149.12648054124406,-35.28637702861044],[149.1264998,-35.28638124089113],[149.12651905875595,-35.28637702861044],[149.1265331571438,-35.286365520445564],[149.12653831751192,-35.2863498]]]}},{"type":"Feature","id":"14014491316:top","properties":{"part":"top","base":5.5,"height":7,"osmId":14014491316},"geometry":{"type":"Polygon","coordinates":[[[149.12652621200817,-35.2863498],[149.12652267347005,-35.286339020265906],[149.12651300600407,-35.28633112895285],[149.1264998,-35.2863282405318],[149.12648659399593,-35.28633112895285],[149.12647692652996,-35.286339020265906],[149.12647338799184,-35.2863498],[149.12647692652996,-35.2863605797341],[149.12648659399593,-35.286368471047155],[149.1264998,-35.286371359468205],[149.12651300600407,-35.286368471047155],[149.12652267347005,-35.2863605797341],[149.12652621200817,-35.2863498]]]}},{"type":"Feature","id":"14014491317:trunk","properties":{"part":"trunk","base":0,"height":3,"osmId":14014491317},"geometry":{"type":"Polygon","coordinates":[[[149.12639860200625,-35.2864399],[149.12639801224924,-35.28643810337765],[149.12639640100312,-35.2864367881588],[149.1263942,-35.2864363067553],[149.12639199899687,-35.2864367881588],[149.12639038775075,-35.28643810337765],[149.12638979799374,-35.2864399],[149.12639038775075,-35.28644169662235],[149.12639199899687,-35.28644301184119],[149.1263942,-35.2864434932447],[149.12639640100312,-35.28644301184119],[149.12639801224924,-35.28644169662235],[149.12639860200625,-35.2864399]]]}},{"type":"Feature","id":"14014491317:crown","properties":{"part":"crown","base":2.5,"height":5.5,"osmId":14014491317},"geometry":{"type":"Polygon","coordinates":[[[149.12643271755476,-35.2864399],[149.1264275571809,-35.28642417955444],[149.12641345877736,-35.28641267138956],[149.1263942,-35.28640845910887],[149.12637494122262,-35.28641267138956],[149.12636084281908,-35.28642417955444],[149.12635568244522,-35.2864399],[149.12636084281908,-35.28645562044556],[149.12637494122262,-35.28646712861043],[149.1263942,-35.286471340891126],[149.12641345877736,-35.28646712861043],[149.1264275571809,-35.28645562044556],[149.12643271755476,-35.2864399]]]}},{"type":"Feature","id":"14014491317:top","properties":{"part":"top","base":5.5,"height":7,"osmId":14014491317},"geometry":{"type":"Polygon","coordinates":[[[149.12642061203755,-35.2864399],[149.12641707349547,-35.2864291202659],[149.12640740601876,-35.28642122895285],[149.1263942,-35.286418340531796],[149.12638099398123,-35.28642122895285],[149.1263713265045,-35.2864291202659],[149.12636778796244,-35.2864399],[149.1263713265045,-35.286450679734095],[149.12638099398123,-35.28645857104715],[149.1263942,-35.2864614594682],[149.12640740601876,-35.28645857104715],[149.12641707349547,-35.286450679734095],[149.12642061203755,-35.2864399]]]}},{"type":"Feature","id":"14014491318:trunk","properties":{"part":"trunk","base":0,"height":3,"osmId":14014491318},"geometry":{"type":"Polygon","coordinates":[[[149.126396302009,-35.2864904],[149.12639571225162,-35.28648860337765],[149.12639410100448,-35.2864872881588],[149.1263919,-35.2864868067553],[149.1263896989955,-35.2864872881588],[149.12638808774835,-35.28648860337765],[149.12638749799098,-35.2864904],[149.12638808774835,-35.28649219662235],[149.1263896989955,-35.28649351184119],[149.1263919,-35.2864939932447],[149.12639410100448,-35.28649351184119],[149.12639571225162,-35.28649219662235],[149.126396302009,-35.2864904]]]}},{"type":"Feature","id":"14014491318:crown","properties":{"part":"crown","base":2.5,"height":5.5,"osmId":14014491318},"geometry":{"type":"Polygon","coordinates":[[[149.12643041757877,-35.2864904],[149.1264252572017,-35.28647467955444],[149.12641115878938,-35.28646317138956],[149.1263919,-35.28645895910887],[149.1263726412106,-35.28646317138956],[149.12635854279827,-35.28647467955444],[149.1263533824212,-35.2864904],[149.12635854279827,-35.28650612044556],[149.1263726412106,-35.28651762861043],[149.1263919,-35.286521840891126],[149.12641115878938,-35.28651762861043],[149.1264252572017,-35.28650612044556],[149.12643041757877,-35.2864904]]]}},{"type":"Feature","id":"14014491318:top","properties":{"part":"top","base":5.5,"height":7,"osmId":14014491318},"geometry":{"type":"Polygon","coordinates":[[[149.126418312054,-35.2864904],[149.12641477350974,-35.2864796202659],[149.126405106027,-35.28647172895285],[149.1263919,-35.286468840531796],[149.12637869397298,-35.28647172895285],[149.12636902649024,-35.2864796202659],[149.12636548794598,-35.2864904],[149.12636902649024,-35.286501179734096],[149.12637869397298,-35.28650907104715],[149.1263919,-35.2865119594682],[149.126405106027,-35.28650907104715],[149.12641477350974,-35.286501179734096],[149.126418312054,-35.2864904]]]}},{"type":"Feature","id":"14014491319:trunk","properties":{"part":"trunk","base":0,"height":3,"osmId":14014491319},"geometry":{"type":"Polygon","coordinates":[[[149.12643050201126,-35.2865318],[149.12642991225357,-35.28653000337765],[149.12642830100563,-35.2865286881588],[149.1264261,-35.2865282067553],[149.12642389899437,-35.2865286881588],[149.12642228774644,-35.28653000337765],[149.12642169798875,-35.2865318],[149.12642228774644,-35.28653359662235],[149.12642389899437,-35.286534911841194],[149.1264261,-35.2865353932447],[149.12642830100563,-35.286534911841194],[149.12642991225357,-35.28653359662235],[149.12643050201126,-35.2865318]]]}},{"type":"Feature","id":"14014491319:crown","properties":{"part":"crown","base":2.5,"height":5.5,"osmId":14014491319},"geometry":{"type":"Polygon","coordinates":[[[149.1264646175985,-35.2865318],[149.12645945721877,-35.28651607955444],[149.12644535879926,-35.286504571389564],[149.1264261,-35.28650035910887],[149.12640684120075,-35.286504571389564],[149.12639274278123,-35.28651607955444],[149.12638758240152,-35.2865318],[149.12639274278123,-35.28654752044556],[149.12640684120075,-35.286559028610434],[149.1264261,-35.28656324089113],[149.12644535879926,-35.286559028610434],[149.12645945721877,-35.28654752044556],[149.1264646175985,-35.2865318]]]}},{"type":"Feature","id":"14014491319:top","properties":{"part":"top","base":5.5,"height":7,"osmId":14014491319},"geometry":{"type":"Polygon","coordinates":[[[149.12645251206754,-35.2865318],[149.12644897352146,-35.2865210202659],[149.12643930603377,-35.28651312895285],[149.1264261,-35.2865102405318],[149.12641289396623,-35.28651312895285],[149.12640322647854,-35.2865210202659],[149.12639968793246,-35.2865318],[149.12640322647854,-35.286542579734096],[149.12641289396623,-35.28655047104715],[149.1264261,-35.2865533594682],[149.12643930603377,-35.28655047104715],[149.12644897352146,-35.286542579734096],[149.12645251206754,-35.2865318]]]}},{"type":"Feature","id":"14014491320:trunk","properties":{"part":"trunk","base":0,"height":3,"osmId":14014491320},"geometry":{"type":"Polygon","coordinates":[[[149.12643750201417,-35.2865853],[149.1264369122561,-35.28658350337765],[149.1264353010071,-35.2865821881588],[149.1264331,-35.2865817067553],[149.12643089899294,-35.2865821881588],[149.12642928774392,-35.28658350337765],[149.12642869798586,-35.2865853],[149.12642928774392,-35.28658709662235],[149.12643089899294,-35.286588411841194],[149.1264331,-35.2865888932447],[149.1264353010071,-35.286588411841194],[149.1264369122561,-35.28658709662235],[149.12643750201417,-35.2865853]]]}},{"type":"Feature","id":"14014491320:crown","properties":{"part":"crown","base":2.5,"height":5.5,"osmId":14014491320},"geometry":{"type":"Polygon","coordinates":[[[149.12647161762396,-35.2865853],[149.12646645724084,-35.28656957955444],[149.12645235881197,-35.286558071389564],[149.1264331,-35.28655385910887],[149.12641384118805,-35.286558071389564],[149.1263997427592,-35.28656957955444],[149.12639458237607,-35.2865853],[149.1263997427592,-35.28660102044556],[149.12641384118805,-35.28661252861043],[149.1264331,-35.28661674089113],[149.12645235881197,-35.28661252861043],[149.12646645724084,-35.28660102044556],[149.12647161762396,-35.2865853]]]}},{"type":"Feature","id":"14014491320:top","properties":{"part":"top","base":5.5,"height":7,"osmId":14014491320},"geometry":{"type":"Polygon","coordinates":[[[149.126459512085,-35.2865853],[149.12645597353657,-35.2865745202659],[149.1264463060425,-35.28656662895285],[149.1264331,-35.2865637405318],[149.12641989395752,-35.28656662895285],[149.12641022646346,-35.2865745202659],[149.12640668791502,-35.2865853],[149.12641022646346,-35.286596079734096],[149.12641989395752,-35.28660397104715],[149.1264331,-35.2866068594682],[149.1264463060425,-35.28660397104715],[149.12645597353657,-35.286596079734096],[149.126459512085,-35.2865853]]]}},{"type":"Feature","id":"14014491321:trunk","properties":{"part":"trunk","base":0,"height":3,"osmId":14014491321},"geometry":{"type":"Polygon","coordinates":[[[149.12622810201333,-35.2865699],[149.12622751225535,-35.286568103377654],[149.12622590100665,-35.28656678815881],[149.1262237,-35.286566306755304],[149.12622149899335,-35.28656678815881],[149.12621988774464,-35.286568103377654],[149.12621929798667,-35.2865699],[149.12621988774464,-35.28657169662235],[149.12622149899335,-35.2865730118412],[149.1262237,-35.2865734932447],[149.12622590100665,-35.2865730118412],[149.12622751225535,-35.28657169662235],[149.12622810201333,-35.2865699]]]}},{"type":"Feature","id":"14014491321:crown","properties":{"part":"crown","base":2.5,"height":5.5,"osmId":14014491321},"geometry":{"type":"Polygon","coordinates":[[[149.1262622176166,-35.2865699],[149.12625705723448,-35.28655417955444],[149.1262429588083,-35.28654267138957],[149.1262237,-35.286538459108876],[149.1262044411917,-35.28654267138957],[149.1261903427655,-35.28655417955444],[149.12618518238338,-35.2865699],[149.1261903427655,-35.286585620445564],[149.1262044411917,-35.28659712861044],[149.1262237,-35.28660134089113],[149.1262429588083,-35.28659712861044],[149.12625705723448,-35.286585620445564],[149.1262622176166,-35.2865699]]]}},{"type":"Feature","id":"14014491321:top","properties":{"part":"top","base":5.5,"height":7,"osmId":14014491321},"geometry":{"type":"Polygon","coordinates":[[[149.12625011207996,-35.2865699],[149.1262465735322,-35.286559120265906],[149.12623690603996,-35.28655122895285],[149.1262237,-35.2865483405318],[149.12621049396003,-35.28655122895285],[149.1262008264678,-35.286559120265906],[149.12619728792004,-35.2865699],[149.1262008264678,-35.2865806797341],[149.12621049396003,-35.286588571047155],[149.1262237,-35.286591459468205],[149.12623690603996,-35.286588571047155],[149.1262465735322,-35.2865806797341],[149.12625011207996,-35.2865699]]]}},{"type":"Feature","id":"14014491322:trunk","properties":{"part":"trunk","base":0,"height":3,"osmId":14014491322},"geometry":{"type":"Polygon","coordinates":[[[149.12621100201076,-35.2865227],[149.12621041225313,-35.28652090337765],[149.12620880100536,-35.286519588158804],[149.1262066,-35.2865191067553],[149.12620439899462,-35.286519588158804],[149.12620278774685,-35.28652090337765],[149.12620219798922,-35.2865227],[149.12620278774685,-35.28652449662235],[149.12620439899462,-35.286525811841194],[149.1262066,-35.2865262932447],[149.12620880100536,-35.286525811841194],[149.12621041225313,-35.28652449662235],[149.12621100201076,-35.2865227]]]}},{"type":"Feature","id":"14014491322:crown","properties":{"part":"crown","base":2.5,"height":5.5,"osmId":14014491322},"geometry":{"type":"Polygon","coordinates":[[[149.12624511759415,-35.2865227],[149.126239957215,-35.28650697955444],[149.12622585879706,-35.286495471389564],[149.1262066,-35.28649125910887],[149.12618734120292,-35.286495471389564],[149.12617324278497,-35.28650697955444],[149.12616808240583,-35.2865227],[149.12617324278497,-35.28653842044556],[149.12618734120292,-35.286549928610434],[149.1262066,-35.28655414089113],[149.12622585879706,-35.286549928610434],[149.126239957215,-35.28653842044556],[149.12624511759415,-35.2865227]]]}},{"type":"Feature","id":"14014491322:top","properties":{"part":"top","base":5.5,"height":7,"osmId":14014491322},"geometry":{"type":"Polygon","coordinates":[[[149.12623301206455,-35.2865227],[149.12622947351886,-35.2865119202659],[149.12621980603228,-35.28650402895285],[149.1262066,-35.2865011405318],[149.1261933939677,-35.28650402895285],[149.12618372648112,-35.2865119202659],[149.12618018793543,-35.2865227],[149.12618372648112,-35.286533479734096],[149.1261933939677,-35.28654137104715],[149.1262066,-35.2865442594682],[149.12621980603228,-35.28654137104715],[149.12622947351886,-35.286533479734096],[149.12623301206455,-35.2865227]]]}},{"type":"Feature","id":"14014491323:trunk","properties":{"part":"trunk","base":0,"height":3,"osmId":14014491323},"geometry":{"type":"Polygon","coordinates":[[[149.12615500200494,-35.2864158],[149.1261544122481,-35.28641400337765],[149.12615280100246,-35.286412688158805],[149.1261506,-35.2864122067553],[149.12614839899751,-35.286412688158805],[149.12614678775188,-35.28641400337765],[149.12614619799504,-35.2864158],[149.12614678775188,-35.28641759662235],[149.12614839899751,-35.286418911841196],[149.1261506,-35.2864193932447],[149.12615280100246,-35.286418911841196],[149.1261544122481,-35.28641759662235],[149.12615500200494,-35.2864158]]]}},{"type":"Feature","id":"14014491323:crown","properties":{"part":"crown","base":2.5,"height":5.5,"osmId":14014491323},"geometry":{"type":"Polygon","coordinates":[[[149.12618911754328,-35.2864158],[149.12618395717098,-35.28640007955444],[149.12616985877165,-35.286388571389566],[149.1261506,-35.28638435910887],[149.12613134122833,-35.286388571389566],[149.126117242829,-35.28640007955444],[149.1261120824567,-35.2864158],[149.126117242829,-35.28643152044556],[149.12613134122833,-35.286443028610435],[149.1261506,-35.28644724089113],[149.12616985877165,-35.286443028610435],[149.12618395717098,-35.28643152044556],[149.12618911754328,-35.2864158]]]}},{"type":"Feature","id":"14014491323:top","properties":{"part":"top","base":5.5,"height":7,"osmId":14014491323},"geometry":{"type":"Polygon","coordinates":[[[149.12617701202967,-35.2864158],[149.12617347348868,-35.2864050202659],[149.12616380601483,-35.28639712895285],[149.1261506,-35.2863942405318],[149.12613739398515,-35.28639712895285],[149.1261277265113,-35.2864050202659],[149.1261241879703,-35.2864158],[149.1261277265113,-35.2864265797341],[149.12613739398515,-35.28643447104715],[149.1261506,-35.2864373594682],[149.12616380601483,-35.28643447104715],[149.12617347348868,-35.2864265797341],[149.12617701202967,-35.2864158]]]}},{"type":"Feature","id":"14014491324:trunk","properties":{"part":"trunk","base":0,"height":3,"osmId":14014491324},"geometry":{"type":"Polygon","coordinates":[[[149.1260937019994,-35.2863137],[149.1260931122433,-35.28631190337765],[149.12609150099968,-35.286310588158806],[149.1260893,-35.2863101067553],[149.1260870990003,-35.286310588158806],[149.12608548775668,-35.28631190337765],[149.12608489800058,-35.2863137],[149.12608548775668,-35.28631549662235],[149.1260870990003,-35.286316811841196],[149.1260893,-35.2863172932447],[149.12609150099968,-35.286316811841196],[149.1260931122433,-35.28631549662235],[149.1260937019994,-35.2863137]]]}},{"type":"Feature","id":"14014491324:crown","properties":{"part":"crown","base":2.5,"height":5.5,"osmId":14014491324},"geometry":{"type":"Polygon","coordinates":[[[149.1261278174947,-35.2863137],[149.12612265712892,-35.28629797955444],[149.12610855874735,-35.286286471389566],[149.1260893,-35.28628225910887],[149.12607004125263,-35.286286471389566],[149.12605594287106,-35.28629797955444],[149.12605078250527,-35.2863137],[149.12605594287106,-35.28632942044556],[149.12607004125263,-35.286340928610436],[149.1260893,-35.28634514089113],[149.12610855874735,-35.286340928610436],[149.12612265712892,-35.28632942044556],[149.1261278174947,-35.2863137]]]}},{"type":"Feature","id":"14014491324:top","properties":{"part":"top","base":5.5,"height":7,"osmId":14014491324},"geometry":{"type":"Polygon","coordinates":[[[149.12611571199636,-35.2863137],[149.12611217345983,-35.2863029202659],[149.12610250599818,-35.28629502895285],[149.1260893,-35.2862921405318],[149.1260760940018,-35.28629502895285],[149.12606642654015,-35.2863029202659],[149.12606288800362,-35.2863137],[149.12606642654015,-35.2863244797341],[149.1260760940018,-35.28633237104715],[149.1260893,-35.2863352594682],[149.12610250599818,-35.28633237104715],[149.12611217345983,-35.2863244797341],[149.12611571199636,-35.2863137]]]}},{"type":"Feature","id":"14014491325:trunk","properties":{"part":"trunk","base":0,"height":3,"osmId":14014491325},"geometry":{"type":"Polygon","coordinates":[[[149.12625170199928,-35.2863118],[149.1262511122432,-35.28631000337765],[149.12624950099965,-35.286308688158805],[149.1262473,-35.2863082067553],[149.12624509900033,-35.286308688158805],[149.12624348775677,-35.28631000337765],[149.1262428980007,-35.2863118],[149.12624348775677,-35.28631359662235],[149.12624509900033,-35.286314911841195],[149.1262473,-35.2863153932447],[149.12624950099965,-35.286314911841195],[149.1262511122432,-35.28631359662235],[149.12625170199928,-35.2863118]]]}},{"type":"Feature","id":"14014491325:crown","properties":{"part":"crown","base":2.5,"height":5.5,"osmId":14014491325},"geometry":{"type":"Polygon","coordinates":[[[149.1262858174938,-35.2863118],[149.12628065712812,-35.28629607955444],[149.1262665587469,-35.286284571389565],[149.1262473,-35.28628035910887],[149.12622804125309,-35.286284571389565],[149.12621394287186,-35.28629607955444],[149.12620878250618,-35.2863118],[149.12621394287186,-35.28632752044556],[149.12622804125309,-35.286339028610435],[149.1262473,-35.28634324089113],[149.1262665587469,-35.286339028610435],[149.12628065712812,-35.28632752044556],[149.1262858174938,-35.2863118]]]}},{"type":"Feature","id":"14014491325:top","properties":{"part":"top","base":5.5,"height":7,"osmId":14014491325},"geometry":{"type":"Polygon","coordinates":[[[149.12627371199576,-35.2863118],[149.1262701734593,-35.2863010202659],[149.12626050599786,-35.28629312895285],[149.1262473,-35.2862902405318],[149.12623409400211,-35.28629312895285],[149.1262244265407,-35.2863010202659],[149.1262208880042,-35.2863118],[149.1262244265407,-35.2863225797341],[149.12623409400211,-35.28633047104715],[149.1262473,-35.2863333594682],[149.12626050599786,-35.28633047104715],[149.1262701734593,-35.2863225797341],[149.12627371199576,-35.2863118]]]}},{"type":"Feature","id":"14014491326:trunk","properties":{"part":"trunk","base":0,"height":3,"osmId":14014491326},"geometry":{"type":"Polygon","coordinates":[[[149.12588780200457,-35.2864091],[149.1258872122478,-35.28640730337765],[149.1258856010023,-35.286405988158805],[149.1258834,-35.2864055067553],[149.1258811989977,-35.286405988158805],[149.1258795877522,-35.28640730337765],[149.12587899799541,-35.2864091],[149.1258795877522,-35.28641089662235],[149.1258811989977,-35.286412211841196],[149.1258834,-35.2864126932447],[149.1258856010023,-35.286412211841196],[149.1258872122478,-35.28641089662235],[149.12588780200457,-35.2864091]]]}},{"type":"Feature","id":"14014491326:crown","properties":{"part":"crown","base":2.5,"height":5.5,"osmId":14014491326},"geometry":{"type":"Polygon","coordinates":[[[149.1259219175401,-35.2864091],[149.12591675716823,-35.28639337955444],[149.12590265877006,-35.286381871389565],[149.1258834,-35.28637765910887],[149.12586414122993,-35.286381871389565],[149.12585004283176,-35.28639337955444],[149.1258448824599,-35.2864091],[149.12585004283176,-35.28642482044556],[149.12586414122993,-35.286436328610435],[149.1258834,-35.28644054089113],[149.12590265877006,-35.286436328610435],[149.12591675716823,-35.28642482044556],[149.1259219175401,-35.2864091]]]}},{"type":"Feature","id":"14014491326:top","properties":{"part":"top","base":5.5,"height":7,"osmId":14014491326},"geometry":{"type":"Polygon","coordinates":[[[149.1259098120275,-35.2864091],[149.12590627348678,-35.2863983202659],[149.12589660601375,-35.28639042895285],[149.1258834,-35.2863875405318],[149.12587019398623,-35.28639042895285],[149.1258605265132,-35.2863983202659],[149.1258569879725,-35.2864091],[149.1258605265132,-35.2864198797341],[149.12587019398623,-35.28642777104715],[149.1258834,-35.2864306594682],[149.12589660601375,-35.28642777104715],[149.12590627348678,-35.2864198797341],[149.1259098120275,-35.2864091]]]}},{"type":"Feature","id":"14014491327:trunk","properties":{"part":"trunk","base":0,"height":3,"osmId":14014491327},"geometry":{"type":"Polygon","coordinates":[[[149.12592500200765,-35.2864654],[149.12592441225044,-35.28646360337765],[149.1259228010038,-35.2864622881588],[149.1259206,-35.2864618067553],[149.1259183989962,-35.2864622881588],[149.12591678774956,-35.28646360337765],[149.12591619799235,-35.2864654],[149.12591678774956,-35.28646719662235],[149.1259183989962,-35.28646851184119],[149.1259206,-35.286468993244696],[149.1259228010038,-35.28646851184119],[149.12592441225044,-35.28646719662235],[149.12592500200765,-35.2864654]]]}},{"type":"Feature","id":"14014491327:crown","properties":{"part":"crown","base":2.5,"height":5.5,"osmId":14014491327},"geometry":{"type":"Polygon","coordinates":[[[149.1259591175669,-35.2864654],[149.12595395719143,-35.28644967955444],[149.12593985878345,-35.28643817138956],[149.1259206,-35.28643395910887],[149.12590134121655,-35.28643817138956],[149.12588724280857,-35.28644967955444],[149.1258820824331,-35.2864654],[149.12588724280857,-35.28648112044556],[149.12590134121655,-35.28649262861043],[149.1259206,-35.286496840891125],[149.12593985878345,-35.28649262861043],[149.12595395719143,-35.28648112044556],[149.1259591175669,-35.2864654]]]}},{"type":"Feature","id":"14014491327:top","properties":{"part":"top","base":5.5,"height":7,"osmId":14014491327},"geometry":{"type":"Polygon","coordinates":[[[149.12594701204588,-35.2864654],[149.1259434735027,-35.2864546202659],[149.12593380602294,-35.286446728952846],[149.1259206,-35.286443840531796],[149.12590739397706,-35.286446728952846],[149.1258977264973,-35.2864546202659],[149.12589418795412,-35.2864654],[149.1258977264973,-35.286476179734095],[149.12590739397706,-35.28648407104715],[149.1259206,-35.2864869594682],[149.12593380602294,-35.28648407104715],[149.1259434735027,-35.286476179734095],[149.12594701204588,-35.2864654]]]}},{"type":"Feature","id":"14014491328:trunk","properties":{"part":"trunk","base":0,"height":3,"osmId":14014491328},"geometry":{"type":"Polygon","coordinates":[[[149.12599340201373,-35.2865771],[149.1259928122557,-35.28657530337765],[149.12599120100685,-35.28657398815881],[149.125989,-35.2865735067553],[149.12598679899315,-35.28657398815881],[149.1259851877443,-35.28657530337765],[149.12598459798627,-35.2865771],[149.1259851877443,-35.28657889662235],[149.12598679899315,-35.2865802118412],[149.125989,-35.2865806932447],[149.12599120100685,-35.2865802118412],[149.1259928122557,-35.28657889662235],[149.12599340201373,-35.2865771]]]}},{"type":"Feature","id":"14014491328:crown","properties":{"part":"crown","base":2.5,"height":5.5,"osmId":14014491328},"geometry":{"type":"Polygon","coordinates":[[[149.12602751762003,-35.2865771],[149.12602235723745,-35.28656137955444],[149.12600825881003,-35.28654987138957],[149.125989,-35.286545659108874],[149.12596974118998,-35.28654987138957],[149.12595564276256,-35.28656137955444],[149.12595048237998,-35.2865771],[149.12595564276256,-35.28659282044556],[149.12596974118998,-35.28660432861044],[149.125989,-35.28660854089113],[149.12600825881003,-35.28660432861044],[149.12602235723745,-35.28659282044556],[149.12602751762003,-35.2865771]]]}},{"type":"Feature","id":"14014491328:top","properties":{"part":"top","base":5.5,"height":7,"osmId":14014491328},"geometry":{"type":"Polygon","coordinates":[[[149.12601541208232,-35.2865771],[149.12601187353425,-35.286566320265905],[149.12600220604116,-35.28655842895285],[149.125989,-35.2865555405318],[149.12597579395884,-35.28655842895285],[149.12596612646576,-35.286566320265905],[149.12596258791768,-35.2865771],[149.12596612646576,-35.2865878797341],[149.12597579395884,-35.28659577104715],[149.125989,-35.286598659468204],[149.12600220604116,-35.28659577104715],[149.12601187353425,-35.2865878797341],[149.12601541208232,-35.2865771]]]}},{"type":"Feature","id":"14014491329:trunk","properties":{"part":"trunk","base":0,"height":3,"osmId":14014491329},"geometry":{"type":"Polygon","coordinates":[[[149.12563360201102,-35.2865275],[149.12563301225336,-35.28652570337765],[149.1256314010055,-35.2865243881588],[149.1256292,-35.2865239067553],[149.12562699899448,-35.2865243881588],[149.12562538774662,-35.28652570337765],[149.12562479798896,-35.2865275],[149.12562538774662,-35.28652929662235],[149.12562699899448,-35.286530611841194],[149.1256292,-35.2865310932447],[149.1256314010055,-35.286530611841194],[149.12563301225336,-35.28652929662235],[149.12563360201102,-35.2865275]]]}},{"type":"Feature","id":"14014491329:crown","properties":{"part":"crown","base":2.5,"height":5.5,"osmId":14014491329},"geometry":{"type":"Polygon","coordinates":[[[149.12566771759643,-35.2865275],[149.125662557217,-35.28651177955444],[149.12564845879822,-35.28650027138956],[149.1256292,-35.28649605910887],[149.12560994120176,-35.28650027138956],[149.12559584278299,-35.28651177955444],[149.12559068240355,-35.2865275],[149.12559584278299,-35.28654322044556],[149.12560994120176,-35.28655472861043],[149.1256292,-35.286558940891126],[149.12564845879822,-35.28655472861043],[149.125662557217,-35.28654322044556],[149.12566771759643,-35.2865275]]]}},{"type":"Feature","id":"14014491329:top","properties":{"part":"top","base":5.5,"height":7,"osmId":14014491329},"geometry":{"type":"Polygon","coordinates":[[[149.1256556120661,-35.2865275],[149.12565207352023,-35.2865167202659],[149.12564240603305,-35.28650882895285],[149.1256292,-35.2865059405318],[149.12561599396693,-35.28650882895285],[149.12560632647975,-35.2865167202659],[149.12560278793387,-35.2865275],[149.12560632647975,-35.286538279734096],[149.12561599396693,-35.28654617104715],[149.1256292,-35.2865490594682],[149.12564240603305,-35.28654617104715],[149.12565207352023,-35.286538279734096],[149.1256556120661,-35.2865275]]]}},{"type":"Feature","id":"14014491330:trunk","properties":{"part":"trunk","base":0,"height":3,"osmId":14014491330},"geometry":{"type":"Polygon","coordinates":[[[149.125759802009,-35.28649],[149.1257592122516,-35.28648820337765],[149.1257576010045,-35.286486888158805],[149.1257554,-35.2864864067553],[149.1257531989955,-35.286486888158805],[149.1257515877484,-35.28648820337765],[149.12575099799102,-35.28649],[149.1257515877484,-35.28649179662235],[149.1257531989955,-35.286493111841196],[149.1257554,-35.2864935932447],[149.1257576010045,-35.286493111841196],[149.1257592122516,-35.28649179662235],[149.125759802009,-35.28649]]]}},{"type":"Feature","id":"14014491330:crown","properties":{"part":"crown","base":2.5,"height":5.5,"osmId":14014491330},"geometry":{"type":"Polygon","coordinates":[[[149.1257939175786,-35.28649],[149.12578875720155,-35.28647427955444],[149.1257746587893,-35.286462771389566],[149.1257554,-35.28645855910887],[149.1257361412107,-35.286462771389566],[149.12572204279846,-35.28647427955444],[149.12571688242141,-35.28649],[149.12572204279846,-35.28650572044556],[149.1257361412107,-35.286517228610435],[149.1257554,-35.28652144089113],[149.1257746587893,-35.286517228610435],[149.12578875720155,-35.28650572044556],[149.1257939175786,-35.28649]]]}},{"type":"Feature","id":"14014491330:top","properties":{"part":"top","base":5.5,"height":7,"osmId":14014491330},"geometry":{"type":"Polygon","coordinates":[[[149.1257818120539,-35.28649],[149.12577827350964,-35.2864792202659],[149.12576860602695,-35.28647132895285],[149.1257554,-35.2864684405318],[149.12574219397305,-35.28647132895285],[149.12573252649037,-35.2864792202659],[149.1257289879461,-35.28649],[149.12573252649037,-35.2865007797341],[149.12574219397305,-35.28650867104715],[149.1257554,-35.2865115594682],[149.12576860602695,-35.28650867104715],[149.12577827350964,-35.2865007797341],[149.1257818120539,-35.28649]]]}},{"type":"Feature","id":"14014491331:trunk","properties":{"part":"trunk","base":0,"height":3,"osmId":14014491331},"geometry":{"type":"Polygon","coordinates":[[[149.1256224020001,-35.2863263],[149.1256218122439,-35.28632450337765],[149.12562020100003,-35.2863231881588],[149.125618,-35.2863227067553],[149.12561579899997,-35.2863231881588],[149.1256141877561,-35.28632450337765],[149.12561359799992,-35.2863263],[149.1256141877561,-35.28632809662235],[149.12561579899997,-35.286329411841194],[149.125618,-35.2863298932447],[149.12562020100003,-35.286329411841194],[149.1256218122439,-35.28632809662235],[149.1256224020001,-35.2863263]]]}},{"type":"Feature","id":"14014491331:crown","properties":{"part":"crown","base":2.5,"height":5.5,"osmId":14014491331},"geometry":{"type":"Polygon","coordinates":[[[149.12565651750072,-35.2863263],[149.1256513571341,-35.28631057955444],[149.12563725875037,-35.286299071389564],[149.125618,-35.28629485910887],[149.12559874124963,-35.286299071389564],[149.1255846428659,-35.28631057955444],[149.1255794824993,-35.2863263],[149.1255846428659,-35.28634202044556],[149.12559874124963,-35.286353528610434],[149.125618,-35.28635774089113],[149.12563725875037,-35.286353528610434],[149.1256513571341,-35.28634202044556],[149.12565651750072,-35.2863263]]]}},{"type":"Feature","id":"14014491331:top","properties":{"part":"top","base":5.5,"height":7,"osmId":14014491331},"geometry":{"type":"Polygon","coordinates":[[[149.1256444120005,-35.2863263],[149.1256408734634,-35.2863155202659],[149.12563120600024,-35.28630762895285],[149.125618,-35.2863047405318],[149.12560479399977,-35.28630762895285],[149.1255951265366,-35.2863155202659],[149.1255915879995,-35.2863263],[149.1255951265366,-35.286337079734096],[149.12560479399977,-35.28634497104715],[149.125618,-35.2863478594682],[149.12563120600024,-35.28634497104715],[149.1256408734634,-35.286337079734096],[149.1256444120005,-35.2863263]]]}},{"type":"Feature","id":"14014491332:trunk","properties":{"part":"trunk","base":0,"height":3,"osmId":14014491332},"geometry":{"type":"Polygon","coordinates":[[[149.12576800199773,-35.2862829],[149.12576741224186,-35.286281103377654],[149.12576580099886,-35.28627978815881],[149.1257636,-35.286279306755304],[149.12576139900114,-35.28627978815881],[149.12575978775814,-35.286281103377654],[149.12575919800227,-35.2862829],[149.12575978775814,-35.28628469662235],[149.12576139900114,-35.2862860118412],[149.1257636,-35.2862864932447],[149.12576580099886,-35.2862860118412],[149.12576741224186,-35.28628469662235],[149.12576800199773,-35.2862829]]]}},{"type":"Feature","id":"14014491332:crown","properties":{"part":"crown","base":2.5,"height":5.5,"osmId":14014491332},"geometry":{"type":"Polygon","coordinates":[[[149.12580211748008,-35.2862829],[149.12579695711622,-35.28626717955444],[149.12578285874002,-35.28625567138957],[149.1257636,-35.286251459108875],[149.12574434125997,-35.28625567138957],[149.12573024288378,-35.28626717955444],[149.12572508251992,-35.2862829],[149.12573024288378,-35.286298620445564],[149.12574434125997,-35.28631012861044],[149.1257636,-35.28631434089113],[149.12578285874002,-35.28631012861044],[149.12579695711622,-35.286298620445564],[149.12580211748008,-35.2862829]]]}},{"type":"Feature","id":"14014491332:top","properties":{"part":"top","base":5.5,"height":7,"osmId":14014491332},"geometry":{"type":"Polygon","coordinates":[[[149.12579001198634,-35.2862829],[149.12578647345114,-35.286272120265906],[149.12577680599315,-35.28626422895285],[149.1257636,-35.2862613405318],[149.12575039400684,-35.28626422895285],[149.12574072654886,-35.286272120265906],[149.12573718801366,-35.2862829],[149.12574072654886,-35.2862936797341],[149.12575039400684,-35.286301571047154],[149.1257636,-35.286304459468205],[149.12577680599315,-35.286301571047154],[149.12578647345114,-35.2862936797341],[149.12579001198634,-35.2862829]]]}},{"type":"Feature","id":"14014491333:trunk","properties":{"part":"trunk","base":0,"height":3,"osmId":14014491333},"geometry":{"type":"Polygon","coordinates":[[[149.12584240199837,-35.286295],[149.1258418122424,-35.28629320337765],[149.12584020099916,-35.28629188815881],[149.125838,-35.2862914067553],[149.1258357990008,-35.28629188815881],[149.12583418775756,-35.28629320337765],[149.1258335980016,-35.286295],[149.12583418775756,-35.28629679662235],[149.1258357990008,-35.2862981118412],[149.125838,-35.2862985932447],[149.12584020099916,-35.2862981118412],[149.1258418122424,-35.28629679662235],[149.12584240199837,-35.286295]]]}},{"type":"Feature","id":"14014491333:crown","properties":{"part":"crown","base":2.5,"height":5.5,"osmId":14014491333},"geometry":{"type":"Polygon","coordinates":[[[149.1258765174858,-35.286295],[149.1258713571212,-35.28627927955444],[149.1258572587429,-35.28626777138957],[149.125838,-35.286263559108875],[149.12581874125706,-35.28626777138957],[149.12580464287876,-35.28627927955444],[149.12579948251417,-35.286295],[149.12580464287876,-35.28631072044556],[149.12581874125706,-35.28632222861044],[149.125838,-35.28632644089113],[149.1258572587429,-35.28632222861044],[149.1258713571212,-35.28631072044556],[149.1258765174858,-35.286295]]]}},{"type":"Feature","id":"14014491333:top","properties":{"part":"top","base":5.5,"height":7,"osmId":14014491333},"geometry":{"type":"Polygon","coordinates":[[[149.12586441199028,-35.286295],[149.12586087345454,-35.286284220265905],[149.12585120599513,-35.28627632895285],[149.125838,-35.2862734405318],[149.12582479400484,-35.28627632895285],[149.12581512654543,-35.286284220265905],[149.1258115880097,-35.286295],[149.12581512654543,-35.2863057797341],[149.12582479400484,-35.286313671047154],[149.125838,-35.286316559468204],[149.12585120599513,-35.286313671047154],[149.12586087345454,-35.2863057797341],[149.12586441199028,-35.286295]]]}},{"type":"Feature","id":"14014491334:trunk","properties":{"part":"trunk","base":0,"height":3,"osmId":14014491334},"geometry":{"type":"Polygon","coordinates":[[[149.12587010200127,-35.2863484],[149.12586951224492,-35.28634660337765],[149.12586790100065,-35.286345288158806],[149.1258657,-35.2863448067553],[149.12586349899934,-35.286345288158806],[149.12586188775506,-35.28634660337765],[149.1258612979987,-35.2863484],[149.12586188775506,-35.28635019662235],[149.12586349899934,-35.2863515118412],[149.1258657,-35.2863519932447],[149.12586790100065,-35.2863515118412],[149.12586951224492,-35.28635019662235],[149.12587010200127,-35.2863484]]]}},{"type":"Feature","id":"14014491334:crown","properties":{"part":"crown","base":2.5,"height":5.5,"osmId":14014491334},"geometry":{"type":"Polygon","coordinates":[[[149.12590421751122,-35.2863484],[149.12589905714322,-35.28633267955444],[149.12588495875562,-35.28632117138957],[149.1258657,-35.28631695910887],[149.12584644124436,-35.28632117138957],[149.12583234285677,-35.28633267955444],[149.12582718248876,-35.2863484],[149.12583234285677,-35.28636412044556],[149.12584644124436,-35.286375628610436],[149.1258657,-35.28637984089113],[149.12588495875562,-35.286375628610436],[149.12589905714322,-35.28636412044556],[149.12590421751122,-35.2863484]]]}},{"type":"Feature","id":"14014491334:top","properties":{"part":"top","base":5.5,"height":7,"osmId":14014491334},"geometry":{"type":"Polygon","coordinates":[[[149.1258921120077,-35.2863484],[149.12588857346964,-35.286337620265904],[149.12587890600383,-35.28632972895285],[149.1258657,-35.2863268405318],[149.12585249399615,-35.28632972895285],[149.12584282653035,-35.286337620265904],[149.12583928799228,-35.2863484],[149.12584282653035,-35.2863591797341],[149.12585249399615,-35.28636707104715],[149.1258657,-35.2863699594682],[149.12587890600383,-35.28636707104715],[149.12588857346964,-35.2863591797341],[149.1258921120077,-35.2863484]]]}},{"type":"Feature","id":"14014491335:trunk","properties":{"part":"trunk","base":0,"height":3,"osmId":14014491335},"geometry":{"type":"Polygon","coordinates":[[[149.1254165020093,-35.2864957],[149.12541591225187,-35.286493903377654],[149.12541430100464,-35.28649258815881],[149.1254121,-35.286492106755304],[149.12540989899537,-35.28649258815881],[149.12540828774814,-35.286493903377654],[149.1254076979907,-35.2864957],[149.12540828774814,-35.28649749662235],[149.12540989899537,-35.2864988118412],[149.1254121,-35.2864992932447],[149.12541430100464,-35.2864988118412],[149.12541591225187,-35.28649749662235],[149.1254165020093,-35.2864957]]]}},{"type":"Feature","id":"14014491335:crown","properties":{"part":"crown","base":2.5,"height":5.5,"osmId":14014491335},"geometry":{"type":"Polygon","coordinates":[[[149.12545061758132,-35.2864957],[149.1254454572039,-35.28647997955444],[149.12543135879065,-35.28646847138957],[149.1254121,-35.286464259108875],[149.12539284120936,-35.28646847138957],[149.1253787427961,-35.28647997955444],[149.1253735824187,-35.2864957],[149.1253787427961,-35.286511420445564],[149.12539284120936,-35.28652292861044],[149.1254121,-35.28652714089113],[149.12543135879065,-35.28652292861044],[149.1254454572039,-35.286511420445564],[149.12545061758132,-35.2864957]]]}},{"type":"Feature","id":"14014491335:top","properties":{"part":"top","base":5.5,"height":7,"osmId":14014491335},"geometry":{"type":"Polygon","coordinates":[[[149.12543851205575,-35.2864957],[149.12543497351126,-35.286484920265906],[149.1254253060279,-35.28647702895285],[149.1254121,-35.2864741405318],[149.12539889397212,-35.28647702895285],[149.12538922648875,-35.286484920265906],[149.12538568794426,-35.2864957],[149.12538922648875,-35.2865064797341],[149.12539889397212,-35.286514371047154],[149.1254121,-35.286517259468205],[149.1254253060279,-35.286514371047154],[149.12543497351126,-35.2865064797341],[149.12543851205575,-35.2864957]]]}},{"type":"Feature","id":"14014491336:trunk","properties":{"part":"trunk","base":0,"height":3,"osmId":14014491336},"geometry":{"type":"Polygon","coordinates":[[[149.1255451020148,-35.2865973],[149.12554451225665,-35.28659550337765],[149.1255429010074,-35.2865941881588],[149.1255407,-35.2865937067553],[149.12553849899257,-35.2865941881588],[149.12553688774332,-35.28659550337765],[149.12553629798518,-35.2865973],[149.12553688774332,-35.286599096622346],[149.12553849899257,-35.28660041184119],[149.1255407,-35.286600893244696],[149.1255429010074,-35.28660041184119],[149.12554451225665,-35.286599096622346],[149.1255451020148,-35.2865973]]]}},{"type":"Feature","id":"14014491336:crown","properties":{"part":"crown","base":2.5,"height":5.5,"osmId":14014491336},"geometry":{"type":"Polygon","coordinates":[[[149.12557921762962,-35.2865973],[149.12557405724576,-35.286581579554436],[149.12555995881482,-35.28657007138956],[149.1255407,-35.28656585910887],[149.12552144118516,-35.28657007138956],[149.12550734275422,-35.286581579554436],[149.12550218237035,-35.2865973],[149.12550734275422,-35.28661302044556],[149.12552144118516,-35.28662452861043],[149.1255407,-35.286628740891125],[149.12555995881482,-35.28662452861043],[149.12557405724576,-35.28661302044556],[149.12557921762962,-35.2865973]]]}},{"type":"Feature","id":"14014491336:top","properties":{"part":"top","base":5.5,"height":7,"osmId":14014491336},"geometry":{"type":"Polygon","coordinates":[[[149.12556711208887,-35.2865973],[149.12556357353995,-35.2865865202659],[149.12555390604444,-35.286578628952846],[149.1255407,-35.286575740531795],[149.12552749395553,-35.286578628952846],[149.12551782646003,-35.2865865202659],[149.1255142879111,-35.2865973],[149.12551782646003,-35.286608079734094],[149.12552749395553,-35.28661597104715],[149.1255407,-35.2866188594682],[149.12555390604444,-35.28661597104715],[149.12556357353995,-35.286608079734094],[149.12556711208887,-35.2865973]]]}},{"type":"Feature","id":"14014491337:trunk","properties":{"part":"trunk","base":0,"height":3,"osmId":14014491337},"geometry":{"type":"Polygon","coordinates":[[[149.1252159020058,-35.2864317],[149.12521531224886,-35.28642990337765],[149.1252137010029,-35.286428588158806],[149.1252115,-35.2864281067553],[149.1252092989971,-35.286428588158806],[149.12520768775116,-35.28642990337765],[149.1252070979942,-35.2864317],[149.12520768775116,-35.28643349662235],[149.1252092989971,-35.2864348118412],[149.1252115,-35.2864352932447],[149.1252137010029,-35.2864348118412],[149.12521531224886,-35.28643349662235],[149.1252159020058,-35.2864317]]]}},{"type":"Feature","id":"14014491337:crown","properties":{"part":"crown","base":2.5,"height":5.5,"osmId":14014491337},"geometry":{"type":"Polygon","coordinates":[[[149.12525001755085,-35.2864317],[149.12524485717753,-35.28641597955444],[149.12523075877544,-35.28640447138957],[149.1252115,-35.28640025910887],[149.12519224122457,-35.28640447138957],[149.12517814282248,-35.28641597955444],[149.12517298244916,-35.2864317],[149.12517814282248,-35.28644742044556],[149.12519224122457,-35.286458928610436],[149.1252115,-35.28646314089113],[149.12523075877544,-35.286458928610436],[149.12524485717753,-35.28644742044556],[149.12525001755085,-35.2864317]]]}},{"type":"Feature","id":"14014491337:top","properties":{"part":"top","base":5.5,"height":7,"osmId":14014491337},"geometry":{"type":"Polygon","coordinates":[[[149.1252379120349,-35.2864317],[149.12523437349319,-35.286420920265904],[149.12522470601743,-35.28641302895285],[149.1252115,-35.2864101405318],[149.12519829398258,-35.28641302895285],[149.12518862650683,-35.286420920265904],[149.12518508796512,-35.2864317],[149.12518862650683,-35.2864424797341],[149.12519829398258,-35.28645037104715],[149.1252115,-35.2864532594682],[149.12522470601743,-35.28645037104715],[149.12523437349319,-35.2864424797341],[149.1252379120349,-35.2864317]]]}},{"type":"Feature","id":"14014491338:trunk","properties":{"part":"trunk","base":0,"height":3,"osmId":14014491338},"geometry":{"type":"Polygon","coordinates":[[[149.1253374019982,-35.2862916],[149.12533681224227,-35.28628980337765],[149.1253352009991,-35.2862884881588],[149.125333,-35.2862880067553],[149.12533079900092,-35.2862884881588],[149.12532918775776,-35.28628980337765],[149.12532859800183,-35.2862916],[149.12532918775776,-35.28629339662235],[149.12533079900092,-35.286294711841194],[149.125333,-35.2862951932447],[149.1253352009991,-35.286294711841194],[149.12533681224227,-35.28629339662235],[149.1253374019982,-35.2862916]]]}},{"type":"Feature","id":"14014491338:crown","properties":{"part":"crown","base":2.5,"height":5.5,"osmId":14014491338},"geometry":{"type":"Polygon","coordinates":[[[149.1253715174842,-35.2862916],[149.12536635711982,-35.28627587955444],[149.1253522587421,-35.286264371389564],[149.125333,-35.28626015910887],[149.1253137412579,-35.286264371389564],[149.1252996428802,-35.28627587955444],[149.1252944825158,-35.2862916],[149.1252996428802,-35.28630732044556],[149.1253137412579,-35.28631882861043],[149.125333,-35.286323040891126],[149.1253522587421,-35.28631882861043],[149.12536635711982,-35.28630732044556],[149.1253715174842,-35.2862916]]]}},{"type":"Feature","id":"14014491338:top","properties":{"part":"top","base":5.5,"height":7,"osmId":14014491338},"geometry":{"type":"Polygon","coordinates":[[[149.1253594119892,-35.2862916],[149.1253558734536,-35.2862808202659],[149.1253462059946,-35.28627292895285],[149.125333,-35.2862700405318],[149.12531979400543,-35.28627292895285],[149.12531012654642,-35.2862808202659],[149.12530658801083,-35.2862916],[149.12531012654642,-35.286302379734096],[149.12531979400543,-35.28631027104715],[149.125333,-35.2863131594682],[149.1253462059946,-35.28631027104715],[149.1253558734536,-35.286302379734096],[149.1253594119892,-35.2862916]]]}}]}